{"type":"FeatureCollection","crs":{"type":"name","properties":{"name":"EPSG:4326"}},"features":[{"type":"Feature","id":2,"geometry":{"type":"Polygon","coordinates":[[[80.21121364794757,21.633902688692004],[80.19278397058038,21.635459904995727],[80.18763726450116,21.628548377340028],[80.17029729926918,21.622918208825464],[80.15462737311725,21.606475316491586],[80.12134208072509,21.610884973904827],[80.1161152413293,21.59317675070475],[80.10111831142865,21.589850747045006],[80.07225933195339,21.556706384725413],[80.06235140125644,21.553310982628606],[80.03289088291747,21.55613236480072],[80.00053907844608,21.5336457075159],[79.9898786353238,21.53588303147145],[79.96965343411281,21.558349990873484],[79.93283094354275,21.554920141475776],[79.9221732914861,21.54167177679982],[79.91818827774915,21.52630177008389],[79.92777596084395,21.50536090216703],[79.92572030106352,21.490727426853553],[79.88985876530236,21.453779578122408],[79.879219827848,21.437477925712795],[79.88074443956505,21.42638818957052],[79.84929309375804,21.412757282824426],[79.79605253132134,21.375300311350536],[79.80006214003244,21.359268053848787],[79.81321545837379,21.355369545851747],[79.81334756911103,21.32093412928479],[79.82429126541543,21.319681097619817],[79.83020622060707,21.309217382086644],[79.83621084563038,21.30978879032649],[79.82759657068927,21.294375548145172],[79.83711233735734,21.28484197557203],[79.82630091438531,21.280288020759688],[79.82464692460609,21.27296400545566],[79.83108976848624,21.263532023453152],[79.86377416341179,21.257728739452855],[79.86221641913212,21.25088610009032],[79.84121375119557,21.25711210031811],[79.83967485267222,21.253832004120856],[79.84830014006042,21.249741212025693],[79.83146194140677,21.227270190253577],[79.86649527179848,21.23292003251276],[79.86205437922456,21.24532648333539],[79.86565945500362,21.24974757754898],[79.88902820185525,21.255807647802463],[79.88619116138958,21.253117858715424],[79.88692462683592,21.24979719647135],[79.90000053734923,21.251415203733277],[79.90623080390054,21.24648308543634],[79.9201054316858,21.25609236885538],[79.93709190176867,21.255292084175807],[79.96469374829262,21.23217997650384],[79.98914343612898,21.233551207619865],[80.00365918344768,21.216898860116792],[80.02232696556912,21.22886344716769],[80.02690669726182,21.221692098398627],[80.02505690170013,21.212990782656615],[80.03321780410386,21.214619933934575],[80.0494720591953,21.206789111666023],[80.05218561454708,21.201018504382752],[80.06344044324844,21.201318633421206],[80.0731825027231,21.186402888575966],[80.06711198537539,21.172487910255292],[80.07207862685082,21.165731628578946],[80.07053824341233,21.156131456733988],[80.08364411184205,21.147259775628914],[80.0710915193891,21.13383776939306],[80.06859906727651,21.114814476901707],[80.0599786406723,21.111861160643752],[80.05813484855165,21.10399438559984],[80.06182119850779,21.09911432735194],[80.07543318495509,21.09907197271989],[80.06991560222431,21.08172216046662],[80.08574629267609,21.075323702052707],[80.08019713595971,21.063079732595707],[80.07170443361926,21.059911989678092],[80.08020472672385,21.051336541131295],[80.07971001281878,21.045344655184543],[80.06597961673894,21.03314986939312],[80.07748196903033,21.02783098337168],[80.08458316033443,21.035248807962223],[80.09722169461062,21.032380460066292],[80.09533710999293,21.02803687185459],[80.09996897541313,21.023375523359498],[80.09404418726236,21.007838709963764],[80.10185072854108,20.99096611353057],[80.0822549391204,20.986571328832508],[80.07034749873817,20.956118879910925],[80.05796427285223,20.957946582932625],[80.06167677635952,20.948610795764942],[80.03744377564442,20.96571006154142],[80.03567900382774,20.95835957833918],[80.00268163855213,20.947949300103986],[79.9949594023662,20.95189545103088],[79.97636507368892,20.94718702988265],[79.97085749998705,20.95422131896445],[79.94005582298004,20.95696784599944],[79.9461025762952,20.932245411990102],[79.92228140462885,20.906210868167562],[79.93060118936194,20.902950140288855],[79.93773364024135,20.906653681918346],[79.9388548302424,20.895112899066103],[79.95644052512878,20.88800667708273],[79.9563101705979,20.865230803734327],[79.94900499794392,20.866260858614904],[79.93696607564512,20.879339004615577],[79.92143077461493,20.881265514080724],[79.9117870537144,20.87761599595754],[79.91341249054233,20.864280639357318],[79.90859197172594,20.853640886665243],[79.8875850978772,20.859064825020084],[79.87479243246119,20.841251621389343],[79.864396366222,20.835133522851528],[79.88516847615101,20.82659773845614],[79.90180855765693,20.829880826008814],[79.91412804178528,20.82522663440568],[79.91417330340086,20.820434018898233],[79.92210615409668,20.82005127624074],[79.9168936868471,20.81052326924965],[79.91845539179889,20.80036431100725],[79.9094263952338,20.793456429515622],[79.90596408510955,20.810512667075994],[79.89689058870022,20.81866992076508],[79.88652642792498,20.819255889365436],[79.88637680003966,20.81473753223311],[79.86076128940736,20.829164256984395],[79.85949317185674,20.818777349883852],[79.85488991059181,20.81657101181494],[79.85567310317902,20.81180560194416],[79.8629942739299,20.811360422118497],[79.86552382376877,20.800227183008566],[79.86783249584562,20.803817997083748],[79.869055250271,20.80328422779528],[79.86291040631664,20.782034936676858],[79.88306423098844,20.791955716392003],[79.87939847491023,20.773728469923178],[79.88820856731195,20.770585091270664],[79.89908174047662,20.775664129223657],[79.90036107079862,20.782771238910364],[79.93537135131848,20.787807653472093],[79.93552224313336,20.781995383919927],[79.92241310303937,20.766289645594345],[79.92308636878525,20.749570797263612],[79.91283464204929,20.74740837900946],[79.91145209799613,20.741229547117012],[79.9454922905356,20.742622408067422],[79.95633099444451,20.75290246233598],[79.97078972748874,20.74611330993048],[79.99447031191485,20.748976856510442],[79.99797144093748,20.76202402727427],[80.01337867544578,20.764541139107855],[80.01650462398833,20.758700029953783],[80.0078915545863,20.73595148119177],[79.991992603851,20.741194768021792],[79.99141108843497,20.72506967039308],[79.98630605969339,20.719584919587266],[79.98055475868186,20.720670796223583],[79.97868135898779,20.713280468955972],[79.97801245725753,20.69828886509386],[79.98261576972642,20.69700532387961],[79.98008721881418,20.691391668866387],[79.98479415195109,20.691075700668154],[79.98228271125002,20.67737966640664],[79.98766178364545,20.673730745293835],[79.9950467114253,20.6761431172112],[80.00548248140345,20.669265960367156],[80.01353875343278,20.674771399722363],[80.01607460854665,20.667336990296207],[80.02709923048172,20.682049304691613],[80.03122540368578,20.698119468961607],[80.05770769783742,20.712548283378396],[80.09285755319624,20.69136397526579],[80.11366865989005,20.695222852541217],[80.12091848554276,20.689190519436043],[80.13228807402167,20.690674412729262],[80.13740448621454,20.684591559948977],[80.14160496716059,20.691222296964824],[80.16218855574574,20.693948006605424],[80.17785768958359,20.677016105397954],[80.19525540750521,20.67589186441929],[80.20100079041565,20.666971265312984],[80.24224603747238,20.655387629464915],[80.25197951623947,20.66436627019331],[80.2501708877723,20.67826639462675],[80.27225636249447,20.679598940565004],[80.28123081694878,20.710742619478484],[80.29948142324893,20.711512691019085],[80.30856945709448,20.727854391453544],[80.311393946299,20.74118723068789],[80.32082917720525,20.752711548568293],[80.31652692971394,20.775725187683967],[80.32931191722923,20.79226724217293],[80.3214530176442,20.799102617530938],[80.33211571463951,20.82114851437467],[80.34048649403636,20.822062298924916],[80.35481598376572,20.80912582730991],[80.36667283462441,20.811764152546292],[80.3846342399969,20.805870558911263],[80.40385795621005,20.808483501770564],[80.41601514171597,20.82505519409456],[80.46003045174915,20.819071495512475],[80.52245574718017,20.834509077809937],[80.56149170098334,20.822844482745317],[80.55505849153458,20.846479840155602],[80.55613454568422,20.88909599956972],[80.54179439654568,20.923815151704],[80.54607625228005,20.934913602425766],[80.5190672740807,20.9298459298436],[80.46371176574978,20.929097863987057],[80.44536849553315,20.970529322041873],[80.44378765826245,20.993942112973272],[80.42427723574322,21.00840439862751],[80.4392454033851,21.021740397279498],[80.44013321826185,21.027985977062414],[80.4495141648738,21.030226781207567],[80.45265962931586,21.0387339336299],[80.45394674623475,21.05296839558652],[80.44719703965016,21.063164433022934],[80.44630730866687,21.084029571073923],[80.43916211428689,21.096465400979465],[80.44781772610413,21.112327263818322],[80.45813304188414,21.114774949981527],[80.44473376391969,21.121888740229416],[80.45876891256135,21.149959982585155],[80.4642767898938,21.174935917800774],[80.47862703519782,21.170592378346512],[80.50260268655033,21.185228230906315],[80.51500367123111,21.182938140633997],[80.51777497208599,21.19272189024139],[80.52964669724915,21.205243194303186],[80.55948721552974,21.202015184843578],[80.58760153744853,21.222007831316283],[80.61380251249088,21.226478218240814],[80.62313683923448,21.24000434461332],[80.64385636088846,21.251386116724916],[80.64965076486392,21.274702051489115],[80.65910068592001,21.281862984690004],[80.66126160040398,21.290980480525917],[80.66998827435008,21.291073309243135],[80.67958993343406,21.29875243817245],[80.68158574116204,21.313483090478286],[80.6631356900042,21.334395745311955],[80.6518766787469,21.327006813409685],[80.62136721651528,21.320270668860022],[80.611240661031,21.32760713314672],[80.60786725447545,21.323867672272197],[80.59989048155211,21.326806415078618],[80.58937986124958,21.333519846988803],[80.58949919974012,21.343619156108257],[80.56672691716915,21.345554495295577],[80.56544131930146,21.353895126822636],[80.57019496662978,21.357525086897173],[80.56388160321971,21.364978483882958],[80.54318925919637,21.37060847706639],[80.53920772553283,21.382714765508354],[80.53180710867655,21.38207402588562],[80.52764884495558,21.394774314970448],[80.5084410001769,21.390724505511475],[80.5009745969974,21.39851391760962],[80.48419531255502,21.395343803074002],[80.48109408025921,21.400949918817314],[80.47647037154178,21.394906019621175],[80.45756336177196,21.402692502499804],[80.44973880657689,21.387324222510074],[80.44863671026721,21.372061087387102],[80.41230289512687,21.376633782997374],[80.39611358643386,21.408024518700138],[80.4089508747633,21.418956282612903],[80.40467585969982,21.424944993890232],[80.42222754257293,21.440469245184925],[80.40913895413601,21.467295988942922],[80.39730028068712,21.47151307182885],[80.39050651443279,21.479334148150404],[80.39219130923972,21.48663255434865],[80.38406011502073,21.490022697700045],[80.3848624264521,21.499669229501396],[80.37605292334524,21.523873012702605],[80.3307761262266,21.547864050614237],[80.33932503345945,21.554830680268736],[80.32054115307066,21.576285244096464],[80.29824916285118,21.57556937016013],[80.29448290056402,21.592825030685336],[80.28082523119126,21.59626987782495],[80.26674212598813,21.61845792056567],[80.25237881019675,21.624977885835165],[80.24592395404461,21.62041243172183],[80.2215595756175,21.62090263896267],[80.21121364794757,21.633902688692004]]]},"properties":{"district_name":"Gondiya","state_name":"MAHARASHTRA","district_lgd":476,"state_lgd":27,"dtcode11":"507"}},{"type":"Feature","id":3,"geometry":{"type":"Polygon","coordinates":[[[79.73763943354608,21.603857435728003],[79.71816779399263,21.593058573060674],[79.69908103133446,21.59290093032808],[79.68955895130657,21.580956130837734],[79.67544236050288,21.582297549864883],[79.66094727174078,21.57689579580219],[79.65196954921551,21.555745266365882],[79.63950510305145,21.552726472034323],[79.6200895992201,21.557567311348638],[79.58138981925076,21.541295558187056],[79.5624907002824,21.547385652041697],[79.53986253263582,21.54294828194052],[79.53746377750231,21.536576413998738],[79.5264224073771,21.53965956816356],[79.5137774438584,21.534171329190833],[79.46869678669552,21.48383872198091],[79.46089061552271,21.470586748472837],[79.46070669175651,21.455043318021442],[79.44855369239978,21.435659215841053],[79.45768913124122,21.428158134539686],[79.47634023254618,21.42799513751586],[79.48753798948088,21.407670460547244],[79.4845105448025,21.399206583362055],[79.49977514750496,21.398206453568367],[79.51738288255687,21.366605289428318],[79.5230876993457,21.364195389298104],[79.52573963476057,21.3509504367757],[79.53370867498592,21.348403259209906],[79.54438336359196,21.331876152174704],[79.55489545623327,21.328655596059544],[79.55404344461047,21.3032516580787],[79.5665571975038,21.297244678731925],[79.57561536236616,21.276629852769663],[79.56628451030605,21.259328834276378],[79.56874434369234,21.24863252171543],[79.55986476390846,21.241257886012953],[79.56313016062751,21.226971277080747],[79.54951003634203,21.206663375381634],[79.56159163759996,21.190406298837164],[79.55069452702789,21.171232208420047],[79.55951614571302,21.16555221759098],[79.55728434157673,21.155871374408907],[79.53228743510357,21.158475403297736],[79.52475090044983,21.164102923487874],[79.53031702185037,21.175009566766487],[79.5274501141981,21.177821557399525],[79.52156617334164,21.180615980548488],[79.51369668621267,21.17590594399692],[79.50750409230943,21.182238032370808],[79.49805574061014,21.183196667674096],[79.4991035400491,21.16809999122448],[79.50862093266788,21.161203305007007],[79.50492329268526,21.14609266432458],[79.49366152809164,21.142792541581027],[79.49384516439694,21.137757048181275],[79.50976264288498,21.132755224002942],[79.5134863798249,21.12295974250005],[79.52741256372093,21.119248425788477],[79.52583760682208,21.113491738094986],[79.53157650569278,21.104078424107023],[79.5279675114624,21.099334541575512],[79.53218309398669,21.096561430338003],[79.51787836541982,21.090910714470894],[79.52884353415446,21.07748748695316],[79.5500099290347,21.088313762305443],[79.57199724035422,21.066098732058705],[79.57882182421265,21.066281304620833],[79.58837307972438,21.07719266772181],[79.59778459780208,21.072190227430696],[79.61599612559071,21.02578811175483],[79.63607042241041,20.99020562763248],[79.65139711936024,20.97639311720889],[79.65485285381662,20.964584693614402],[79.64466351777209,20.925581752221667],[79.63226901623271,20.913467840455905],[79.61046135629192,20.903760965329827],[79.6065234340388,20.87537414152728],[79.61061175133848,20.866625822859483],[79.59646260738556,20.86634460036549],[79.57868787282737,20.843955728985822],[79.56305447846312,20.84671160662265],[79.56365791636534,20.851365237248174],[79.55517625431972,20.856609475572924],[79.54826646884983,20.850430206836098],[79.53735925492578,20.851444511179828],[79.55739061047821,20.807434037545363],[79.54385770362369,20.792822355540398],[79.54434683360094,20.78588343822981],[79.53026505610781,20.77534949008527],[79.53461607672917,20.766257853266527],[79.53231213428232,20.747128884693673],[79.51801955992124,20.714320079885525],[79.53558322542193,20.70555498369409],[79.56519107106077,20.70730881940386],[79.56682645403548,20.696986496054805],[79.5895079861015,20.691456464006126],[79.60949067272853,20.69581910416527],[79.61924402133138,20.676048317968316],[79.66072145414297,20.66697896099098],[79.66325840789644,20.65437453250786],[79.6938321481799,20.641550577176794],[79.70035621503308,20.64553899549742],[79.69229503640565,20.673849195088547],[79.70944316101884,20.68742418174089],[79.73421410796037,20.68448103687635],[79.75141054935945,20.69025645988124],[79.75801842723203,20.706988929149976],[79.75093657306272,20.717533701222514],[79.75492809778883,20.734667448304503],[79.76897766169587,20.731965646492615],[79.78621676049454,20.721118713531034],[79.79262923323327,20.706142512816843],[79.8028198978861,20.697648034920988],[79.8410394007753,20.68194183722901],[79.88858404423607,20.68944110900131],[79.90675186269796,20.676680040616663],[79.92962125584607,20.6695027357126],[79.93331661231122,20.679717364770422],[79.96109476398946,20.694709554881214],[79.98228271125002,20.67737966640664],[79.98479415195109,20.691075700668154],[79.98008721881418,20.691391668866387],[79.98261576972642,20.69700532387961],[79.97797362398614,20.698479053375458],[79.9797421148281,20.719356670787167],[79.99141108843497,20.72506967039308],[79.991992603851,20.741194768021792],[80.0078915545863,20.73595148119177],[80.01650462398833,20.758700029953783],[80.01337867544578,20.764541139107855],[79.99797144093748,20.76202402727427],[79.99447031191485,20.748976856510442],[79.97078972748874,20.74611330993048],[79.95633099444451,20.75290246233598],[79.9454922905356,20.742622408067422],[79.91145209799613,20.741229547117012],[79.91283464204929,20.74740837900946],[79.92308636878525,20.749570797263612],[79.92241310303937,20.766289645594345],[79.93552224313336,20.781995383919927],[79.93537135131848,20.787807653472093],[79.90036107079862,20.782771238910364],[79.89908174047662,20.775664129223657],[79.88820856731195,20.770585091270664],[79.87939847491023,20.773728469923178],[79.8829095401982,20.792129892662047],[79.86291040631664,20.782034936676858],[79.869055250271,20.80328422779528],[79.86552382376877,20.800227183008566],[79.8629942739299,20.811360422118497],[79.85567310317902,20.81180560194416],[79.85777027231208,20.824932603228923],[79.86076128940736,20.829164256984395],[79.8680199284313,20.82673523456754],[79.88637680003966,20.81473753223311],[79.88652642792498,20.819255889365436],[79.89689058870022,20.81866992076508],[79.90596408510955,20.810512667075994],[79.9094263952338,20.793456429515622],[79.91845539179889,20.80036431100725],[79.9168936868471,20.81052326924965],[79.92210615409668,20.82005127624074],[79.91417330340086,20.820434018898233],[79.91412804178528,20.82522663440568],[79.90180855765693,20.829880826008814],[79.88516847615101,20.82659773845614],[79.864396366222,20.835133522851528],[79.87479243246119,20.841251621389343],[79.8875850978772,20.859064825020084],[79.90859197172594,20.853640886665243],[79.91341249054233,20.864280639357318],[79.9117870537144,20.87761599595754],[79.92143077461493,20.881265514080724],[79.93696607564512,20.879339004615577],[79.94900499794392,20.866260858614904],[79.9563101705979,20.865230803734327],[79.95644052512878,20.88800667708273],[79.9388548302424,20.895112899066103],[79.93773364024135,20.906653681918346],[79.93060118936194,20.902950140288855],[79.92228140462885,20.906210868167562],[79.9461025762952,20.932245411990102],[79.94005582298004,20.95696784599944],[79.97085749998705,20.95422131896445],[79.97636507368892,20.94718702988265],[79.9949594023662,20.95189545103088],[80.00268163855213,20.947949300103986],[80.03567900382774,20.95835957833918],[80.03744377564442,20.96571006154142],[80.06167677635952,20.948610795764942],[80.05796427285223,20.957946582932625],[80.07034749873817,20.956118879910925],[80.0822549391204,20.986571328832508],[80.10185072854108,20.99096611353057],[80.09404418726236,21.007838709963764],[80.09996897541313,21.023375523359498],[80.09533710999293,21.02803687185459],[80.09722169461062,21.032380460066292],[80.08458316033443,21.035248807962223],[80.07748196903033,21.02783098337168],[80.06597961673894,21.03314986939312],[80.07971001281878,21.045344655184543],[80.08020472672385,21.051336541131295],[80.07170443361926,21.059911989678092],[80.08019713595971,21.063079732595707],[80.08574629267609,21.075323702052707],[80.06991560222431,21.08172216046662],[80.07543318495509,21.09907197271989],[80.06182119850779,21.09911432735194],[80.05813484855165,21.10399438559984],[80.0599786406723,21.111861160643752],[80.06859906727651,21.114814476901707],[80.0710915193891,21.13383776939306],[80.08364411184205,21.147259775628914],[80.07053824341233,21.156131456733988],[80.07207862685082,21.165731628578946],[80.06711198537539,21.172487910255292],[80.0731825027231,21.186402888575966],[80.06344044324844,21.201318633421206],[80.05218561454708,21.201018504382752],[80.0494720591953,21.206789111666023],[80.03321780410386,21.214619933934575],[80.02505690170013,21.212990782656615],[80.02690669726182,21.221692098398627],[80.02232696556912,21.22886344716769],[80.00365918344768,21.216898860116792],[79.98914343612898,21.233551207619865],[79.96469374829262,21.23217997650384],[79.93709190176867,21.255292084175807],[79.9201054316858,21.25609236885538],[79.906209114078,21.246483071202977],[79.90000053734923,21.251415203733277],[79.88692462683592,21.24979719647135],[79.88902820185525,21.255807647802463],[79.8633689423703,21.248640996305898],[79.86649527179848,21.23292003251276],[79.85162558107136,21.23319854542545],[79.83474024242486,21.225516573793062],[79.82972232511298,21.229211542746363],[79.84830014006042,21.249741212025693],[79.83967485267222,21.253832004120856],[79.84121375119557,21.25711210031811],[79.86221641913212,21.25088610009032],[79.86377416341179,21.257728739452855],[79.83108976848624,21.263532023453152],[79.82464692460609,21.27296400545566],[79.82630091438531,21.280288020759688],[79.83711233735734,21.28484197557203],[79.82759657068927,21.294375548145172],[79.83621084563038,21.30978879032649],[79.83020622060707,21.309217382086644],[79.82429126541543,21.319681097619817],[79.81334756911103,21.32093412928479],[79.81321545837379,21.355369545851747],[79.80006214003244,21.359268053848787],[79.79605253132134,21.375300311350536],[79.84929309375804,21.412757282824426],[79.88027358132068,21.425847460107672],[79.879219827848,21.437477925712795],[79.88985876530236,21.453779578122408],[79.92572030106352,21.490727426853553],[79.92838770187434,21.50060981552394],[79.9222642638749,21.518437923679425],[79.91842992725552,21.524538554660342],[79.8969793368604,21.524224260706447],[79.88987131566518,21.518257673439084],[79.88221662290718,21.526055904515665],[79.8312109646928,21.546745691241487],[79.82151831974525,21.561545863918862],[79.79208138577575,21.58659138903569],[79.73763943354608,21.603857435728003]]]},"properties":{"district_name":"Bhandara","state_name":"MAHARASHTRA","district_lgd":471,"state_lgd":27,"dtcode11":"506"}},{"type":"Feature","id":4,"geometry":{"type":"Polygon","coordinates":[[[75.23334519156866,21.414809535592887],[75.22074929762407,21.40830071330433],[75.20059783102988,21.41306236958057],[75.18458225741115,21.409952734933828],[75.17406510994975,21.40137778569104],[75.15940038153279,21.402594305539953],[75.1510409262984,21.387763707414596],[75.13984787384081,21.3833604392118],[75.1349517051994,21.36131070077946],[75.14764427134334,21.35297058750665],[75.1483208222282,21.34807192657381],[75.14299791160599,21.34510588421499],[75.1291324080091,21.349853172257134],[75.12089379774001,21.3424971930926],[75.13981027215968,21.333093420196718],[75.1439902292964,21.32365608726068],[75.13806663410836,21.308236460080575],[75.13926410095847,21.29026869660674],[75.12705860405657,21.27981932740632],[75.12967659662843,21.27115120616065],[75.11460077757789,21.260200930339916],[75.10600060977997,21.238237767400342],[75.09939976571606,21.232693002639202],[75.06833596030914,21.22550240036683],[75.05765183849431,21.22002073948131],[75.05448745463403,21.211451514303672],[75.04282963091643,21.209681184987282],[75.03745977164255,21.19157190060661],[74.99894531321802,21.18769517905187],[74.98555264954898,21.199575101460436],[74.97297257493655,21.220262032294354],[74.94392913629916,21.225712313644465],[74.94696082102563,21.218164341847388],[74.95977682377445,21.210823173247295],[74.95067052897576,21.20008010275609],[74.96203948054914,21.198834154614957],[74.96368710576456,21.194113054037988],[74.94850052354117,21.177752196072785],[74.93637466049256,21.172371350022043],[74.93192706738492,21.164004628262152],[74.91222849632267,21.16366736245099],[74.89458432560286,21.149206700097842],[74.88479710602223,21.126981889631836],[74.88577791719213,21.11463407993459],[74.86919422832646,21.102063949907272],[74.87333797527243,21.08970156682858],[74.86850908954747,21.07711757452821],[74.84561103115864,21.07039886810676],[74.8392087183658,21.054593258819423],[74.85451937859119,21.051011230802004],[74.85833388310404,21.06029142618923],[74.86306446349252,21.053145625523157],[74.8895697401424,21.051335749718707],[74.892775498608,21.038638772435412],[74.91080000254442,21.030157813727893],[74.91830536296284,21.013193092478375],[74.91552669232938,20.99058899481285],[74.92761711684003,20.978929441171605],[74.9311428767694,20.968775877120937],[74.92872669611603,20.962020281889156],[74.9113363066505,20.96283305298753],[74.91296696718177,20.927493020526263],[74.93385276070663,20.926385442832853],[74.93370985401627,20.917393651882346],[74.9479743003292,20.913996546478575],[74.95364400017691,20.900743392169804],[74.96131951139164,20.901119187306676],[74.95890132929179,20.891166478919633],[74.96859612121287,20.87805529165556],[74.9641197344054,20.857187812815603],[74.9697875100618,20.846589560601807],[74.97951744497512,20.841281979930923],[74.98427200050016,20.82553971192355],[74.98154001441371,20.820663718771407],[74.96742617784471,20.819041461640683],[74.95933693135622,20.801278203081946],[74.98180260724263,20.77728876451356],[74.99134770570139,20.756055953792362],[74.98608949174593,20.733372302092807],[74.98169833709262,20.73560017946309],[74.97917884389337,20.729735241359577],[74.95833211001539,20.71943101731248],[74.94831945192597,20.721652716800364],[74.9562176294485,20.71491492797713],[74.94984028622726,20.70570997815757],[74.95566614740736,20.691164825572667],[74.94253087532174,20.682106518164982],[74.93269804827413,20.656276535377877],[74.89987057957158,20.65584405780535],[74.89095449405119,20.642653742672934],[74.87329100865442,20.642790563669173],[74.85443423087867,20.63475106167383],[74.84050307660416,20.636775776012172],[74.84018945048395,20.63118774071863],[74.83078402657716,20.633535023161294],[74.82373443809622,20.62754306098349],[74.81252145651406,20.632395653309917],[74.80972913957312,20.588483086026763],[74.80085453376095,20.58882296672737],[74.79279731580561,20.57815814246194],[74.79356712169846,20.552922722077252],[74.79861339433228,20.551482615599262],[74.79419848103633,20.537183956160625],[74.76072050181236,20.535822984012285],[74.75975390378687,20.529704594408745],[74.77116418594814,20.507171981920873],[74.77895159041631,20.509150311930668],[74.78278708496411,20.500519592715676],[74.77070314898477,20.472105573748582],[74.77504696691415,20.469705257715134],[74.792314789344,20.47785207655594],[74.79857360884665,20.46987465349433],[74.8017872158929,20.44553759227937],[74.81460805517119,20.439467729346116],[74.81689301891103,20.42956865334065],[74.83646508741828,20.41658931882651],[74.83781865182041,20.40775988591648],[74.828577583678,20.406840878685596],[74.82398612178434,20.398822940242855],[74.85087459727653,20.38086643447431],[74.84821385028704,20.370026452359635],[74.85441295338286,20.36406089959071],[74.85394068119021,20.350208368620578],[74.8589689201447,20.335385363459427],[74.86428837494796,20.33501097377901],[74.86467609501115,20.3218312982279],[74.86324928737064,20.313759854406207],[74.85506759435795,20.31360100540502],[74.85612640354906,20.293758996116733],[74.85144529877317,20.286224443142807],[74.86427341710021,20.276144145402217],[74.88395463989762,20.273416432463666],[74.88471997936686,20.26983455559763],[74.9137025769067,20.276398660780302],[74.93044293285622,20.270175154585903],[74.9456977852446,20.272496458379894],[74.94151334461628,20.280086154476635],[74.96752398731115,20.304538571709376],[74.98592543961213,20.30371139163193],[74.9864209772723,20.33029221393223],[74.99357634956446,20.335996882623885],[74.99894233889609,20.336856552733796],[75.01815899345277,20.32751568644337],[75.02625746114768,20.318395303734775],[75.05326882617074,20.30820903242456],[75.05893268607079,20.335493562893724],[75.09378659954409,20.33586864379638],[75.10098130726594,20.345752648374816],[75.12565951034091,20.35032375298384],[75.11605610583031,20.392409627346105],[75.1104329602739,20.393895390628394],[75.10548438661374,20.41239086500836],[75.11372783700558,20.41421784876493],[75.11773945794293,20.42312681196375],[75.1239920727819,20.423149494722086],[75.12442776647447,20.431758919076774],[75.16036310063288,20.437499514540935],[75.1567685225662,20.458927505478258],[75.15965440353555,20.476382556704486],[75.18648536439169,20.472457309184005],[75.19831564488089,20.475079919256718],[75.19721229362476,20.492079599871097],[75.20800272746023,20.493149607404643],[75.20499207858272,20.498860971096235],[75.22675210715218,20.49400242767253],[75.22264749890482,20.50048717095918],[75.22536701098527,20.516543612510564],[75.23721698613878,20.520766714715137],[75.2343267267807,20.535249836057293],[75.2440305180243,20.535916590178807],[75.2401634324229,20.55086239602569],[75.25053843406701,20.549894430041967],[75.24924080775763,20.560266560357604],[75.25787661172285,20.57638646431979],[75.26471142290082,20.566785588142906],[75.2908679205568,20.566076377227702],[75.29270989538563,20.573354902497655],[75.31617222153706,20.57510682929844],[75.31489534631073,20.588275049917637],[75.31921517293384,20.591623530210867],[75.35521762561703,20.588379811819706],[75.35823090565998,20.59596371985875],[75.36583618748408,20.57483370644928],[75.38897667960856,20.5774778609837],[75.39690820978092,20.520841488060288],[75.40732437851956,20.521751990706537],[75.41794003343838,20.51340560882403],[75.42903036713646,20.5124493817153],[75.42375817180195,20.529428007675833],[75.44645727491493,20.537313193975116],[75.4561481582662,20.51411879207882],[75.46076246431753,20.518283160869377],[75.45712788157628,20.551340250241157],[75.46288930121116,20.550268558308485],[75.46455461784782,20.542944644326557],[75.48009219341229,20.542635111835533],[75.49218389892053,20.52450673208911],[75.49422429542597,20.53800320130737],[75.5054587350653,20.540913163197178],[75.50474171238194,20.550198344927644],[75.5147173113726,20.550689043872108],[75.5151749931284,20.556327527809295],[75.52737246268494,20.555872764470724],[75.52044974057662,20.589409721838255],[75.53266744917651,20.59147466578194],[75.53550749450683,20.606623582479553],[75.55250279053735,20.598105781953976],[75.55694674726475,20.608643266880055],[75.59789618448833,20.600038089436524],[75.61199721018306,20.603556909603746],[75.6050847531235,20.62165305781373],[75.64613824849467,20.616893602204613],[75.65000226724767,20.62426032072673],[75.65938064737284,20.62437407737303],[75.65810574394855,20.64072506615227],[75.66187469758832,20.64199890709595],[75.65447003292333,20.651798719403082],[75.65727806409356,20.662054761892374],[75.66602197401501,20.668040490976523],[75.70374017834813,20.658893420948537],[75.69536653422385,20.620644002202944],[75.69896447827789,20.61515557453231],[75.71308786304006,20.6131523301051],[75.72276324955436,20.61983489547696],[75.73082470755786,20.60701823696988],[75.75409649025771,20.612494648423517],[75.75830764139269,20.609636132906935],[75.75922522104806,20.574612710167134],[75.77441400414395,20.574550737326945],[75.77664221142582,20.5810453142471],[75.78786268585574,20.582582323936336],[75.79160679478967,20.57982479265025],[75.7867046047409,20.562421876100224],[75.79772908294554,20.561446379902435],[75.80460532083116,20.566834935628915],[75.82484036039114,20.55538532890415],[75.84305415552757,20.562893835191886],[75.84520010138394,20.56570209086189],[75.82784159402615,20.570860588135954],[75.83312614299244,20.575352206659847],[75.83203814035122,20.59061272673964],[75.84125247013922,20.5927302184238],[75.83715646326074,20.613741908304927],[75.85358382640234,20.612088213238128],[75.85428453298519,20.62110517411283],[75.8675249699428,20.61879694895435],[75.86861592444802,20.59739391559873],[75.88700461887532,20.591729229963907],[75.88751243830204,20.56905042392372],[75.89675070459911,20.568586221516906],[75.90742982100119,20.574977576351486],[75.91658296204359,20.57177968177994],[75.93223103218463,20.57448745331572],[75.93534574370129,20.586921960195546],[75.93101350864914,20.59629257654506],[75.95320913568976,20.600977914726418],[75.95450693357739,20.620503556100005],[75.98633559336328,20.616581900792976],[75.98820340014645,20.62180381977669],[75.9967916158595,20.62293565172118],[75.99773946245173,20.62794697394814],[76.00637399709748,20.631476686349995],[76.00668399402392,20.649201417142148],[75.99526106178682,20.66224548561108],[76.0019397439718,20.686272497287792],[75.99595319035706,20.689498626427085],[75.99418644314504,20.69837238242161],[75.99746402371427,20.713100473004612],[76.01399802047335,20.719236792032046],[76.01619060146938,20.730936970281988],[76.01289029442181,20.73064592199268],[76.01296654971131,20.737869481970613],[75.99675256968736,20.740968050532977],[75.98352146263228,20.753546948877275],[75.98510910374293,20.761080389742947],[75.99341572546219,20.76406776491651],[75.99514195775656,20.77634347953023],[76.01222475778061,20.784015796441746],[76.04691615523922,20.78582854919482],[76.05551731657384,20.80181340957842],[76.04818841402329,20.81494142803592],[76.05655858166745,20.825145212330895],[76.073272938576,20.83186023113688],[76.07365721898995,20.846007678488277],[76.1097247465306,20.88157649503593],[76.11349140227986,20.892289450162863],[76.07768770814151,20.908462433591634],[76.08001767029056,20.927622559014477],[76.0871996183421,20.92702004626681],[76.08984903308426,20.943778186722906],[76.11152998834915,20.95068241625585],[76.11752384975874,20.977970005881996],[76.12210406294841,20.975400456356034],[76.13103840852361,20.979494502938493],[76.15712273912293,21.003367257901278],[76.16324975780707,21.03558979567672],[76.1958569443306,21.012635783440146],[76.22449092367496,21.00553175460753],[76.23698499987033,20.990605273187466],[76.26506291127404,20.980074375935562],[76.27671054001145,20.968185858279416],[76.27990084835251,20.957053354146247],[76.34544610505469,20.950708079010877],[76.36667400039595,20.977521753862767],[76.37998437389336,20.97704565557256],[76.38745536387071,21.014363189902436],[76.39802648211436,21.032667913277717],[76.38699084683391,21.05509427573183],[76.38390925350686,21.075672421104688],[76.27901079667069,21.069906850278162],[76.27189312038283,21.088753939158313],[76.25899381056952,21.090456068488177],[76.22235010450393,21.08483863301414],[76.19173770162895,21.08656426316964],[76.16662075238608,21.078945563782973],[76.17268865114471,21.09026481564985],[76.16984243977832,21.10360509687812],[76.15286017201433,21.10776804874041],[76.1354159393273,21.12068783242457],[76.12331088126066,21.145095173827507],[76.11226670839176,21.15530295597121],[76.11030263365119,21.166555120103823],[76.13218288465346,21.175845578214602],[76.13262318670343,21.169392840389904],[76.17170472192245,21.166479805748953],[76.17156441675316,21.179661941374736],[76.17636622096725,21.18395072616421],[76.16525499604892,21.190343664957727],[76.17188529407434,21.204942074111024],[76.1633137519913,21.20646151505684],[76.16306012434892,21.212648398735038],[76.15828282887071,21.213286113086053],[76.16526330995686,21.221169508570103],[76.14089248971085,21.22757484127823],[76.1404170653299,21.240950640869904],[76.15139650649775,21.243480742043836],[76.15917849861634,21.255329164899194],[76.14638116016421,21.268183021717977],[76.14277621643748,21.28565379714485],[76.12842118760459,21.286592880335906],[76.12034099074425,21.322834402810948],[76.09562065219089,21.371118382500566],[76.04779361882898,21.348961528869626],[76.02930945594484,21.36485338723388],[75.98656092317589,21.368737320096088],[75.96294676108022,21.389605111514122],[75.9105416102982,21.38243040619007],[75.90313576434862,21.39156226107359],[75.88551628292605,21.394558305670387],[75.87029178281452,21.391117175955888],[75.86245260574155,21.37996110094936],[75.84141581709554,21.384470723312035],[75.83319257071274,21.37662476536247],[75.80312325961415,21.384494327670566],[75.75517256147529,21.379336298813175],[75.75116641846458,21.384616932423256],[75.72850759131735,21.38863897951451],[75.7188036608349,21.384313936038133],[75.70327554722529,21.388029165142754],[75.67012739164443,21.37453401087607],[75.65776192724829,21.37872748795379],[75.62306286356706,21.374977545328775],[75.61649856925712,21.388091753347048],[75.60697718722017,21.391797921671007],[75.59924419011548,21.38560556259097],[75.58784023299212,21.389125674387227],[75.57146850970257,21.38169244974629],[75.57899162801755,21.37643832521789],[75.55720587439328,21.373174728892625],[75.55588293984742,21.378766376150868],[75.54376229151902,21.368481115723203],[75.52009232338298,21.38696910044495],[75.51204887210935,21.38204605803444],[75.49703821325622,21.38729736563732],[75.44931674631326,21.390145535961498],[75.4401346211282,21.384195556051925],[75.42586901958185,21.390711785848108],[75.40777699018386,21.387117506937088],[75.39790987174692,21.379611772167504],[75.3824258851807,21.379280988597685],[75.37540895495191,21.39023799997455],[75.35720095574572,21.400815937137647],[75.35160887303347,21.390574872281864],[75.31608507237807,21.38778737899443],[75.3074965979502,21.392356541143513],[75.29963807745425,21.38456389772893],[75.29622478210685,21.389749716220347],[75.30018845905914,21.391216270587055],[75.30113993843841,21.40988565665795],[75.2957659109816,21.413346754636166],[75.25383929447682,21.401792238424765],[75.23334519156866,21.414809535592887]]]},"properties":{"district_name":"Jalgaon","state_name":"MAHARASHTRA","district_lgd":478,"state_lgd":27,"dtcode11":"499"}},{"type":"Feature","id":6,"geometry":{"type":"Polygon","coordinates":[[[78.08599709409773,21.358901774370842],[78.07289794326971,21.353941092936754],[78.07941200558558,21.33093878096078],[78.06609566008817,21.301381235217196],[78.07890804981288,21.290802868206356],[78.08076437882167,21.282203620773775],[78.07442714807283,21.275492749759533],[78.06092375716358,21.277621200578583],[78.05280863111007,21.254911820153076],[78.05806464059978,21.239584960347543],[78.0716473877829,21.236988413667635],[78.0708736921849,21.221007097139296],[78.09656607075777,21.199226497959433],[78.09843496629905,21.18787386128046],[78.09207641044368,21.178346568941837],[78.14440937979599,21.13889493082042],[78.12790207557725,21.11495334562864],[78.1322295217106,21.10456844483353],[78.14526303892903,21.102205618836848],[78.15096635463298,21.076200266367483],[78.1454125536266,21.05872252346476],[78.15017520926058,21.048040734861686],[78.14313068458291,21.039125998049066],[78.13602783588709,21.03767206526873],[78.1453378641006,21.02437712825553],[78.1344859369907,21.00440330195827],[78.14771523843203,20.987331922979855],[78.14960735362678,20.96533706071782],[78.1422075784919,20.953740895726995],[78.16847673476597,20.941839612015425],[78.1680860628388,20.93134223493794],[78.17680108563569,20.923455090794423],[78.17386554939067,20.914850424476548],[78.18176107149318,20.904147385407196],[78.20553636440138,20.899304581690163],[78.2130184620472,20.9087264457298],[78.22234958270361,20.89990429879492],[78.25764772655963,20.88577726075609],[78.26083450811487,20.872241926383843],[78.27607665293525,20.861175321613633],[78.27909604062383,20.84287478522892],[78.29263109265524,20.84027604785269],[78.29208818772845,20.82702045127799],[78.30796599302028,20.834761753844813],[78.31761769904537,20.82075348521704],[78.30983730413134,20.812049929967102],[78.2958672204657,20.81158993429285],[78.2929314084379,20.80020294229449],[78.29295720176465,20.774687941380144],[78.30664307194913,20.764150665543728],[78.30553811989513,20.743030469805802],[78.3120525675883,20.737305178283485],[78.29878811776484,20.714247814658734],[78.29992738456436,20.702989848651157],[78.29433033596523,20.697684618134645],[78.29071165699777,20.703036039485063],[78.29502764152642,20.707984413119945],[78.29069707734071,20.709149016585158],[78.28469181361521,20.70012324749017],[78.27769877138647,20.698940300879155],[78.27678114501872,20.687739705413392],[78.2661035907869,20.679587188738473],[78.27056907474177,20.666936273339232],[78.24882328446954,20.64540543187715],[78.26266640654116,20.578283116249118],[78.27504105261784,20.570851902744288],[78.27860835244259,20.56000243172852],[78.29460050518523,20.561128936575546],[78.29744742083084,20.55523927717432],[78.34111001455423,20.541598647986888],[78.3535892577676,20.529465799830042],[78.36824040814906,20.533295300585504],[78.38157780386852,20.52765248687155],[78.385166272493,20.519211916898783],[78.40998653424866,20.511839383759966],[78.43342798894277,20.51931363851256],[78.45031189567469,20.512723417003734],[78.47232862861638,20.527815042990863],[78.49933806136328,20.52210760590407],[78.50878050304634,20.52490546458225],[78.52156855740998,20.50098987569832],[78.52089058988193,20.492303338279072],[78.53532584815115,20.479898002781688],[78.53483128067147,20.465387052290662],[78.56230835749065,20.44011609020137],[78.57913970828689,20.43270750386405],[78.60581009708264,20.431027731479567],[78.61205861470559,20.44498386630261],[78.61990414735918,20.434608008717802],[78.64748730443361,20.434986473305283],[78.64626925807865,20.41857405607118],[78.65910156435152,20.41210031673532],[78.6625701698693,20.396563052105552],[78.68935575682043,20.370367151717478],[78.68952520962571,20.358504253139806],[78.70839296122101,20.349371431024647],[78.70745660947112,20.31049004699141],[78.73064610110107,20.30532514941752],[78.73316941932681,20.295863508760952],[78.73893614171682,20.293484339308005],[78.74862899058192,20.29845358396587],[78.76814813843748,20.295444414934956],[78.77656263075437,20.30118102904088],[78.78893053766976,20.29722658312654],[78.79867582389295,20.300250593047707],[78.80541866285719,20.311145250898825],[78.8316687191517,20.32182223399123],[78.83149263138971,20.335112123183308],[78.8195714925977,20.349997544061964],[78.82628620531041,20.36267978184745],[78.81981081995909,20.370416880716096],[78.81692477190307,20.39689646012832],[78.82186097666006,20.404587485937],[78.84851920047022,20.41045859633831],[78.85184318710871,20.415747956981885],[78.83382432818556,20.42607379654732],[78.84150293499475,20.433819056752725],[78.85708853629096,20.421425863271164],[78.89899809468683,20.437235713817724],[78.91115283228362,20.430935541172584],[78.95352103902253,20.428013330245804],[78.96766049644175,20.448717085264338],[78.96733425078843,20.460162028456363],[78.98127844231264,20.45834088705035],[78.9874704244632,20.465599509057448],[79.00161355419532,20.450793317033728],[79.02319605141012,20.48261035524001],[79.04532523635737,20.477811036755273],[79.05186567141337,20.466076074877844],[79.06231814197093,20.46889666970244],[79.10199429992429,20.462288095229077],[79.10155887303135,20.457208403469444],[79.11853338024957,20.45062249625358],[79.13237176999624,20.45722390014327],[79.13999381168863,20.48224520646023],[79.15820308829919,20.478272038973216],[79.16981738594629,20.513893507992208],[79.18201286663279,20.513408995271078],[79.19191299276656,20.537058387652916],[79.21708675685794,20.552362417650055],[79.22223821861824,20.56985637545575],[79.21956058599638,20.59054314074289],[79.20523249853716,20.60133992363998],[79.19233006887488,20.602634724685732],[79.18876947227876,20.598961979139094],[79.18406057183138,20.621378640340353],[79.17854794600434,20.61948345441491],[79.16857187809309,20.626945032256774],[79.16948883072439,20.64563373812117],[79.14754856417633,20.65333826151965],[79.14261642968589,20.678691587286394],[79.10464736811473,20.687728181122967],[79.10909969893719,20.702237652607483],[79.10284126571015,20.715709186371562],[79.09039534640053,20.711093515049388],[79.07311467536715,20.719500685481226],[79.07230093556873,20.726333769139366],[79.05197169327816,20.729042776720867],[79.05059919418647,20.737668366198555],[79.0362756575925,20.741809673579205],[79.03475335544404,20.738286182790624],[79.01571920531543,20.73941759509587],[79.01203549550794,20.747713871795455],[78.99671784189806,20.74405203571006],[78.99651928637248,20.75680959106498],[78.97544634951946,20.754923848602363],[78.95865336487068,20.75952128696447],[78.95377926064926,20.767621293784924],[78.94198112188094,20.767723377710624],[78.94554157294996,20.793404061809884],[78.92493238058258,20.79783713700948],[78.9126300443947,20.808162128463813],[78.91703998371891,20.81916752426213],[78.91267355878706,20.819322036160226],[78.91269696978168,20.83591272968374],[78.8833422738815,20.843336567584295],[78.87773548754468,20.829695198351175],[78.86084176222671,20.8410191715232],[78.85980319297727,20.873647011474315],[78.84699640873995,20.87844607444372],[78.8505824860491,20.88543796660817],[78.82968243805729,20.894926695650422],[78.82297438994571,20.891882911968263],[78.81698366455477,20.88023577104995],[78.78561526828278,20.88991839909757],[78.77288252678443,20.90389120658559],[78.77533936339094,20.90992867715274],[78.78259884233971,20.910671261692393],[78.7526218232551,20.922021735799834],[78.73933428583051,20.939694133024314],[78.74791901697859,20.944569732219648],[78.73310190823828,20.946451179352973],[78.73164998549906,20.95973357900098],[78.72377651074854,20.969244116824093],[78.7250806417589,20.990545834340747],[78.72884527809539,20.992550042673006],[78.72623018259031,21.004642775277404],[78.71565013419442,21.004963344627498],[78.710590719208,21.014285571112065],[78.69109222721409,21.018882074985047],[78.67589843331557,21.03643576947161],[78.65153469898054,21.03414461877362],[78.64925281556381,21.05275748881142],[78.6427442644122,21.058579651172966],[78.62956317195889,21.05857401514758],[78.62452393942196,21.067340418055544],[78.61401316191424,21.06445005801781],[78.60707540290642,21.07078374075245],[78.60996053737574,21.0886415759049],[78.59729750065188,21.088771249466742],[78.59919429786585,21.108551867883993],[78.58412159417271,21.116627406057578],[78.55512455980795,21.116392655670893],[78.54516203310126,21.132899254157014],[78.53052743597556,21.138920608080923],[78.52821279279705,21.150448512061566],[78.51891531314973,21.161839355598723],[78.51992343849419,21.17419203622867],[78.49181534549356,21.199532216082368],[78.4772907255148,21.22008398799286],[78.47155234407373,21.21587997599485],[78.44537245249109,21.236526619275043],[78.43015694990545,21.226155156158992],[78.4169049606133,21.22836863117287],[78.41184533542108,21.239201083874992],[78.37361299380983,21.24207106152134],[78.35734859673887,21.251736659082336],[78.33069577180356,21.25008205472668],[78.32433760042716,21.255256685392037],[78.32490003832146,21.271186413609147],[78.31079623323924,21.267993097759184],[78.30390639665686,21.275122900298737],[78.31270442468431,21.294350215970145],[78.2942742999561,21.29340072831825],[78.25724496241043,21.32987054362663],[78.25388840465634,21.32486289471951],[78.24935379623871,21.331054236777327],[78.23280216016067,21.32712698265535],[78.21384461296962,21.33274794677077],[78.15687684250273,21.331144144091777],[78.15146910396828,21.333831614759138],[78.1496707270751,21.342218472107046],[78.08599709409773,21.358901774370842]]]},"properties":{"district_name":"Wardha","state_name":"MAHARASHTRA","district_lgd":498,"state_lgd":27,"dtcode11":"504"}},{"type":"Feature","id":7,"geometry":{"type":"Polygon","coordinates":[[[76.68825488479364,21.288220165814703],[76.66262859797115,21.280434539652116],[76.66141324835863,21.240620844351213],[76.64943252611049,21.24459486897901],[76.64157035755613,21.23703914548483],[76.63453385393562,21.21899662633325],[76.63694014593439,21.202602799458244],[76.62318526088158,21.18491704210026],[76.61355987998589,21.19309430081765],[76.59921084561086,21.19062141644447],[76.56546000671261,21.199336939841263],[76.52980025322546,21.181782725812926],[76.50784604931577,21.192881324265816],[76.5024118562945,21.187314622683964],[76.50158584461097,21.193341534045317],[76.49008099410479,21.192001797925958],[76.48012282063402,21.18200812103637],[76.478169386438,21.147218613556603],[76.46597423094161,21.14248023130536],[76.47382280349414,21.136797976115275],[76.45754549942916,21.133095303493853],[76.45123089814064,21.12030270277322],[76.45564880462311,21.107623679915164],[76.44041768123297,21.106101407369017],[76.43725925589798,21.100134017108363],[76.41027833837315,21.102150114863583],[76.41243686872832,21.088328654595866],[76.38951328560898,21.085674355166592],[76.38130419937004,21.078743663483138],[76.38722386622533,21.071947986659193],[76.38661101667392,21.05635492695046],[76.39800694106201,21.032356118514407],[76.38745536387071,21.014363189902436],[76.37998437389336,20.97704565557256],[76.36667400039595,20.977521753862767],[76.3514918836978,20.961773240791278],[76.35246182165955,20.95669287401741],[76.34610577390043,20.956238072706007],[76.34567203943351,20.95079171321943],[76.27990084835251,20.957053354146247],[76.27671054001145,20.968185858279416],[76.26506291127404,20.980074375935562],[76.23698499987033,20.990605273187466],[76.22449092367496,21.00553175460753],[76.1958569443306,21.012635783440146],[76.16324975780707,21.03558979567672],[76.15712273912293,21.003367257901278],[76.13103840852361,20.979494502938493],[76.12210406294841,20.975400456356034],[76.11752384975874,20.977970005881996],[76.11152998834915,20.95068241625585],[76.08984903308426,20.943778186722906],[76.0871996183421,20.92702004626681],[76.08001767029056,20.927622559014477],[76.07768770814151,20.908462433591634],[76.11349140227986,20.892289450162863],[76.1097247465306,20.88157649503593],[76.07365721898995,20.846007678488277],[76.073272938576,20.83186023113688],[76.05655858166745,20.825145212330895],[76.04818841402329,20.81494142803592],[76.05551731657384,20.80181340957842],[76.04691615523922,20.78582854919482],[76.01222475778061,20.784015796441746],[75.99514195775656,20.77634347953023],[75.99341572546219,20.76406776491651],[75.98510910374293,20.761080389742947],[75.98352146263228,20.753546948877275],[75.99675256968736,20.740968050532977],[76.01296654971131,20.737869481970613],[76.01289029442181,20.73064592199268],[76.01619060146938,20.730936970281988],[76.01399802047335,20.719236792032046],[75.99746402371427,20.713100473004612],[75.99413808862992,20.69702179370761],[76.0019397439718,20.686272497287792],[75.99526106178682,20.66224548561108],[76.00943066037875,20.643584703563377],[76.02188560236708,20.645446010562832],[76.03172496645504,20.63717727023912],[76.03054407981008,20.623112644626584],[76.03947793221016,20.60573532908074],[76.03657218679493,20.58759796624982],[76.04251518828808,20.579179466002596],[76.0365001976047,20.571776241117345],[76.03627714052975,20.55587767997455],[76.01562985330611,20.551219053016478],[76.01893980825984,20.529685431261036],[76.00916984621412,20.53281870568167],[76.0087101109096,20.538333257075998],[76.00094154590955,20.5295365695529],[75.99241751482354,20.535667716414316],[75.99007082873882,20.53054370809174],[75.97284556219893,20.5315804336164],[75.96970945371055,20.521982692178575],[75.95992911253005,20.526129930524434],[75.94867176944419,20.51819086395781],[75.94059988379689,20.50196491604738],[75.94845569856724,20.472755930250262],[75.95469047825453,20.472897561608534],[75.95163200486793,20.465015943420845],[75.9556283921747,20.465159504176672],[75.95500859864609,20.450655558979374],[75.9439435722862,20.44276646015288],[75.93959343650539,20.428024634225032],[75.94907122599653,20.39284976037962],[75.96070437299326,20.38384451500708],[75.96660663139671,20.36961804162898],[75.95980597596245,20.37224812218097],[75.95872604737905,20.366052792071653],[75.94139983265909,20.369570426988776],[75.94097929085041,20.341395721266892],[75.93353423164204,20.33843152346598],[75.92992588240205,20.32739525609882],[75.92190164429573,20.320747762689365],[75.9225984009863,20.312331445932394],[75.92985466935623,20.30108689244683],[75.94850490738017,20.298757729670836],[75.9678991867163,20.315280362609105],[75.97624423926173,20.313864785961822],[75.97482260591727,20.308120213597725],[75.99307047505073,20.310292467413444],[76.03137656295694,20.305389124800534],[76.04674341998988,20.337146451814604],[76.07172462301357,20.349097345429023],[76.08565599378204,20.36645140615072],[76.08672806120842,20.360873647867002],[76.09295957192641,20.359375380749242],[76.08892862732898,20.35304915078371],[76.0923040371276,20.347839881615624],[76.0967268349368,20.347224168517716],[76.09782470736803,20.353405296192957],[76.10815914738208,20.3536031087313],[76.11207398472904,20.345665521329085],[76.11924245086477,20.34742291461719],[76.12361169291336,20.34139338642632],[76.12619511202486,20.34432695271009],[76.12669341919107,20.315526356491787],[76.13448572217249,20.318708266608738],[76.14733416578115,20.3100488418072],[76.14080025069748,20.300458093445055],[76.15758687437572,20.302082250515305],[76.16826246758524,20.294726976315488],[76.1717906008636,20.30224653961256],[76.19351164793966,20.299762899544827],[76.17875154089738,20.26518453070275],[76.16951420435664,20.25755324061618],[76.16634010072498,20.238414925808744],[76.15023913415367,20.23660874898995],[76.13335016182184,20.222579642503174],[76.14973047749709,20.205325610946975],[76.14530135285334,20.198984829108884],[76.13183817412948,20.198583727130266],[76.13331503230435,20.184157831394046],[76.11958478803977,20.16121351406661],[76.10845649782598,20.163028410425436],[76.10515663544443,20.15306892767107],[76.10887114578807,20.143918599689226],[76.10556577493723,20.132965229649265],[76.09847948488704,20.130468894494467],[76.09445901644249,20.095786391796832],[76.086719820064,20.10041679936027],[76.05609870802236,20.098031931936664],[76.0513577017867,20.084861359402392],[76.06315874211343,20.084391516840093],[76.06872570523537,20.07220017864987],[76.05245166564812,20.06195468669373],[76.01883697271938,20.058519068175936],[76.02346456665039,20.02457712731938],[76.01047059866069,20.021723862755234],[76.00593818392898,20.012007231902295],[75.96510535880904,20.003203557390233],[75.96331542877452,19.99842859143186],[75.97255125794219,19.982752162007095],[75.98782988604117,19.981365505392766],[75.98974215943089,19.973570693460623],[76.01231259415079,19.97385903909811],[76.01070004365562,19.95461889318518],[76.0265944677802,19.94725273824896],[76.04007452405162,19.950615879433453],[76.04035342130294,19.947056703700046],[76.04756131808976,19.946942701381314],[76.05173181596658,19.940758788662237],[76.04726035013023,19.937407695080083],[76.05749921209299,19.929618299405558],[76.0587096991249,19.918832738823],[76.07926145321304,19.91262430666051],[76.0788528940319,19.88098863754954],[76.0907741864358,19.873513935291133],[76.09767601283231,19.857130463967803],[76.12910254806947,19.864888296995577],[76.1353267734505,19.846893202300723],[76.14772102346161,19.84409845971196],[76.14842689266243,19.85586241469419],[76.1834938910127,19.851259077847043],[76.19743677548817,19.864996465538724],[76.20725647006465,19.8639151290967],[76.21221418677776,19.867998240538817],[76.22935396783858,19.864949454039525],[76.24057978724446,19.874134351228406],[76.25069780873353,19.872591740261534],[76.2542291436076,19.876846936011944],[76.29644553775846,19.86889253944961],[76.30628991085243,19.880669875982363],[76.31610100765332,19.877121197133974],[76.32692514807486,19.885515328601283],[76.33683049342044,19.882999928062713],[76.34236774476435,19.893962708259007],[76.34783690111479,19.89208857609052],[76.35445536293804,19.89683678139634],[76.35471119504611,19.909420767193648],[76.36651446409307,19.928378009817717],[76.38555150589856,19.91541029275553],[76.39143302849031,19.90425766149246],[76.40018445551407,19.907009094687364],[76.40879627985109,19.92036093943043],[76.4403270178646,19.91732587027429],[76.45310495090995,19.923441056058216],[76.46335014330057,19.919233929851703],[76.49347064579392,19.92028579664343],[76.49136608442441,19.893654847586365],[76.50106876984186,19.88919708369201],[76.50647343164648,19.878207613623747],[76.51797035721522,19.877922465845895],[76.5193350688117,19.871409080554706],[76.5336902916807,19.865706844904484],[76.53113034644588,19.86091045574147],[76.53754794048001,19.84625224440984],[76.56689253392652,19.83840285679192],[76.56859968510594,19.845823437618776],[76.60151137266298,19.842921862389474],[76.61010450755053,19.837397253050298],[76.61942964991873,19.841257827320064],[76.63316121291012,19.868172950339456],[76.64788438571951,19.86765563236698],[76.66036087469823,19.892984239251643],[76.65249444363789,19.900886305888957],[76.633778770532,19.89884149498889],[76.62447424000803,19.889308715096483],[76.61103090596708,19.892980482814547],[76.61312484565669,19.910052667834233],[76.60596100314972,19.923408634623822],[76.62341663545772,19.923280208889825],[76.63687388170746,19.933144124539716],[76.6342421772511,19.955702766080787],[76.64529414031017,19.964388958638775],[76.65915750861163,19.964652826221876],[76.66101773361378,19.975983651174218],[76.64563727249417,19.98439784406458],[76.65725513106308,20.001184681479184],[76.66230331621013,20.04763914033979],[76.62398928629852,20.051005009289067],[76.63015763377393,20.082311848854257],[76.637162637969,20.069866268713056],[76.64935683316632,20.06956881427983],[76.65181325924276,20.091503700850414],[76.66019718278886,20.0966472728967],[76.6579092573035,20.11300101653833],[76.66857950284214,20.126047405409146],[76.69189484305349,20.121631664475206],[76.75664010148614,20.127850207933296],[76.76038762940804,20.161727433787636],[76.74810242499096,20.16588177418074],[76.74650206643085,20.206657533725497],[76.76671730712198,20.209335725194652],[76.78469931445723,20.20333389884025],[76.79501644663071,20.218243018257212],[76.81064107613275,20.219159259066927],[76.82345447107225,20.23953031073626],[76.82081484437342,20.261240103543496],[76.82645163623735,20.26519156816699],[76.81940349763725,20.280620258518812],[76.81131476857838,20.277864723648946],[76.80555726469983,20.287001710528063],[76.78537137915556,20.29024659509387],[76.79239043749324,20.31472774497323],[76.7672043718724,20.321793479465907],[76.76543932337461,20.316011077943447],[76.75419022412814,20.325393530764945],[76.74210710741231,20.326313022255317],[76.74428743448956,20.33771640252989],[76.72671720949066,20.338033473014615],[76.72827733340753,20.343572519401064],[76.69882417766061,20.351833206930426],[76.70898225323158,20.386033266235753],[76.72296487109041,20.389714594493295],[76.72704488436358,20.39848805281459],[76.72243773069852,20.415630560617505],[76.71262048492953,20.419144442617096],[76.71328299424819,20.437885106833185],[76.69362606908253,20.46052214456923],[76.69865611993896,20.471020756456166],[76.7109117356472,20.472273563124652],[76.7055823832061,20.481559082319833],[76.70834843430649,20.499749289742944],[76.71499978974049,20.514811940416294],[76.72605950526044,20.516518873862697],[76.72532155811915,20.512441223061057],[76.73586696568107,20.51078229215566],[76.734154256625,20.493319061442353],[76.7456190126251,20.49541014318177],[76.7525578558995,20.51190080232636],[76.75961652724625,20.510247638211368],[76.7696388431233,20.5173900388501],[76.77209623578699,20.546074914140846],[76.78253387785415,20.572662993434736],[76.76916890385546,20.57612903024611],[76.77671859613314,20.586891627172573],[76.78927117960298,20.58751677299017],[76.78343793247463,20.603673976188016],[76.7608152050254,20.602731124444432],[76.77066852354297,20.62678699467455],[76.74984599117707,20.629746069570043],[76.76034337210893,20.649231890746652],[76.75712369873956,20.655412749076337],[76.73204218174642,20.655658029036523],[76.73842850362891,20.664440361259906],[76.7391988763587,20.687153148762302],[76.72252979004887,20.69020984412543],[76.72511376791248,20.700047915876933],[76.73111141302604,20.696919756207958],[76.73693242779515,20.71506164994642],[76.76321789747483,20.72028744195339],[76.75397477219039,20.73814948233822],[76.75862934612266,20.752701989013058],[76.77106510009652,20.763540234640736],[76.77347314740331,20.775522776739756],[76.765031899664,20.79257132911772],[76.74423174702679,20.796256910906735],[76.74353534876403,20.8026280785411],[76.74522143624664,20.82370988641966],[76.75351030815419,20.82422976805362],[76.75109456318374,20.83613367361627],[76.76424078483434,20.856757981381268],[76.75481220954602,20.864291760697075],[76.75314844250325,20.875088047033742],[76.74556202979167,20.871242430345994],[76.74401097796084,20.88783886099101],[76.7336739283409,20.888908155466396],[76.72651167315703,20.88364527273952],[76.71732739740519,20.891040038539607],[76.71758703747177,20.898633866057903],[76.706683474301,20.90225153092337],[76.7073038032255,20.90701352471635],[76.69513075077671,20.90639946768836],[76.69837104677006,20.91238167804937],[76.69107936232007,20.91763100315069],[76.71092918362496,20.92132747115264],[76.71902159577652,20.91730283635104],[76.74480516862207,20.9287796935564],[76.75332603943491,20.920757478197338],[76.77450539700475,20.920959520149818],[76.7802080713116,20.913708441190415],[76.77505633197184,20.909116061959647],[76.78449935935645,20.907228883513437],[76.78999163564735,20.916456295304506],[76.78767757188218,20.92758319975187],[76.77577657152226,20.931510235606915],[76.78222110243853,20.94012857125709],[76.78666108771402,20.93950760323604],[76.78881310887665,20.962030437161598],[76.80949069717315,20.956187048574176],[76.80733362388537,20.967103997515878],[76.81183890410563,20.968870878202573],[76.78444544516805,20.972410987913268],[76.78469924079538,20.988791908040252],[76.77589159001461,20.98964981287589],[76.77597199013084,20.99553751380828],[76.78048210059238,21.000865719969074],[76.79655161175573,21.002806242297293],[76.7986046304892,21.01796029740302],[76.79330792552048,21.026826246412604],[76.77807636105753,21.028042839401568],[76.77805177686317,21.023966674133614],[76.77280646900341,21.02397967195146],[76.77267992961755,21.036483561648872],[76.76514142316175,21.038805329429206],[76.77521357667244,21.046156986000707],[76.77621195260113,21.053221111430073],[76.7830355563976,21.05257660654353],[76.78540261537462,21.071932654325494],[76.77632805536001,21.073522325840393],[76.7735872855467,21.08406421206763],[76.78919879335737,21.104767792506028],[76.79001843418892,21.12245588243273],[76.77580006246691,21.14155649771942],[76.77678238280654,21.165977374543342],[76.77067947131135,21.1793931671985],[76.78150631835683,21.187346851569362],[76.78262435706786,21.193540930617356],[76.76756725172132,21.191200534832156],[76.76065150952275,21.21976788752336],[76.75247731834101,21.217405534791386],[76.74590751466341,21.22310005193082],[76.74110758343672,21.241196268406014],[76.74878567461292,21.250607233795066],[76.73658663390296,21.261505862988905],[76.72406541331465,21.289277495979082],[76.71456314832528,21.28428372657202],[76.68825488479364,21.288220165814703]]]},"properties":{"district_name":"Buldana","state_name":"MAHARASHTRA","district_lgd":472,"state_lgd":27,"dtcode11":"500"}},{"type":"Feature","id":9,"geometry":{"type":"Polygon","coordinates":[[[77.03494234289268,21.247296395379113],[77.024326497531,21.24498140730466],[77.0212276574488,21.23635191706877],[77.01373038635951,21.23714246287111],[77.00624015626539,21.228688598556097],[77.00694881653178,21.206282624161627],[76.99823741035225,21.20146301393377],[76.99840601245297,21.19575713761256],[76.97194188223638,21.200649125491786],[76.973836441747,21.19688424327976],[76.96398863529203,21.194865832338824],[76.91648351680544,21.20068654491088],[76.85418240986918,21.188360770492537],[76.84749207833163,21.194625617828],[76.83155273215462,21.18512553302728],[76.77354584087273,21.184538376600777],[76.77067947131135,21.1793931671985],[76.77678238280654,21.165977374543342],[76.77580006246691,21.14155649771942],[76.79001843418892,21.12245588243273],[76.78919879335737,21.104767792506028],[76.7735872855467,21.08406421206763],[76.77632805536001,21.073522325840393],[76.78540261537462,21.071932654325494],[76.7830355563976,21.05257660654353],[76.77621195260113,21.053221111430073],[76.77521357667244,21.046156986000707],[76.76514142316175,21.038805329429206],[76.77267992961755,21.036483561648872],[76.77280646900341,21.02397967195146],[76.77805177686317,21.023966674133614],[76.77807636105753,21.028042839401568],[76.79394530896067,21.026675068366096],[76.7986046304892,21.01796029740302],[76.79655161175573,21.002806242297293],[76.77841147757428,20.999591057605393],[76.77589159001461,20.98964981287589],[76.78469924079538,20.988791908040252],[76.78444544516805,20.972410987913268],[76.80633560458786,20.971810654339215],[76.81183890410563,20.968870878202573],[76.80728794814645,20.966349882775237],[76.81159167695968,20.96022655014807],[76.80949069717315,20.956187048574176],[76.78881310887665,20.962030437161598],[76.78666108771402,20.93950760323604],[76.78222110243853,20.94012857125709],[76.77577657152226,20.931510235606915],[76.78767757188218,20.92758319975187],[76.78999163564735,20.916456295304506],[76.78449935935645,20.907228883513437],[76.77505633197184,20.909116061959647],[76.7802080713116,20.913708441190415],[76.77450539700475,20.920959520149818],[76.75332603943491,20.920757478197338],[76.74480516862207,20.9287796935564],[76.71902159577652,20.91730283635104],[76.71092918362496,20.92132747115264],[76.69107936232007,20.91763100315069],[76.69837104677006,20.91238167804937],[76.69513075077671,20.90639946768836],[76.7073038032255,20.90701352471635],[76.706683474301,20.90225153092337],[76.71758703747177,20.898633866057903],[76.71732739740519,20.891040038539607],[76.72651167315703,20.88364527273952],[76.7336739283409,20.888908155466396],[76.74401097796084,20.88783886099101],[76.74556202979167,20.871242430345994],[76.75314844250325,20.875088047033742],[76.75481220954602,20.864291760697075],[76.76424078483434,20.856757981381268],[76.75109456318374,20.83613367361627],[76.75351030815419,20.82422976805362],[76.74522143624664,20.82370988641966],[76.74353534876403,20.8026280785411],[76.74423174702679,20.796256910906735],[76.765031899664,20.79257132911772],[76.77347314740331,20.775522776739756],[76.77106510009652,20.763540234640736],[76.75862934612266,20.752701989013058],[76.75397477219039,20.73814948233822],[76.76321789747483,20.72028744195339],[76.73693242779515,20.71506164994642],[76.73111141302604,20.696919756207958],[76.72511376791248,20.700047915876933],[76.72252979004887,20.69020984412543],[76.7391988763587,20.687153148762302],[76.73842850362891,20.664440361259906],[76.73204218174642,20.655658029036523],[76.75712369873956,20.655412749076337],[76.76034337210893,20.649231890746652],[76.74984599117707,20.629746069570043],[76.77066852354297,20.62678699467455],[76.7608152050254,20.602731124444432],[76.78343793247463,20.603673976188016],[76.78927117960298,20.58751677299017],[76.77671859613314,20.586891627172573],[76.76916890385546,20.57612903024611],[76.78253387785415,20.572662993434736],[76.77209623578699,20.546074914140846],[76.7696388431233,20.5173900388501],[76.75961652724625,20.510247638211368],[76.7525578558995,20.51190080232636],[76.7456190126251,20.49541014318177],[76.734154256625,20.493319061442353],[76.73586696568107,20.51078229215566],[76.72532155811915,20.512441223061057],[76.72605950526044,20.516518873862697],[76.71499978974049,20.514811940416294],[76.70834843430649,20.499749289742944],[76.7055823832061,20.481559082319833],[76.7109117356472,20.472273563124652],[76.69865611993896,20.471020756456166],[76.69362606908253,20.46052214456923],[76.71328299424819,20.437885106833185],[76.71262048492953,20.419144442617096],[76.72243773069852,20.415630560617505],[76.72704488436358,20.39848805281459],[76.72296487109041,20.389714594493295],[76.70898225323158,20.386033266235753],[76.69882417766061,20.351833206930426],[76.72827733340753,20.343572519401064],[76.72671720949066,20.338033473014615],[76.74428743448956,20.33771640252989],[76.74210710741231,20.326313022255317],[76.75419022412814,20.325393530764945],[76.76543932337461,20.316011077943447],[76.7672043718724,20.321793479465907],[76.79239043749324,20.31472774497323],[76.78537137915556,20.29024659509387],[76.80555726469983,20.287001710528063],[76.81131476857838,20.277864723648946],[76.8290121941232,20.28210925459272],[76.83889003485139,20.29983929345568],[76.83907284111339,20.296718391269618],[76.85112884218233,20.300297769027093],[76.8614361566681,20.2970085972499],[76.87206894425603,20.27458665474307],[76.879665373183,20.27913950426766],[76.87934968722588,20.291668492868144],[76.90968732689647,20.312213706359547],[76.89206930793121,20.3169810899853],[76.89749875784777,20.334963308879786],[76.91726004838479,20.35118338045365],[76.91921128709828,20.359412094618776],[76.93175548299827,20.35661964190659],[76.93574530990851,20.37026056666559],[76.95719798259847,20.362727690849326],[76.97730838540436,20.37045173926001],[76.9741700814334,20.37986152749857],[76.98011941784594,20.380519781211664],[76.98889708106589,20.39415426243154],[76.9954786643518,20.39391280840684],[76.99199241682014,20.408063135326866],[77.00343917327689,20.415225204706314],[77.01383470412019,20.41268939315429],[77.01360277708012,20.431979398396727],[77.02209113786284,20.449296434443276],[77.06010949268858,20.445196169477622],[77.06041176320528,20.438423812682302],[77.04738186170587,20.418021704610137],[77.05240051743289,20.407373981544296],[77.04698106666375,20.390832011804232],[77.05596925905368,20.386533948129923],[77.08940604243705,20.39524544365311],[77.09409290451559,20.408687688328968],[77.09140573448033,20.417855643597346],[77.10384583001193,20.414617113694057],[77.10569092648642,20.40960864284976],[77.12052767599208,20.410705002680753],[77.119924346786,20.40326856361743],[77.12585722426591,20.398133393169406],[77.1324153327768,20.400213194753434],[77.13113592879296,20.39095199271759],[77.14068624197192,20.3794275601996],[77.15162587070472,20.392788572066138],[77.15142346589815,20.399520520904364],[77.18311127074581,20.39817631839751],[77.18923987585477,20.402704306662983],[77.19709688448613,20.424685575390118],[77.19093530312142,20.424313057482784],[77.18334441410477,20.43242056737955],[77.18634535578732,20.448403495616635],[77.20070323677125,20.451171195512423],[77.20821195329555,20.446267456708707],[77.22552062122307,20.44732891785777],[77.22988227969401,20.47361466992124],[77.24687123182203,20.47217216711835],[77.24643775067999,20.46032336844369],[77.26632894569192,20.458391736498275],[77.2775292439606,20.422785850405855],[77.28235896062716,20.41841647921931],[77.29102262584094,20.419816654189706],[77.29604410497292,20.4233712441007],[77.29790147872237,20.445780881929906],[77.31363529215895,20.452056188694563],[77.32537609775093,20.450449916133238],[77.32989422567637,20.46918793962279],[77.34355238912254,20.471514923150544],[77.33947351670979,20.483489495366065],[77.32418999369078,20.48694294274346],[77.32714163583054,20.497424345075515],[77.36943629120894,20.496277397684022],[77.36871078124277,20.480512498795616],[77.38183132994087,20.483500299609698],[77.38918598808891,20.50220173917238],[77.39590341461208,20.525556022749736],[77.36850261194702,20.52535180787787],[77.36529265116249,20.518069777601237],[77.33568728217892,20.525693239887804],[77.34195447218337,20.547791810651063],[77.33577081472056,20.54902749274577],[77.33966768845676,20.57507541238265],[77.36179325409174,20.56775951110781],[77.36701636997073,20.580622261480762],[77.39339180233281,20.581766536254424],[77.40684492531538,20.589897822432604],[77.41068277344921,20.594064050247514],[77.4105579830832,20.610209417848044],[77.44929864268617,20.611789813721394],[77.45961443996316,20.61748635752368],[77.4600345856148,20.62559007138075],[77.45271417483865,20.62643889222775],[77.44018024488571,20.642381004001916],[77.41544677026792,20.64562055880833],[77.42439908035215,20.658971883026748],[77.43088786677089,20.663100721886966],[77.47831424343124,20.662536292844116],[77.4890435990139,20.681744599742043],[77.5011952194566,20.67515820822398],[77.5041798297673,20.664808528999934],[77.51055274159921,20.664175294458826],[77.51560693198395,20.674450906314245],[77.51205547574584,20.68239259949548],[77.53898717367794,20.683537813626334],[77.53581900431708,20.697578502084806],[77.51635949651154,20.698823082425577],[77.51978503320132,20.70289881983637],[77.54549075085782,20.70602799894393],[77.56183390053482,20.701055614910207],[77.5671392140589,20.70880816703972],[77.57206144372503,20.70842540371838],[77.5777003592063,20.727266247504442],[77.5907548116624,20.726800256891366],[77.61085667059162,20.717865248339084],[77.61343428209483,20.742672636874282],[77.6197715892005,20.756955885180606],[77.61430483764005,20.75937857622669],[77.61958821071164,20.779185412606985],[77.61085547223907,20.77850511677326],[77.60992891751565,20.799743118740455],[77.59233485302575,20.804886740899295],[77.59255446865485,20.810868604461213],[77.56881770538752,20.809812601195556],[77.55976907524355,20.82408957275084],[77.55281856465025,20.823386646319914],[77.55089386127196,20.854331562541287],[77.54102457340359,20.855512458956294],[77.52896904844171,20.848930207175663],[77.49903335545345,20.856610761614306],[77.49872355346142,20.86003259422429],[77.4753787107795,20.86108355205551],[77.47914001885785,20.879482076839285],[77.46617257362688,20.87615528189896],[77.46443960306958,20.8801975836341],[77.45421205448949,20.85787895592312],[77.4435733505971,20.851579426699015],[77.43702179080462,20.853471359127482],[77.4349436309213,20.842920176050033],[77.42489002312966,20.848736876282878],[77.41827481949595,20.843303685839476],[77.39938344220869,20.84641571843403],[77.39295282978944,20.84113861025623],[77.38826299698226,20.84587758516936],[77.37508755044053,20.842278279205605],[77.36189518862197,20.84738918698909],[77.33698221893232,20.843574705853094],[77.32635732663745,20.853674023867846],[77.3179161651364,20.851126797342882],[77.31501023287159,20.857530709867113],[77.30505995289718,20.850374758703307],[77.28624522346323,20.846659395941753],[77.27139140237388,20.853545998076452],[77.25851464835908,20.84581774554614],[77.2521307896571,20.855735850510783],[77.24566084001155,20.852656071930006],[77.22168008712656,20.858329928045155],[77.21564479541605,20.85736666411481],[77.21118569938118,20.848399561156565],[77.19753394900782,20.85358815372078],[77.1801110513088,20.849570435276675],[77.1687017492095,20.854238894775413],[77.16997657448034,20.859624198360855],[77.16036947250402,20.87006809383139],[77.15297223690646,20.858512212982593],[77.12943878754075,20.863321730663205],[77.13720872247161,20.897916209759032],[77.13507871183009,20.920511271871785],[77.14414222166837,20.924148523291763],[77.16068417121267,20.971693054270943],[77.13474323149565,20.974229914301684],[77.13323652140555,20.988871579837898],[77.16746152794171,20.988803706208877],[77.16562235495826,20.99862239562528],[77.17208660838658,21.013595940209857],[77.17305030844697,21.023635668359457],[77.14984569547585,21.033434955820198],[77.14984080504745,21.070000785233393],[77.1762903735733,21.072250727627534],[77.17744055220858,21.08501718951867],[77.17120852226434,21.094584198978293],[77.17221307500893,21.11888492065959],[77.19662091482776,21.121044646992036],[77.19649639215972,21.138702336143233],[77.19250650236741,21.13474020751876],[77.16350251683897,21.13576854154674],[77.16600032650393,21.143900512426068],[77.15996511025193,21.145342153819435],[77.16615358358298,21.157745746239723],[77.16733261790179,21.16516080103041],[77.160312089022,21.167125643212362],[77.16703401161315,21.186639743451398],[77.17219511678805,21.191749207887963],[77.17891238341112,21.19060250905043],[77.18457347380516,21.199602496839468],[77.18227964189683,21.206611418768674],[77.17595631078038,21.207697884278073],[77.17800276013419,21.21814863775258],[77.17443037853985,21.222678770629706],[77.19089514573326,21.228297860857186],[77.19239888060311,21.236740828182914],[77.190399761685,21.2419106775624],[77.16778967802342,21.243306483461836],[77.16601717350878,21.236909997812855],[77.13094112014043,21.220150307246733],[77.12021374803795,21.224457458545906],[77.1181224215475,21.219596901151043],[77.11055242285279,21.218752928909332],[77.09379631763969,21.22597027092944],[77.07991114453132,21.2163767415343],[77.07544228021607,21.221499500158064],[77.06672390670317,21.22008834167075],[77.05833841380029,21.232851092281877],[77.05047213006364,21.232723480800843],[77.04579997071136,21.24323360786994],[77.03494234289268,21.247296395379113]]]},"properties":{"district_name":"Akola","state_name":"MAHARASHTRA","district_lgd":467,"state_lgd":27,"dtcode11":"501"}},{"type":"Feature","id":16,"geometry":{"type":"Polygon","coordinates":[[[74.13013381299649,20.863114296770814],[74.1161479126936,20.86240490103215],[74.1116881546004,20.855284612895268],[74.10340791729935,20.855304037158998],[74.10258885857611,20.844227610013924],[74.09644777227462,20.84114649604524],[74.07720051211622,20.848808926056478],[74.0620195793976,20.848689108082482],[74.0451770149317,20.834826291922834],[74.03657500109587,20.836321899348853],[74.02616456810031,20.85157284265189],[74.01713450254007,20.845807260870075],[74.02004474222666,20.833844993630166],[74.00135789695658,20.834334840520683],[73.98826574130969,20.84602831956279],[73.96642127829001,20.852162346683258],[73.96112216044646,20.841571145970644],[73.94130362656458,20.84017542346384],[73.94412019532325,20.823743052042545],[73.9320094581074,20.80887146410704],[73.9362031379084,20.800873127827302],[73.9319173592312,20.760549258092407],[73.94136432662664,20.75825315796232],[73.93789653049095,20.74927197318761],[73.94158254447711,20.741333501271725],[73.93015169898071,20.729307813345045],[73.9283271227223,20.7345991254439],[73.91776880457313,20.729640439495125],[73.91719369863665,20.724893989360304],[73.90490958387599,20.725309269022123],[73.89580444790406,20.731917733776744],[73.87428568705698,20.729570061015252],[73.8552149584283,20.692209137912],[73.83546856285699,20.702096755870972],[73.81206068000172,20.69219684418499],[73.81732078670744,20.67178065436147],[73.83068202191791,20.675027350029715],[73.83908585662229,20.65878137290187],[73.83273296823803,20.648735372481905],[73.8383569555159,20.62054810478451],[73.8255216201239,20.612023962737133],[73.81743654181832,20.61356255362641],[73.80712181712978,20.608310624514633],[73.79845940686246,20.598604015958706],[73.79132714642596,20.60519778857176],[73.77641644580942,20.600815919964088],[73.76363964553966,20.58658743631884],[73.76051816521733,20.573312131401508],[73.74465241172338,20.564771698696763],[73.73238779669263,20.574345747731915],[73.69542783962957,20.578470223519968],[73.66960111171775,20.563198553524952],[73.65238957862192,20.564481900762463],[73.62691256754513,20.58488858816721],[73.6223396091497,20.61416088210972],[73.61540978675738,20.624642991844855],[73.5693659469637,20.651494611107225],[73.5579439256183,20.645630948928765],[73.55060345636016,20.648638045239977],[73.5329930074978,20.673030790873757],[73.52065576187968,20.67873034425057],[73.51798572541185,20.66756503918194],[73.5110767421375,20.66596678939389],[73.50439307609932,20.670801559290897],[73.49568374682471,20.653528232090068],[73.48929291000961,20.655654578500062],[73.48914782849795,20.66374126338379],[73.47861845496556,20.676581745423015],[73.48221554112851,20.679675875799976],[73.48632632080187,20.675081901045736],[73.49032864237935,20.686303825705465],[73.48405788785986,20.69147204112235],[73.47470811099167,20.720304446146407],[73.44958930672772,20.717551299764665],[73.4408838500903,20.699661546447683],[73.44787983160664,20.695878753652835],[73.44509979553396,20.682832551797702],[73.43219325697758,20.677282175976174],[73.43100810243669,20.664804222182852],[73.41251393411694,20.661385609797385],[73.39207189127445,20.648883168010382],[73.39417788096532,20.640695446626683],[73.40694366249983,20.635420540329086],[73.40726849869644,20.623887233977825],[73.42021996828838,20.627236777154188],[73.43100436724177,20.59413804100042],[73.44920357194134,20.594159132676506],[73.47327455161351,20.58463174785935],[73.47914770550003,20.5605297128608],[73.47533409391256,20.543510069939284],[73.49385174778712,20.538178452172225],[73.46970030601496,20.51982979387297],[73.46772910943082,20.496382756957374],[73.45918164129905,20.49175798869598],[73.456313446361,20.478240959827893],[73.44489380285614,20.47469322782609],[73.4310677820126,20.454315250933767],[73.42117276998775,20.429936871178636],[73.4196420515234,20.412965052930456],[73.4140831669508,20.41612849270275],[73.4123910634507,20.410644250836395],[73.40493664020381,20.40987598996476],[73.40598713997855,20.402870501891073],[73.39877188958282,20.405006964052703],[73.39598696757328,20.396232485937627],[73.38789642391751,20.39830795254576],[73.379840989118,20.393404645637514],[73.38290028356478,20.372314706567163],[73.40430203794779,20.38582559525779],[73.41273319850475,20.360786102361125],[73.41372963497074,20.35211025571198],[73.4092677379888,20.349121566927224],[73.41853277408134,20.330427471669672],[73.4138727545618,20.325630917130898],[73.42776011776283,20.280034461753722],[73.42325569633199,20.274681543073932],[73.41429213215388,20.274045845932957],[73.41593313229407,20.26781280968655],[73.41220826078198,20.26542846785374],[73.41618251360009,20.258591280895878],[73.41136021162788,20.25313789103144],[73.4149167640086,20.25143653809851],[73.41284327805967,20.244374535158546],[73.4176761603893,20.242792920793402],[73.4107726029393,20.238497065326264],[73.41825824533723,20.221855496919922],[73.41590737400163,20.212909233425034],[73.42148213180529,20.20645875046048],[73.4165720994641,20.19820397661347],[73.39458459410852,20.198812287534484],[73.38945838399081,20.192720076355087],[73.38401405258324,20.211474411056123],[73.36640831718118,20.203884392486458],[73.36544754742525,20.19546823086851],[73.35322335478564,20.20138346253144],[73.36140112126223,20.207248790136344],[73.35690283442645,20.212902713719206],[73.3466456953409,20.20959756283846],[73.3434451336292,20.19947145569935],[73.32442821408604,20.206322792802133],[73.31374663899503,20.202378925365583],[73.29948854466953,20.209466300965982],[73.28934469392108,20.198462421070776],[73.28324057419182,20.198104885230325],[73.27917550349508,20.15001679488796],[73.25398734569792,20.137757794516506],[73.25472501975136,20.126981930152418],[73.24900316551488,20.122600219702104],[73.25396998036517,20.112286104115572],[73.26944123870214,20.10919035357739],[73.27143997673456,20.096041746880054],[73.29439078958676,20.098176597213424],[73.31379363705408,20.091101105368352],[73.30836116430658,20.056148201291222],[73.3161470838596,20.048007208568645],[73.33115294121752,20.04154123074251],[73.33224190505605,20.045575011464205],[73.34657095011937,20.03616722391014],[73.3575002320567,20.040367070764823],[73.36624673721103,20.020056047059633],[73.37410538436944,20.021919524205607],[73.39077700033513,20.013325606154407],[73.40658793593552,20.01842122835803],[73.4149699137307,20.011626434223935],[73.42576214240006,19.985284782329057],[73.44100696419997,19.97965174180882],[73.4503621076037,19.98325072452479],[73.44828846265298,19.966485088549963],[73.45532034803462,19.9586679742555],[73.448598729074,19.95374031241811],[73.43977549162474,19.955709286363973],[73.43936245164701,19.93439269073537],[73.4210180782992,19.916175418615904],[73.43693505013741,19.87344576196801],[73.42395207752676,19.87149926926223],[73.41385387646609,19.85825695745091],[73.4197849725868,19.849982158770572],[73.41668181969288,19.84803912377811],[73.42021217091174,19.834832089033863],[73.44208809742422,19.82603339665241],[73.4400118374777,19.806937978287642],[73.44502147591591,19.773961936903756],[73.45083899534025,19.765006969702156],[73.47843303640269,19.75849576411851],[73.49199272562915,19.762767222321386],[73.50028585734776,19.75916422386349],[73.50396103316007,19.733800428031525],[73.48679738026887,19.729083662610766],[73.48504557383669,19.724950039868038],[73.52019761928815,19.706596332066812],[73.51551203641058,19.69734809722992],[73.52920851569857,19.6970890137667],[73.53334842953319,19.677631363547395],[73.54415242164124,19.666156421608694],[73.54373106865386,19.658897193214205],[73.5592298935919,19.645338848379502],[73.5631004808263,19.619387384508027],[73.57821744541178,19.61784194317849],[73.5848806424379,19.611252861993194],[73.57588968683014,19.60242558881157],[73.58843031013025,19.606899337715753],[73.59921952944345,19.598321592424927],[73.61376910282416,19.59556126430087],[73.61596302410659,19.585514992373795],[73.63448662033672,19.595935536404525],[73.66139841878865,19.58414231828762],[73.66901545596656,19.590528734328657],[73.68165079044373,19.588261053595687],[73.68504661625381,19.593334843023683],[73.70387899578647,19.596392692672886],[73.70917001621604,19.60118010775232],[73.708673592817,19.611584718872106],[73.72164359285662,19.619777576683706],[73.7380318271811,19.617715469374517],[73.74400938686323,19.623701763280344],[73.76390698326989,19.628105264481963],[73.766600364257,19.633191453680514],[73.7753569296442,19.6267806912657],[73.7764674189136,19.6409270613902],[73.7930649103936,19.642319281669614],[73.7798782151479,19.650721706958404],[73.78179786729935,19.659884563614998],[73.79043623954796,19.66340416173236],[73.79568000589869,19.67628596630227],[73.80636599531098,19.676924890757107],[73.792591641071,19.687801287113228],[73.80515866226406,19.689786450369063],[73.81002276194816,19.683830133142436],[73.8190239781131,19.71433187636212],[73.8383253878185,19.721988947429015],[73.83657637874009,19.739721406574613],[73.84998314775571,19.7454440048788],[73.8582533436885,19.74299374272053],[73.85637804495587,19.747357268425635],[73.8649215542122,19.747722316234377],[73.86862663673695,19.740574066944784],[73.8809648076198,19.73818243726831],[73.8887507963431,19.750476861865224],[73.8984852875115,19.745383375127602],[73.8949458974443,19.716240649219362],[73.91138895864552,19.702271453292163],[73.91361942878358,19.693778273565474],[73.90740555828282,19.696992250317958],[73.90419640059216,19.693403100434452],[73.90768586768577,19.684332457215575],[73.92597739943362,19.672270127270803],[73.9571018644784,19.669012543907098],[73.96060990603713,19.674256898999932],[73.96875432166047,19.670652950777605],[73.97806875431384,19.675450682380724],[73.98183159851135,19.670245432304007],[73.9968438123482,19.6668355782927],[74.02094051887178,19.6735696736433],[74.05205723594727,19.661900265986535],[74.07137926648004,19.660596208332223],[74.09771839522654,19.6408193482998],[74.09999348558308,19.64877116239542],[74.11548130975221,19.64640892965893],[74.11966488260796,19.64142257045603],[74.13373641840855,19.66696192627433],[74.14431283850902,19.67348794160527],[74.1351653936838,19.690772769447545],[74.13954838714275,19.69498760205816],[74.1527128023728,19.687717086672816],[74.16717202230393,19.730493273780326],[74.18128216320385,19.73152505001344],[74.18925256976677,19.73921125182477],[74.22337613674442,19.73622675604666],[74.22402772344755,19.742080619841786],[74.24686685774364,19.743985414542784],[74.2478880383041,19.751103342271236],[74.2692774857677,19.760138719422617],[74.27523607123442,19.777549497493236],[74.31754417079935,19.76456501270889],[74.32637192048627,19.772646408607432],[74.32309255226964,19.7798963473218],[74.32764179693821,19.795544003870027],[74.34409507198419,19.798606590347003],[74.35350990125202,19.79515913496752],[74.36796075876615,19.805825062885017],[74.37355040524733,19.801980373001502],[74.36744237605,19.811446792007025],[74.36954581991532,19.834735261264356],[74.36268233541179,19.83335262363638],[74.3629641997985,19.87126149922987],[74.33724671061849,19.87234381118565],[74.33554736939213,19.88723189010665],[74.27463309057467,19.9063074111366],[74.27247697309433,19.933290928656383],[74.24820670037977,19.935222019748757],[74.2477402627449,19.963163588060294],[74.27127815966959,19.961993347003666],[74.28092503994499,19.95712896225772],[74.28582951890108,19.98742021675445],[74.30332645844078,19.96646477252516],[74.30937967782938,19.968414274080374],[74.31899475145552,19.98538511605163],[74.3473686325925,19.984662106177858],[74.34930730746842,19.9672925627178],[74.36270993704721,19.965477530628878],[74.3650229138509,19.97540167524719],[74.37685029547666,19.97173499530159],[74.3817733021855,19.981085802481672],[74.44290194867415,19.973744235505087],[74.45245217651316,19.979917511266105],[74.45829539134792,19.995442951094734],[74.48085842754314,19.995221802586332],[74.4796309336063,19.964067135623996],[74.49263764599498,19.962052754182416],[74.49474334552997,19.97015114169243],[74.51023046002999,19.971941037804143],[74.51959044175983,19.968036979580106],[74.52327875992471,19.976836272708073],[74.555653830762,19.967321069339306],[74.56889632037002,19.954391444861272],[74.67067385114436,19.946782368751133],[74.6730752401383,19.964806801474996],[74.68638626671093,19.969277805288822],[74.68195044512676,19.989287309425485],[74.68835696832333,19.99498398906476],[74.68929290415326,20.009770750133754],[74.6950662031094,20.016991152352396],[74.7171035065728,20.018141939868936],[74.7061098854982,20.041132759910106],[74.7198471968091,20.053612637760633],[74.70989191052364,20.07981440108133],[74.73597980833297,20.080313019399846],[74.73008613962027,20.113807647614365],[74.70358928826944,20.114658999008554],[74.71001680509421,20.12114654028002],[74.70561174362201,20.123824637061592],[74.71070005291953,20.128975900128196],[74.70872326791603,20.135101543842865],[74.71483007630287,20.134497856862158],[74.71682559477337,20.161440957120185],[74.71128126470498,20.173171111501265],[74.72117488883273,20.18738003625017],[74.72076660004451,20.193866107475838],[74.72984051237383,20.19219905950592],[74.7345228155023,20.197588994587967],[74.73491412523329,20.189282934037184],[74.75993903488883,20.18582396543324],[74.75570066210578,20.196439803165113],[74.76213394970794,20.204703970076874],[74.78401196570177,20.20588525708022],[74.799599191152,20.23151119175672],[74.7835324450031,20.22720410028686],[74.78381069726404,20.234107710383675],[74.80260678935082,20.238409603182674],[74.80679519334616,20.246267660599653],[74.8184224563778,20.250117697180045],[74.82849241889748,20.246345078750203],[74.8300229118847,20.235253360873756],[74.85385999001983,20.230305615649446],[74.8552959425099,20.17966930019844],[74.89585834508489,20.180345521502097],[74.8984253932987,20.169225702515302],[74.90667119188669,20.167553404953257],[74.90665275845704,20.155061853802327],[74.92748187906726,20.154393235797478],[74.9218677840373,20.17376216530641],[74.92775073225536,20.18619488981394],[74.92820263065738,20.217437926718503],[74.90785297774522,20.219444475620023],[74.90554303185736,20.24626636688344],[74.9327906115793,20.251290940382948],[74.93477929566711,20.270160351189055],[74.9137025769067,20.276398660780302],[74.88471997936686,20.26983455559763],[74.88395463989762,20.273416432463666],[74.86378526359164,20.276338377711244],[74.85145960354575,20.286152167023047],[74.85612640354906,20.293758996116733],[74.85506759435795,20.31360100540502],[74.86343604442328,20.314365103688655],[74.86428837494796,20.33501097377901],[74.85914127181341,20.335168565942286],[74.85538227330365,20.344571867759985],[74.85441295338286,20.36406089959071],[74.84821385028704,20.370026452359635],[74.85220289925623,20.373915726205073],[74.85071641024321,20.381191645982444],[74.82394301522709,20.39894492053251],[74.828577583678,20.406840878685596],[74.83781865182041,20.40775988591648],[74.83646508741828,20.41658931882651],[74.81689301891103,20.42956865334065],[74.81460805517119,20.439467729346116],[74.8017872158929,20.44553759227937],[74.79857360884665,20.46987465349433],[74.792314789344,20.47785207655594],[74.77504696691415,20.469705257715134],[74.77070314898477,20.472105573748582],[74.78278708496411,20.500519592715676],[74.77895159041631,20.509150311930668],[74.77116418594814,20.507171981920873],[74.75987895556263,20.53221166176718],[74.76135764809732,20.537075475420657],[74.79419848103633,20.537183956160625],[74.7957655570152,20.540609580633955],[74.79861339433228,20.551482615599262],[74.79356712169846,20.552922722077252],[74.79279731580561,20.57815814246194],[74.80085453376095,20.58882296672737],[74.80972913957312,20.588483086026763],[74.8123943233418,20.61695333228357],[74.80988833541451,20.63795950280998],[74.80006939901611,20.63814739092881],[74.80196206038657,20.659973064867472],[74.78845048043519,20.660679217095414],[74.77979268750842,20.66671069208158],[74.772425007382,20.662587143286927],[74.77077906021952,20.66766790414218],[74.76976768926195,20.662483754597243],[74.76121017616867,20.66342697163584],[74.76136438186866,20.66801103983063],[74.7487992776804,20.6651974910651],[74.74480440403491,20.67038953430886],[74.73636465468552,20.665657644514116],[74.7303338994672,20.672566602787608],[74.73218639985622,20.677118468090452],[74.72426713438243,20.675443594982553],[74.70936759712997,20.68595740084984],[74.67360379897,20.694137033076046],[74.64976113690707,20.69388696304573],[74.65865334880048,20.719864589960444],[74.65309207111599,20.72667885574857],[74.66070905978488,20.73924531214101],[74.653131273595,20.75708508921543],[74.66284702770321,20.762559330105237],[74.66491771090844,20.775029038134093],[74.63347974999915,20.782650552913797],[74.6320117438231,20.79140602168873],[74.61902614813182,20.804475952486833],[74.5782170385354,20.815597827665908],[74.57269838141953,20.831413911626615],[74.56418727170059,20.82346573095486],[74.54227359528491,20.829676772428076],[74.53775488794612,20.836407206766047],[74.52609062240963,20.815811743887483],[74.51164730355735,20.8083800691069],[74.5053972399338,20.818819471602662],[74.49150790313409,20.815002385794195],[74.48623208758897,20.81895505786352],[74.48233546268612,20.82411511525455],[74.48513966793152,20.829334544878687],[74.47860357173833,20.833776634203044],[74.47449566487731,20.820632699464042],[74.45623130087857,20.81164389867786],[74.44836394635009,20.816515894639245],[74.43905721495366,20.810195912309144],[74.44073927079731,20.802250786031845],[74.43484789638187,20.800610910659238],[74.41175747096146,20.8131701248396],[74.40090111605554,20.82839225014908],[74.38727451401853,20.83556785570996],[74.38982829142061,20.83951282173534],[74.40299284229629,20.837187862804587],[74.39556605841408,20.848432301591604],[74.39697603701602,20.859874463337885],[74.39303530752765,20.8538973509956],[74.38734999765522,20.856994535348264],[74.38824291406449,20.851268127632327],[74.38250821661438,20.848873757811027],[74.38551060548282,20.84275071450807],[74.38040077883929,20.83985874869706],[74.3589680801897,20.843963213335115],[74.35151184144762,20.85018371055711],[74.3574121505069,20.851776462759588],[74.3574425315298,20.856751192734595],[74.34896445915204,20.858292749110003],[74.3486410611582,20.848990064029884],[74.33861376951279,20.850078888632275],[74.33801638805222,20.83674459159041],[74.33166798585452,20.835567067353747],[74.32557322926549,20.84826105728452],[74.31486336083628,20.84217657819481],[74.29061710907243,20.85654721671803],[74.26435581754865,20.851337255635666],[74.24953208103815,20.860736345080294],[74.2430581563475,20.84953452600669],[74.23397464462107,20.84811769174059],[74.223913992241,20.856471528262873],[74.20082911930733,20.859275053111734],[74.19196583047115,20.85433053335679],[74.15762057455275,20.862016429429097],[74.15820425041704,20.851154333229037],[74.1464998400688,20.84998443852856],[74.13013381299649,20.863114296770814]]]},"properties":{"district_name":"Nashik","state_name":"MAHARASHTRA","district_lgd":487,"state_lgd":27,"dtcode11":"516"}},{"type":"Feature","id":18,"geometry":{"type":"Polygon","coordinates":[[[80.52245925420304,20.83450841874285],[80.46003045174915,20.819071495512475],[80.41601514171597,20.82505519409456],[80.40385795621005,20.808483501770564],[80.39235147526165,20.805992081185764],[80.36667283462441,20.811764152546292],[80.35527230187893,20.809008580046573],[80.34048649403636,20.822062298924916],[80.33211571463951,20.82114851437467],[80.3214530176442,20.799102617530938],[80.32931191722923,20.79226724217293],[80.31652692971394,20.775725187683967],[80.32082917720525,20.752711548568293],[80.311393946299,20.74118723068789],[80.30856945709448,20.727854391453544],[80.29948142324893,20.711512691019085],[80.28123081694878,20.710742619478484],[80.27225636249447,20.679598940565004],[80.2501708877723,20.67826639462675],[80.25197951623947,20.66436627019331],[80.24224603747238,20.655387629464915],[80.20100079041565,20.666971265312984],[80.19525540750521,20.67589186441929],[80.17785768958359,20.677016105397954],[80.16218855574574,20.693948006605424],[80.14160496716059,20.691222296964824],[80.13740448621454,20.684591559948977],[80.13228807402167,20.690674412729262],[80.12091848554276,20.689190519436043],[80.11366865989005,20.695222852541217],[80.09285755319624,20.69136397526579],[80.05770769783742,20.712548283378396],[80.03122540368578,20.698119468961607],[80.02709923048172,20.682049304691613],[80.01607460854665,20.667336990296207],[80.01353875343278,20.674771399722363],[80.00586475138776,20.669190535268413],[79.9950467114253,20.6761431172112],[79.98546718772825,20.674316186409985],[79.97744162999676,20.68505408675957],[79.96109476398946,20.694709554881214],[79.93325752023351,20.679650844244552],[79.92962125584607,20.6695027357126],[79.94032718426442,20.631250439600667],[79.93865523446772,20.601912853835138],[79.92492730156839,20.555669640642495],[79.95017843665681,20.5331911503384],[79.93830660998407,20.443923830848224],[79.94434954456099,20.43163573743925],[79.96223634754409,20.416510669157617],[79.95693175357054,20.38326228123905],[79.9716614840815,20.35363128294063],[79.96745474277624,20.342863007454472],[79.94778689499508,20.324023894520813],[79.94203792870499,20.290385764499884],[79.94661849313592,20.280576093991026],[79.98136781665903,20.24669056700625],[79.99015421509678,20.22732994916923],[79.9898653151048,20.21589327848411],[79.98541397512409,20.210073062272357],[79.93499281563079,20.194150019737556],[79.91642345652514,20.168115770423846],[79.91057635018855,20.149162966902047],[79.91601581542223,20.139075989691204],[79.93001018773653,20.130672275201455],[79.96767049834455,20.11822363475703],[79.97699648872235,20.093544913630556],[79.98246657842238,20.058703602688112],[79.98964503651904,20.04562243923286],[79.95359704464083,19.991932954597697],[79.9264717651549,19.96984698563281],[79.91116922569967,19.9666139443665],[79.8958229391884,19.968454833858754],[79.87303932167521,19.980508098699648],[79.86376681070122,20.015019648949792],[79.85285580409001,20.029471158604295],[79.81099366057146,20.027469936872297],[79.78302603353853,20.009738310990766],[79.76926450903747,19.965693505493224],[79.78912520714383,19.931747156237645],[79.7896933592217,19.921356849090685],[79.79807155870279,19.913289607051365],[79.80308455055194,19.892256816677957],[79.78929140535286,19.880904760502847],[79.78028561227154,19.86030601471874],[79.7444050241415,19.837582545622762],[79.73685821904913,19.81579330383061],[79.75352028682164,19.757475774222765],[79.78268607420412,19.7269270531442],[79.7858168350216,19.64441876128575],[79.79339422056292,19.60685499111476],[79.80649234281992,19.57877996543418],[79.81633329423099,19.574049536898567],[79.83135145581332,19.539882403054083],[79.8451908552664,19.5332264191809],[79.86459008970965,19.510534366045746],[79.91450911072204,19.496059708151424],[79.93241646087066,19.47656616347931],[79.9448249779251,19.469836369147387],[79.94761421723787,19.44970098730928],[79.97239939618846,19.416235011397937],[79.97794248837837,19.40038016904249],[79.97967709566615,19.388682610852964],[79.971832387666,19.381580068802577],[79.95908619838781,19.335963086335962],[79.96587816351999,19.303061868122004],[79.95057218531385,19.28906722589492],[79.93636130374475,19.26414990161058],[79.92451201220916,19.225740892326677],[79.92545976807156,19.210662031928376],[79.9448303902747,19.180102452781245],[79.9459013671463,19.169516223475846],[79.9253301088367,19.151616167205916],[79.87375867997832,19.12407470834413],[79.86146864352332,19.112283713148603],[79.85843685099898,19.102439061927505],[79.87111009977102,19.04104028515431],[79.89922634857612,19.040267427704936],[79.92892380835107,19.04921837956617],[79.93707317997982,19.04271861381425],[79.94038542204432,19.032037391999395],[79.9416297584944,18.99211374288162],[79.95705322466158,18.94290035082744],[79.95362063170525,18.904529738063033],[79.96161194475977,18.866652142803474],[79.94764934585707,18.85020761753179],[79.91911262710852,18.833840224590535],[79.91403806652639,18.82383186836146],[79.92412413853408,18.80692655073824],[79.96416123956861,18.773851130155613],[79.99305770574068,18.769960570982143],[80.00099979381255,18.776092816989216],[80.0185508972723,18.770409833029245],[80.02499056650626,18.754966603133262],[80.03868951975457,18.753000035441133],[80.0528033464421,18.72508639291168],[80.06462686531215,18.72329037364514],[80.07459185699597,18.7105445092842],[80.0885127237638,18.70730577367738],[80.11812773436536,18.680545488881688],[80.15771341310499,18.701008842728825],[80.16862815670774,18.699738602831292],[80.17870975241036,18.6832971219514],[80.19657410020632,18.680825162658337],[80.20043330668436,18.692589449189498],[80.21277656293003,18.70574750576946],[80.21933913696618,18.707947197620808],[80.2304027862088,18.70183597910928],[80.2484819984443,18.706366404809945],[80.26483079942273,18.721521232023107],[80.27289101775115,18.72299154160009],[80.24431122119144,18.756256357797625],[80.24524562808875,18.765495609646763],[80.24990638153184,18.7690678839936],[80.2747515311125,18.76545171034818],[80.2883781690821,18.7738109991429],[80.29994030874718,18.794477521215086],[80.32299889517897,18.798998332978027],[80.35153664339684,18.816423732965497],[80.35445031554616,18.826594047428358],[80.34950200239747,18.848036590384222],[80.32632638165383,18.880932580654317],[80.27085876627038,18.938438293351016],[80.27329543030888,18.99295323534256],[80.30314306504313,19.02199150913427],[80.305180038069,19.02717862042547],[80.2973636395767,19.048839376817018],[80.32969732502885,19.069940430560987],[80.32798912910873,19.09488571684569],[80.33967237604719,19.099947182532137],[80.32759450639097,19.13494882900886],[80.33325462750281,19.145361668881268],[80.34084332552847,19.14604501414052],[80.34794155059552,19.152198095746304],[80.34806269110652,19.159953571238024],[80.38779010423502,19.18034403609202],[80.39397789664311,19.187633552810663],[80.39449642129307,19.196206145724798],[80.38415301699078,19.21485526335925],[80.38928775301883,19.237798256572134],[80.3957646502348,19.24629739205583],[80.43004930580412,19.253908049185835],[80.44850811463765,19.266467777857173],[80.4825129476909,19.337965905787343],[80.52044886951292,19.347622391021314],[80.54429278652229,19.383728087864423],[80.56260477740075,19.398951144197444],[80.57606111275877,19.40220636802446],[80.5917960832255,19.37594480741445],[80.58822299465703,19.370289028019428],[80.59003073379208,19.351801818725843],[80.60781694432798,19.325970309774462],[80.61268646354817,19.309359769070593],[80.63164148288003,19.30701106373255],[80.65417958004633,19.322655571412078],[80.68001622985045,19.330179378911463],[80.69344081335646,19.31459848045765],[80.68977804956646,19.286817373285743],[80.71082259696158,19.281600298379463],[80.72662138913596,19.287023349895307],[80.75112927432801,19.28700244920722],[80.75994913051854,19.291483809409367],[80.775154987893,19.31435681411136],[80.8052792013268,19.32713701525746],[80.81035950843179,19.336714258503758],[80.84627046231338,19.355365402697227],[80.85298729954174,19.363858610091484],[80.85045604380211,19.369160864736564],[80.82802445269255,19.380091088713208],[80.81180610505969,19.407156764863696],[80.80958965941981,19.42024707869875],[80.81342866638036,19.433603976723365],[80.84225714086523,19.44687694074843],[80.87463807051475,19.445207208245293],[80.89434238720152,19.46732096953044],[80.89835690879893,19.481812703242838],[80.89343475279465,19.50239773325674],[80.89543000177052,19.519730621702255],[80.88414071818643,19.52625904893862],[80.87360532863657,19.518769080793835],[80.85666643872104,19.523043930624933],[80.84413050013515,19.538477672135972],[80.83598233224883,19.56637273477949],[80.81653556255404,19.57118191747353],[80.78983637197364,19.5603579163546],[80.7754940812515,19.562429417768623],[80.76739228709512,19.57481974050547],[80.76976591724844,19.58658056487706],[80.74087350068167,19.606101300122756],[80.71467909501901,19.61657213459659],[80.67030831623802,19.60918109579236],[80.66536986928608,19.611741004996794],[80.66289589102732,19.62360202535731],[80.67658958823287,19.652461190235908],[80.67968518719351,19.683481418627732],[80.67640804230723,19.69941191607745],[80.65428862564036,19.708422232270454],[80.64012980234024,19.725335143339823],[80.62675900905512,19.725814039958752],[80.61105646327863,19.73820037107296],[80.58646578126513,19.741164712517506],[80.57148605410221,19.75907876835878],[80.5526368733788,19.765414470714383],[80.54264695075092,19.779782186740423],[80.54759669401757,19.794755844074814],[80.54630129912334,19.81829356901666],[80.52020568029415,19.831745549560594],[80.48058100119648,19.827532760415092],[80.46889143461001,19.81031141778995],[80.47566848411523,19.803482729879505],[80.48498699332332,19.802343028896374],[80.49147762218672,19.778388876842644],[80.4890497095357,19.77027064787847],[80.46425822800508,19.79580203500805],[80.44929687228802,19.789798028363123],[80.42416264934053,19.799187562168555],[80.40173049319066,19.79614496383642],[80.40769385859298,19.805863112732553],[80.40209788168399,19.81665312356283],[80.42145570469094,19.81330238542004],[80.42968026890225,19.807004239658447],[80.44072580451544,19.810195145006066],[80.46909349266689,19.82688865849279],[80.47191799624446,19.83542781858859],[80.47870689003666,19.83919168074556],[80.48630623759004,19.863466708224454],[80.50584808677112,19.870522083363724],[80.49142602116018,19.902040076772366],[80.46862335666798,19.907590875900468],[80.45292077316223,19.90437832174138],[80.44984847380509,19.896318344873094],[80.41388975829648,19.907317763041387],[80.40796009858194,19.912580516273636],[80.4125820942121,19.924503055571225],[80.41126256158621,19.93835949957291],[80.43200926446406,19.941458113586712],[80.45217109581995,19.957471770153422],[80.46604831704143,19.948054983409463],[80.4731815782012,19.95081608091667],[80.48075096154993,19.934244067761572],[80.48876615092638,19.930481829211622],[80.50571140810065,19.928206103557475],[80.52991848972489,19.939336004002286],[80.53166320216128,19.948433170112494],[80.53892584856972,19.951758620906407],[80.53766127666954,19.97365849115295],[80.54962212998025,19.985833518738993],[80.54989952075681,20.000649770650572],[80.54258410730857,20.01063368746183],[80.55100097656772,20.04150416842376],[80.5493302646495,20.05511874333019],[80.55682513184709,20.07174874261765],[80.54401572273248,20.09551303836215],[80.55207092756326,20.117988065707618],[80.53067007239386,20.13174852452443],[80.51240957743909,20.135870213772254],[80.50559332006496,20.144465001120626],[80.48508196231687,20.14389961130629],[80.46014596521321,20.150963425612666],[80.454652742098,20.1452796698318],[80.45543140088795,20.13795061651548],[80.43359694959216,20.135256617976484],[80.4018173944146,20.147268810922395],[80.3885381313721,20.16507026976833],[80.39659194650919,20.173768232163248],[80.40069221499537,20.18958819905273],[80.4210142258479,20.19604351622983],[80.42219529125761,20.205807056684215],[80.40484533675965,20.218599073965844],[80.395273555642,20.244873228846895],[80.4516397773637,20.258089374880974],[80.4617439818654,20.268554593480847],[80.48079577041462,20.274955218640144],[80.49852058469412,20.27479151575049],[80.51883516917421,20.26604266583604],[80.54351542579792,20.29340503291804],[80.54959073475936,20.30883764325364],[80.61053289818159,20.31828171179902],[80.62635710279702,20.33250614476202],[80.6151109104988,20.35167518453236],[80.61074602527935,20.37508808700407],[80.59398809558792,20.38580057283332],[80.59148088685015,20.39295428709618],[80.60009593164749,20.41789451390061],[80.61364892303517,20.434862882620514],[80.60218306031062,20.44984165715806],[80.61260800558958,20.461809689616747],[80.61962924773174,20.504533748129976],[80.62133052123426,20.532680311298563],[80.61528078820724,20.54978175087145],[80.62431737284153,20.555658670743625],[80.62659346032807,20.563698816654547],[80.62096265214224,20.569950109641987],[80.6255597258115,20.57802166624639],[80.61735307939684,20.585641360648676],[80.63185840895315,20.598427857325618],[80.61230347311498,20.600531928606184],[80.60140477521983,20.60881806838121],[80.58076469158642,20.60838922703309],[80.56439076023791,20.603642045506792],[80.55782837844124,20.59436773173534],[80.5388357646147,20.585019491931995],[80.52092603662555,20.58050224721059],[80.50441183154881,20.583377303385223],[80.50222482459911,20.595227863475266],[80.48102291931566,20.61838586512529],[80.48932565043144,20.633339065423844],[80.51999197557963,20.656470543710835],[80.54491592447872,20.660179548040748],[80.55697077480578,20.670128055011226],[80.58012382447961,20.672811074252714],[80.58765441228616,20.68395333517893],[80.58180815216257,20.697294787211273],[80.56516027597493,20.71067207844891],[80.5600220562802,20.726080079808824],[80.56274472504056,20.747415164179152],[80.55168316258438,20.763973570866312],[80.54918942767756,20.79594436461965],[80.56149298737083,20.822844385346947],[80.52245925420304,20.83450841874285]]]},"properties":{"district_name":"Gadchiroli","state_name":"MAHARASHTRA","district_lgd":475,"state_lgd":27,"dtcode11":"508"}},{"type":"Feature","id":19,"geometry":{"type":"Polygon","coordinates":[[[77.57844280331389,20.72728574370528],[77.57206144372503,20.70842540371838],[77.5671392140589,20.70880816703972],[77.56183390053482,20.701055614910207],[77.54549075085782,20.70602799894393],[77.51978503320132,20.70289881983637],[77.51635949651154,20.698823082425577],[77.53581900431708,20.697578502084806],[77.53898717367794,20.683537813626334],[77.51205547574584,20.68239259949548],[77.51560693198395,20.674450906314245],[77.51055274159921,20.664175294458826],[77.5041798297673,20.664808528999934],[77.5011952194566,20.67515820822398],[77.4890435990139,20.681744599742043],[77.47831424343124,20.662536292844116],[77.43088786677089,20.663100721886966],[77.42439908035215,20.658971883026748],[77.41544677026792,20.64562055880833],[77.44018024488571,20.642381004001916],[77.45271417483865,20.62643889222775],[77.4600345856148,20.62559007138075],[77.45918450716648,20.617005544900774],[77.44929864268617,20.611789813721394],[77.4105579830832,20.610209417848044],[77.41068277344921,20.594064050247514],[77.40684492531538,20.589897822432604],[77.39339180233281,20.581766536254424],[77.36701636997073,20.580622261480762],[77.36179325409174,20.56775951110781],[77.33966768845676,20.57507541238265],[77.33577081472056,20.54902749274577],[77.34195447218337,20.547791810651063],[77.33568728217892,20.525693239887804],[77.36529265116249,20.518069777601237],[77.36850261194702,20.52535180787787],[77.39590341461208,20.525556022749736],[77.38918598808891,20.50220173917238],[77.38183132994087,20.483500299609698],[77.36871078124277,20.480512498795616],[77.36943629120894,20.496277397684022],[77.32714163583054,20.497424345075515],[77.32418999369078,20.48694294274346],[77.33947351670979,20.483489495366065],[77.34355238912254,20.471514923150544],[77.32989422567637,20.46918793962279],[77.32537609775093,20.450449916133238],[77.31363529215895,20.452056188694563],[77.29790147872237,20.445780881929906],[77.29604410497292,20.4233712441007],[77.29102262584094,20.419816654189706],[77.28235896062716,20.41841647921931],[77.2775292439606,20.422785850405855],[77.26632894569192,20.458391736498275],[77.24643775067999,20.46032336844369],[77.24687123182203,20.47217216711835],[77.22988227969401,20.47361466992124],[77.22552062122307,20.44732891785777],[77.20821195329555,20.446267456708707],[77.20070323677125,20.451171195512423],[77.18634535578732,20.448403495616635],[77.18334441410477,20.43242056737955],[77.19093530312142,20.424313057482784],[77.19709688448613,20.424685575390118],[77.18923987585477,20.402704306662983],[77.18311127074581,20.39817631839751],[77.15142346589815,20.399520520904364],[77.15162587070472,20.392788572066138],[77.14068624197192,20.3794275601996],[77.13113592879296,20.39095199271759],[77.1324153327768,20.400213194753434],[77.12585722426591,20.398133393169406],[77.119924346786,20.40326856361743],[77.12052767599208,20.410705002680753],[77.10569092648642,20.40960864284976],[77.10384583001193,20.414617113694057],[77.09140573448033,20.417855643597346],[77.09409290451559,20.408687688328968],[77.08940604243705,20.39524544365311],[77.05596925905368,20.386533948129923],[77.04698106666375,20.390832011804232],[77.05240051743289,20.407373981544296],[77.04738186170587,20.418021704610137],[77.06112612328214,20.44327487495117],[77.02506159341958,20.450129273205512],[77.01360277708012,20.431979398396727],[77.01383470412019,20.41268939315429],[77.00343917327689,20.415225204706314],[76.99199241682014,20.408063135326866],[76.9954786643518,20.39391280840684],[76.98889708106589,20.39415426243154],[76.98011941784594,20.380519781211664],[76.9741700814334,20.37986152749857],[76.97730838540436,20.37045173926001],[76.95719798259847,20.362727690849326],[76.93574530990851,20.37026056666559],[76.93175548299827,20.35661964190659],[76.91921128709828,20.359412094618776],[76.91726004838479,20.35118338045365],[76.89749875784777,20.334963308879786],[76.89206930793121,20.3169810899853],[76.90968732689647,20.312213706359547],[76.87934968722588,20.291668492868144],[76.879665373183,20.27913950426766],[76.87206894425603,20.27458665474307],[76.86730388562864,20.27852038658315],[76.86108903147266,20.297385778357288],[76.85112884218233,20.300297769027093],[76.83907284111339,20.296718391269618],[76.83889003485139,20.29983929345568],[76.8297226483252,20.282789263751308],[76.81938445604818,20.280615399941063],[76.82645163623735,20.26519156816699],[76.82081484437342,20.261240103543496],[76.82439637441061,20.24318201563651],[76.81064107613275,20.219159259066927],[76.79501644663071,20.218243018257212],[76.78469931445723,20.20333389884025],[76.76671730712198,20.209335725194652],[76.74650206643085,20.206657533725497],[76.74810242499096,20.16588177418074],[76.76038762940804,20.161727433787636],[76.75664010148614,20.127850207933296],[76.69189484305349,20.121631664475206],[76.66857950284214,20.126047405409146],[76.6579092573035,20.11300101653833],[76.66019718278886,20.0966472728967],[76.65181325924276,20.091503700850414],[76.64935683316632,20.06956881427983],[76.637162637969,20.069866268713056],[76.63015763377393,20.082311848854257],[76.62398928629852,20.051005009289067],[76.66230331621013,20.04763914033979],[76.65725513106308,20.001184681479184],[76.64563727249417,19.98439784406458],[76.6611815467957,19.977338530701743],[76.65915750861163,19.964652826221876],[76.64529414031017,19.964388958638775],[76.6342421772511,19.955702766080787],[76.63687388170746,19.933144124539716],[76.62341663545772,19.923280208889825],[76.60670713034997,19.92525094512203],[76.61312484565669,19.910052667834233],[76.61103090596708,19.892980482814547],[76.62447424000803,19.889308715096483],[76.633778770532,19.89884149498889],[76.65300999306763,19.90072784056219],[76.66036087469823,19.892984239251643],[76.64788438571951,19.86765563236698],[76.6583320269341,19.854972726520497],[76.68116586027172,19.847150698047635],[76.6969680858071,19.87568031879837],[76.72283736152404,19.869846121383134],[76.73995318810951,19.873107857691384],[76.7470421470544,19.912579228246376],[76.76424036262614,19.90484011249348],[76.77278304004248,19.935301825445553],[76.82139784200966,19.929421630693035],[76.83750868106596,19.963777725105864],[76.85702838497869,19.961883442101943],[76.89533603415684,19.948717923117368],[76.90048501207539,19.96380568523412],[76.92216099336858,19.97547644987399],[76.96168120468693,19.987370207571914],[76.97219500592387,19.996276483844447],[76.98828739268592,19.997791303480344],[76.99407744342551,20.01750199282342],[77.01271741999398,20.002063072092962],[77.0192920979303,20.002030476041305],[77.0255712750539,20.009401250249272],[77.0363196596492,20.008452306419382],[77.04318932456188,19.998187768294418],[77.06073523845423,19.994321378091378],[77.06265401834156,19.984311161665726],[77.07004789783323,19.981103436999728],[77.06978324247243,19.97261304441349],[77.08388670709319,19.965011169440906],[77.08203803891715,19.955898208116015],[77.09242051095113,19.944992606883165],[77.09277423247572,19.936111872689686],[77.10289440542992,19.932125941899436],[77.11180075231431,19.939276971660238],[77.1343796788086,19.943141006318513],[77.13861696642677,19.955139917369902],[77.1557048455254,19.965827159401837],[77.17111413627742,19.965390403841752],[77.1783423125318,19.981130098144938],[77.20121915900184,19.99118997851039],[77.21472123387917,19.973070380512993],[77.2077207580915,19.968428269353872],[77.20392818594627,19.945928522470137],[77.20693606172448,19.940266531681967],[77.23678720617653,19.9368756265571],[77.23643895090045,19.91528824987523],[77.24335663525665,19.904591633348822],[77.23479713149669,19.896885769305676],[77.2350713494237,19.891126122423554],[77.2511263222525,19.89551703997726],[77.25626913593159,19.901570026299456],[77.26705615257569,19.89773145982085],[77.2695924577455,19.91745169784332],[77.27804656935967,19.918652535206334],[77.28363944708093,19.913899291900957],[77.28433604476967,19.937016023533612],[77.2987639036159,19.94337878235258],[77.30420583741999,19.965376297691996],[77.32193473813571,19.959076287606596],[77.32746810336772,19.973137290894236],[77.33584526978626,19.97357235585161],[77.3406394014895,20.007483052039625],[77.3548451087626,20.01349548165397],[77.35434181774318,20.020596038805138],[77.37225506353501,20.046164150745476],[77.35283898837514,20.065283594414854],[77.35635150623894,20.07740114170161],[77.36968557909017,20.089771589811175],[77.36478703889642,20.09863230929769],[77.3840214082305,20.086522716763604],[77.46383395261684,20.069481983082145],[77.47894144985756,20.084379350032442],[77.48624099276965,20.07891043170614],[77.49467258272135,20.079436789139134],[77.49864433103649,20.0853170148907],[77.52440083584594,20.096690505925032],[77.53980293378746,20.07234906459793],[77.54986315856947,20.065479407487025],[77.55552132135401,20.047358712209153],[77.56809738049716,20.042518868715263],[77.58059551617929,20.029170294734662],[77.59592711523561,20.03746714116534],[77.60081972924345,20.034510421479713],[77.61465825373746,20.040263206524912],[77.62826504882072,20.035530134434257],[77.62928064725004,20.047229220380782],[77.64108832343175,20.060046878595664],[77.64429937027946,20.072409057856994],[77.65606535295387,20.07975694516616],[77.6583098960992,20.09700686415545],[77.66953071817716,20.102067673760462],[77.67095257250719,20.120302757433695],[77.68226376420438,20.144098702046115],[77.67391083253561,20.14760452284146],[77.67912451430745,20.168058565343514],[77.66507064926682,20.173801442614153],[77.6522486790096,20.172228301168882],[77.64983948904575,20.185507485169964],[77.6443540749853,20.18704696039378],[77.65834720672622,20.20725518025341],[77.65334153973987,20.214133603032796],[77.66625848707544,20.247240463039212],[77.6446035658858,20.250607110186444],[77.63196272922751,20.26165826253525],[77.61030165817142,20.263882857252174],[77.61019699905096,20.278772574073034],[77.59402072670936,20.28056313440917],[77.59454981554708,20.3027422678483],[77.58766855068913,20.306623585197904],[77.58412118358221,20.32659711186778],[77.56764557462162,20.330175538444536],[77.56820758940947,20.359697522275248],[77.5787185861061,20.371920869025452],[77.57287263320637,20.38192807719057],[77.57362614815152,20.400131713581473],[77.58164355097685,20.41564866544549],[77.59553662746309,20.412152475489247],[77.59028183339396,20.42927805415777],[77.60388475045016,20.435338683483824],[77.59792210100512,20.446544176645997],[77.605800899172,20.455368005784592],[77.61215229814952,20.455625640449966],[77.61516732272074,20.46633602536808],[77.61620148214044,20.460896842959777],[77.64328937374427,20.450714173945247],[77.65411268412248,20.480596190160302],[77.65365945621384,20.497537953884407],[77.66294607433107,20.499652780408486],[77.66659915607895,20.516801767011923],[77.68629206775485,20.519734741734347],[77.69040701830608,20.534807148203182],[77.6687468644299,20.54014736959627],[77.65329641646483,20.53101585058223],[77.64233789705995,20.531896615862237],[77.65034201739549,20.56420832659395],[77.62765915672117,20.56685895628342],[77.64706104209279,20.60517896282673],[77.64859295621478,20.622685241694835],[77.65848328532206,20.63700648776313],[77.65908712746615,20.645785472464947],[77.64803936942094,20.648658965449318],[77.65449761671329,20.66070001713115],[77.63509743005585,20.658841553883303],[77.6321473455948,20.671947524001396],[77.63808882534185,20.69000741796015],[77.63106110365158,20.702155772655363],[77.63368505385041,20.712913016241313],[77.57844280331389,20.72728574370528]]]},"properties":{"district_name":"Washim","state_name":"MAHARASHTRA","district_lgd":499,"state_lgd":27,"dtcode11":"502"}},{"type":"Feature","id":21,"geometry":{"type":"Polygon","coordinates":[[[79.7575537026844,20.734622263511184],[79.75093657306272,20.717533701222514],[79.75801842723203,20.706988929149976],[79.75049379345917,20.688911426117873],[79.73421410796037,20.68448103687635],[79.70944316101884,20.68742418174089],[79.69229503640565,20.673849195088547],[79.70035621503308,20.64553899549742],[79.69475060369267,20.641637344548496],[79.66325840789644,20.65437453250786],[79.66072145414297,20.66697896099098],[79.61924402133138,20.676048317968316],[79.60949067272853,20.69581910416527],[79.5895079861015,20.691456464006126],[79.56682645403548,20.696986496054805],[79.56519107106077,20.70730881940386],[79.53558322542193,20.70555498369409],[79.51801955992124,20.714320079885525],[79.51683238686594,20.70961719410599],[79.50558655299554,20.709185179408045],[79.50508075837145,20.70225535628428],[79.48955613830998,20.709536383603375],[79.4808611398591,20.692646010388],[79.47340891838299,20.691078763828116],[79.46977836099254,20.67980553488802],[79.43612913412932,20.661032217170675],[79.42783361918023,20.66435668993476],[79.42094625206657,20.6597202210679],[79.39839086682267,20.65890479108511],[79.38822826194603,20.66431191285068],[79.38998809482526,20.676004725172803],[79.37957449437006,20.68286106048068],[79.37180464388082,20.681268957220233],[79.36926366118333,20.67562803038637],[79.34867845652896,20.67603458995393],[79.3492680082735,20.665958593559857],[79.35579938561649,20.66288377893602],[79.35382141034522,20.653001602175838],[79.3412374828585,20.644167678409364],[79.3471033801542,20.642174846359985],[79.34711901263674,20.635205944574217],[79.33778009729866,20.626403851410892],[79.3304494133889,20.594132170615126],[79.32206846057144,20.584708443513765],[79.3144983927065,20.58326740813773],[79.29319395730977,20.59276100101683],[79.26348468289223,20.58681852010544],[79.25004260649268,20.59076111940867],[79.2206998833386,20.583112970016106],[79.22223821861824,20.56985637545575],[79.21708675685794,20.552362417650055],[79.19191299276656,20.537058387652916],[79.18201286663279,20.513408995271078],[79.16981738594629,20.513893507992208],[79.15820308829919,20.478272038973216],[79.13999381168863,20.48224520646023],[79.13237176999624,20.45722390014327],[79.11853338024957,20.45062249625358],[79.10155887303135,20.457208403469444],[79.10199429992429,20.462288095229077],[79.06231814197093,20.46889666970244],[79.05186567141337,20.466076074877844],[79.04532523635737,20.477811036755273],[79.02319605141012,20.48261035524001],[79.00161355419532,20.450793317033728],[78.9874704244632,20.465599509057448],[78.98127844231264,20.45834088705035],[78.96733425078843,20.460162028456363],[78.96766049644175,20.448717085264338],[78.95352103902253,20.428013330245804],[78.91115283228362,20.430935541172584],[78.90007386856206,20.437249161109854],[78.85708853629096,20.421425863271164],[78.8455349207396,20.433849128005548],[78.83382403263985,20.427207366508306],[78.85184318710871,20.415747956981885],[78.83783965018189,20.40517213551526],[78.82186097666006,20.404587485937],[78.81692477190307,20.39689646012832],[78.81981081995909,20.370416880716096],[78.82628620531041,20.36267978184745],[78.8195714925977,20.349997544061964],[78.83149263138971,20.335112123183308],[78.83223093156889,20.323294670155104],[78.80541866285719,20.311145250898825],[78.79867717765408,20.300253724689313],[78.82004037904007,20.276469999366594],[78.81087902919256,20.26445478665252],[78.81460537843333,20.25125643846275],[78.86334370414195,20.2545572812898],[78.89552581865283,20.249495968188477],[78.90992766588168,20.256133297085906],[78.92119333635021,20.254258673526135],[78.92202619050127,20.238786451399406],[78.93813729635718,20.229689555973724],[78.93891357281504,20.220360285348413],[78.96277595828833,20.208259208542064],[78.95441750647214,20.19408983965533],[78.95871501175705,20.18332924284675],[78.95385869058502,20.172184386636054],[78.97276436994989,20.16336308497318],[78.98132861232297,20.14934523311606],[78.9689691405881,20.143884732643706],[78.96926294627985,20.12734005241059],[78.97814798961728,20.123595394080443],[78.98724689756936,20.12899870185888],[78.99859070080635,20.127550210125523],[79.01920339031516,20.11146673531969],[79.03429793384949,20.09319320245121],[79.04783032507108,20.086440935919438],[79.04402053761177,20.068731471603797],[79.05908304093488,20.06567550804632],[79.06643929898244,20.06970768807004],[79.07308376523656,20.06438044834538],[79.07100185398859,20.05544290408991],[79.07839408507172,20.045884844891205],[79.08283577175638,20.023150405714166],[79.1081026794646,20.009412745064008],[79.11169866069976,19.990910387590993],[79.10120242152662,19.990158410959346],[79.09127147778871,19.982731539089478],[79.09208607457991,19.97846352903739],[79.10916952767916,19.970087702652],[79.10265314411659,19.95783126957943],[79.08854307418358,19.949468511604156],[79.09101869456269,19.916886581089855],[79.1005964395955,19.917828620837614],[79.11057024644721,19.905603440553172],[79.14865824855524,19.89658168925209],[79.14316383247731,19.882311474473774],[79.13588317574575,19.877794115555712],[79.13476156353649,19.867411895315865],[79.11901643851384,19.862641191212553],[79.11076339052147,19.84820762742545],[79.09685072088057,19.841178073085064],[79.08990325288113,19.846710187618978],[79.08588465383068,19.829125940493775],[79.07182711827382,19.817980383479327],[79.04124168102705,19.821214374638508],[79.02323304313519,19.799966664748798],[79.00880845235997,19.806921104453284],[78.97213935451455,19.80704410295913],[78.95148736371208,19.798757767961312],[78.9372304605526,19.777061085549615],[78.95143170499539,19.757702478661155],[78.94948685689683,19.749542388736845],[78.92329734615416,19.747529383235204],[78.90032902783202,19.73760346516025],[78.87881972085495,19.74895539788264],[78.87894378178896,19.766957255515553],[78.85763634062933,19.77103947791473],[78.84097822095245,19.761895941179823],[78.84796684796159,19.735503060258075],[78.85116435809628,19.73613231616878],[78.84944038147158,19.721975328700573],[78.85993791871033,19.68949774092412],[78.8557067998232,19.686667324192868],[78.85193531113772,19.658367321188422],[78.88674151778123,19.65507835902282],[78.8904929821207,19.65941665659244],[78.88646086791681,19.662460179050424],[78.9035502175576,19.670016222638687],[78.9198789636473,19.666981655475215],[78.9197384976796,19.662011443422767],[78.94424813817972,19.661747322760398],[78.95557251984023,19.655798922139414],[78.96186387901741,19.637451685722954],[78.95538351969434,19.61912572205147],[78.95563447574708,19.60017939138664],[78.97179842949119,19.590021478907946],[78.97284907299635,19.582396174454786],[78.95255759228706,19.564986228306616],[78.9376872718409,19.561881817700304],[78.94045815048759,19.55187652924345],[78.97423736447071,19.549391927336238],[78.98126609047749,19.560848118223177],[78.99776171390259,19.54907413780072],[78.99804545217498,19.540093407982642],[79.04602505540474,19.54833538785106],[79.0769153188752,19.532408793380547],[79.09804768467416,19.532037229429893],[79.10540148852438,19.522388848264338],[79.16136710474849,19.488274244727503],[79.16784511677372,19.47237017679003],[79.19088187773737,19.45891442730993],[79.22360154501256,19.469087369831705],[79.20386345616268,19.494095547816414],[79.20747706324205,19.5061429130054],[79.22117481454447,19.52100366150327],[79.23374019810879,19.520021552045137],[79.24003494662952,19.535252557345654],[79.23713564123653,19.55715050468535],[79.2510372598028,19.577511903607043],[79.25313582222287,19.593299394912343],[79.24442447443384,19.594878209459374],[79.23865490168944,19.60618267297455],[79.24356864676771,19.616700934593812],[79.25110922653518,19.61588258822055],[79.27296058681955,19.598852075514706],[79.30685155122404,19.59656895313506],[79.31394163306308,19.566433987494122],[79.31854815611077,19.567714116079443],[79.31845512478333,19.576736568529974],[79.36574060518294,19.57634521653074],[79.3727634418347,19.56100375949338],[79.38568778859329,19.55834470258652],[79.40532903456393,19.535682026589303],[79.42048320377526,19.529773018450296],[79.42257008091012,19.53805750842512],[79.43334421391644,19.537271513829502],[79.46897137562674,19.509589334349677],[79.47143471244263,19.50020733401787],[79.4826416986686,19.506295954118556],[79.49839678690606,19.505710802116734],[79.51859792584388,19.52019895773472],[79.51862008279035,19.5431252649894],[79.53993624748975,19.554677500674686],[79.54538875087142,19.55071150121859],[79.55294137255528,19.52418516388396],[79.59616261589471,19.507294542598792],[79.6029743637261,19.514568054585382],[79.61414617282384,19.559694446991887],[79.6279276722636,19.573188126054543],[79.70900709452542,19.584496600854127],[79.74308701865162,19.60864488485602],[79.77861325643637,19.599685641478874],[79.80649234281992,19.57877996543418],[79.79339422056292,19.60685499111476],[79.7858168350216,19.64441876128575],[79.78268607420412,19.7269270531442],[79.75352028682164,19.757475774222765],[79.73685821904913,19.81579330383061],[79.7444050241415,19.837582545622762],[79.78028561227154,19.86030601471874],[79.78929140535286,19.880904760502847],[79.80308455055194,19.892256816677957],[79.79807155870279,19.913289607051365],[79.7896933592217,19.921356849090685],[79.78912520714383,19.931747156237645],[79.76938417181982,19.965240142506293],[79.77191826264246,19.979205029450387],[79.78302603353853,20.009738310990766],[79.81099366057146,20.027469936872297],[79.82795035868918,20.03075217050901],[79.85516982114275,20.028146252201623],[79.86376681070122,20.015019648949792],[79.8721588163899,19.98157133606608],[79.8958229391884,19.968454833858754],[79.9264717651549,19.96984698563281],[79.95359704464083,19.991932954597697],[79.98964503651904,20.04562243923286],[79.98246657842238,20.058703602688112],[79.97699648872235,20.093544913630556],[79.96767049834455,20.11822363475703],[79.91651353329361,20.13864690752905],[79.91181641155623,20.14327527131534],[79.9110872364637,20.155057365729604],[79.93499281563079,20.194150019737556],[79.98541397512409,20.210073062272357],[79.99015421509678,20.22732994916923],[79.9753502496074,20.25525734003571],[79.94661849313592,20.280576093991026],[79.94203792870499,20.290385764499884],[79.94778689499508,20.324023894520813],[79.96745474277624,20.342863007454472],[79.9716614840815,20.35363128294063],[79.95693175357054,20.38326228123905],[79.96223634754409,20.416510669157617],[79.93852488802167,20.44210186144246],[79.9508413340477,20.52961032825494],[79.94664153043138,20.539066061532274],[79.92952109638684,20.54767688317911],[79.92492730156839,20.555669640642495],[79.93849749659205,20.600012654605734],[79.94032718426442,20.631250439600667],[79.93435163231696,20.66364467280518],[79.88858404423607,20.68944110900131],[79.83851046448578,20.682856780228594],[79.8028198978861,20.697648034920988],[79.79262923323327,20.706142512816843],[79.78621676049454,20.721118713531034],[79.7575537026844,20.734622263511184]]]},"properties":{"district_name":"Chandrapur","state_name":"MAHARASHTRA","district_lgd":473,"state_lgd":27,"dtcode11":"509"}},{"type":"Feature","id":22,"geometry":{"type":"Polygon","coordinates":[[[78.26132288440562,20.697348857112114],[78.25575891447019,20.683169099643912],[78.21841127597155,20.692479706380105],[78.21194390449088,20.691355837948134],[78.20569088810495,20.673952981147497],[78.18226379747229,20.677352942648522],[78.17940234439044,20.66743372729623],[78.1708574948477,20.669917494693973],[78.15772966440593,20.66609480774299],[78.15691780927295,20.65868140855491],[78.12802434886385,20.662461556161205],[78.12544773359228,20.658383422336676],[78.13192373788281,20.65337475117947],[78.12942640971488,20.646767333806558],[78.1126511506233,20.647182271690834],[78.11075953129861,20.639454603235876],[78.09352394850598,20.640969952845357],[78.09903141710495,20.665690945668974],[78.08918231168607,20.671199020944215],[78.08356493600871,20.671992650995094],[78.07851428498621,20.663656664574614],[78.06765580017473,20.671902578537832],[78.0366452846271,20.66562177558159],[78.03648112379712,20.659179227442813],[78.02702821404608,20.65823504345408],[78.018758231014,20.640284809483703],[78.02596312742779,20.63258385263185],[78.0187298828786,20.629526713258837],[78.02034921745077,20.62605231873893],[77.99527656143957,20.624584705812193],[77.99024528707777,20.612892906532572],[77.98506685340104,20.613154131948065],[77.97717174991344,20.60431304751283],[77.97309566676961,20.587469495871716],[77.95144210652761,20.575528540802875],[77.94613605279173,20.579939205637636],[77.93277207592303,20.575625056093656],[77.92477423481132,20.558771766408128],[77.92348886331906,20.56444011039454],[77.91258749293591,20.566967537837048],[77.91873379485594,20.585453088195866],[77.91447781239837,20.589953641826707],[77.91751952142513,20.60715499918747],[77.89471843437461,20.624963813904674],[77.88578631572302,20.624547797282546],[77.87845822794444,20.609362310946914],[77.86601908911858,20.610399998888784],[77.86725706639479,20.595380832887763],[77.84608723366192,20.588005748336087],[77.84780639262175,20.570752158214518],[77.84005635717106,20.564720861848304],[77.81069610069927,20.584235477113296],[77.80547040485882,20.564189695124593],[77.7919917005519,20.56042080795521],[77.77885936505896,20.53997658527463],[77.75144686183732,20.54465572389247],[77.74148707678891,20.56121393382595],[77.70418409444135,20.565667376714856],[77.69112349571205,20.571578277993783],[77.69091636217387,20.578267406436936],[77.6659303872994,20.579719680909204],[77.6593007342643,20.564275113731675],[77.65034201739549,20.56420832659395],[77.64233789705995,20.531896615862237],[77.65329641646483,20.53101585058223],[77.6687468644299,20.54014736959627],[77.67490110476211,20.539220808335187],[77.69040700303471,20.534807188582498],[77.68953384417182,20.524187631267143],[77.68629206775485,20.519734741734347],[77.66659915607895,20.516801767011923],[77.66294607433107,20.499652780408486],[77.65384867644698,20.497843771749256],[77.65411268412248,20.480596190160302],[77.64328937374427,20.450714173945247],[77.61620148214044,20.460896842959777],[77.61516732272074,20.46633602536808],[77.61215229814952,20.455625640449966],[77.605800899172,20.455368005784592],[77.59792210100512,20.446544176645997],[77.60394132005855,20.435880235889776],[77.59028183339396,20.42927805415777],[77.59553662746309,20.412152475489247],[77.58164355097685,20.41564866544549],[77.57362614815152,20.400131713581473],[77.57287263320637,20.38192807719057],[77.5787185861061,20.371920869025452],[77.56820758940947,20.359697522275248],[77.5671188061323,20.34343769430647],[77.56764557462162,20.330175538444536],[77.58412118358221,20.32659711186778],[77.58766855068913,20.306623585197904],[77.59454981554708,20.3027422678483],[77.59402072670936,20.28056313440917],[77.61019699905096,20.278772574073034],[77.61030165817142,20.263882857252174],[77.63196272922751,20.26165826253525],[77.6446035658858,20.250607110186444],[77.66625848707544,20.247240463039212],[77.65334153973987,20.214133603032796],[77.65834720672622,20.20725518025341],[77.6443540749853,20.18704696039378],[77.64983948904575,20.185507485169964],[77.6522486790096,20.172228301168882],[77.66507064926682,20.173801442614153],[77.67923683605731,20.167714631160987],[77.67391083253561,20.14760452284146],[77.68226376420438,20.144098702046115],[77.67095257250719,20.120302757433695],[77.66953071817716,20.102067673760462],[77.6583098960992,20.09700686415545],[77.65606535295387,20.07975694516616],[77.64429937027946,20.072409057856994],[77.64108832343175,20.060046878595664],[77.62928064725004,20.047229220380782],[77.62826504882072,20.035530134434257],[77.61465825373746,20.040263206524912],[77.60081972924345,20.034510421479713],[77.59592711523561,20.03746714116534],[77.58059551617929,20.029170294734662],[77.56809738049716,20.042518868715263],[77.55552132135401,20.047358712209153],[77.54986315856947,20.065479407487025],[77.53980293378746,20.07234906459793],[77.52440083584594,20.096690505925032],[77.49864433103649,20.0853170148907],[77.49467258272135,20.079436789139134],[77.48624099276965,20.07891043170614],[77.47894144985756,20.084379350032442],[77.46383395261684,20.069481983082145],[77.3840214082305,20.086522716763604],[77.36478703889642,20.09863230929769],[77.36968557909017,20.089771589811175],[77.35635150623894,20.07740114170161],[77.35283898837514,20.065283594414854],[77.37225506353501,20.046164150745476],[77.35434181774318,20.020596038805138],[77.3548451087626,20.01349548165397],[77.3406394014895,20.007483052039625],[77.33584526978626,19.97357235585161],[77.32746810336772,19.973137290894236],[77.32193473813571,19.959076287606596],[77.30420583741999,19.965376297691996],[77.2987639036159,19.94337878235258],[77.28433604476967,19.937016023533612],[77.28457599017196,19.905273250627932],[77.29445565807345,19.904217903695585],[77.30838718964037,19.9149270716882],[77.31305431752874,19.912367608180837],[77.31307295577426,19.895453475511214],[77.29360388630084,19.89522942051122],[77.29481657061187,19.884659966266362],[77.30629106345137,19.881989096567924],[77.32257542557953,19.888066196953936],[77.33265724496265,19.87842203590595],[77.34572147019075,19.87591727963887],[77.34488382891753,19.86379460192865],[77.36210548602662,19.8596295233777],[77.36246018222329,19.855472668834004],[77.35148847105846,19.84894934079799],[77.36014776956164,19.835629581173958],[77.34301814575174,19.83684481745861],[77.34006225278405,19.832988135454386],[77.3433702026981,19.82577785934377],[77.35523530907425,19.816747382203033],[77.36627163515914,19.82589429481654],[77.38917058018518,19.81952680422704],[77.39112717375605,19.812624971252518],[77.38454372107606,19.810534954631986],[77.37812034548473,19.78711275623819],[77.40175312875793,19.78166148396383],[77.40521872761443,19.775126907038555],[77.40073115678169,19.767060497026126],[77.38360332780569,19.76723151018038],[77.37632387122335,19.747403842059196],[77.38141792345048,19.73852215188893],[77.38026272233445,19.72881297079025],[77.3927580678493,19.7275273517259],[77.39621783484299,19.735481690682157],[77.4109639209803,19.745763708087075],[77.4164888986425,19.735835526623852],[77.43860805928954,19.725071670016256],[77.44871644634718,19.700923506832513],[77.44316893444609,19.689404246952748],[77.46000795415988,19.681352797944605],[77.47574866126801,19.68359860082328],[77.48201282035669,19.676988744660438],[77.49963102078164,19.679116783025453],[77.50546821061577,19.67300511658988],[77.53765838121811,19.668819788323464],[77.54104303018943,19.659749424021],[77.55227908769459,19.662253481320185],[77.55417360947597,19.650752793979926],[77.57082278283092,19.649899918945586],[77.57798986106953,19.65864118436844],[77.58388678887006,19.649857547783668],[77.59479667887538,19.650671931841117],[77.59741771943095,19.642689050582355],[77.60688219858454,19.648353173933835],[77.60756489843753,19.638688507205742],[77.61641716764017,19.638498150150514],[77.61207592967224,19.629045187379596],[77.62576113151017,19.625328909951936],[77.62738346825203,19.605854337128626],[77.63912558358768,19.610256567968236],[77.64433659826143,19.60709409196739],[77.63791502379229,19.593441462358093],[77.64905116797658,19.557137820882673],[77.64494546198797,19.554029451602805],[77.63336515299795,19.557177635525537],[77.63550514571892,19.54982994106476],[77.65028658774919,19.54932129282034],[77.6753221109998,19.53842143669223],[77.69543637117152,19.539545811678433],[77.70642736826717,19.532445852452042],[77.70562583477684,19.522104335735058],[77.72806740437257,19.53252697972742],[77.74532140891671,19.52542310433354],[77.74934333981858,19.508956802946603],[77.73358031047398,19.494500525500253],[77.7388567135173,19.482482136878392],[77.72210992922356,19.473270163373684],[77.7108509377292,19.476970681941534],[77.70968192321905,19.468167621717097],[77.69425123639358,19.455381836406257],[77.69703676925751,19.438697188772025],[77.7291950873965,19.43348514211066],[77.74038471906948,19.437516695731503],[77.74871871425208,19.429873005501513],[77.78560497442753,19.44908123362322],[77.7990374550232,19.450333487561238],[77.80487646843734,19.464094864521048],[77.81262422486218,19.459017876965657],[77.81986373426216,19.440733360663792],[77.83106726377088,19.439310294206404],[77.83728160049728,19.449793489616045],[77.84659576724933,19.452567512767153],[77.82667031588234,19.478668413671514],[77.84372561308561,19.48805721201421],[77.84346134939028,19.51071971180292],[77.85986621602224,19.522127443146843],[77.87688771231637,19.515239843741412],[77.87727350100164,19.503735155653477],[77.88539501407682,19.50147642825912],[77.88897366142025,19.518988562421608],[77.90713645021485,19.53398286811052],[77.91334064945326,19.518398176376014],[77.93442039284122,19.504516546079284],[77.93808546080996,19.496575724477356],[77.95287708614225,19.511190370274722],[77.9712869664372,19.50851669953242],[77.97550976153492,19.491274832197547],[77.98734239201691,19.476316753681306],[77.98229273542943,19.463793249799767],[77.99215166302764,19.454815865137785],[78.01433773199365,19.45500514049223],[78.01678580733116,19.48388563009829],[78.02451706799242,19.490163802149624],[78.03341459521738,19.487873217277997],[78.0446343285372,19.474340593477276],[78.06950832930983,19.4584650080232],[78.09497118203942,19.482700014628108],[78.11263804599993,19.48174519722626],[78.12031983913342,19.493856517408133],[78.12254529757054,19.510482890530685],[78.13584126119247,19.51909242329008],[78.13503259777372,19.529617504533277],[78.12063090864832,19.54203500796557],[78.11995440986573,19.54865261251003],[78.12792112345454,19.551304176644187],[78.15121457531568,19.544789041166094],[78.1649482484497,19.553337680244727],[78.18901057105745,19.55816176470843],[78.18568926229683,19.576947664899567],[78.19176892629075,19.585595806894027],[78.19014017827271,19.599197016752676],[78.19690166536392,19.616314039277984],[78.17907308758429,19.650779432742187],[78.13122459616518,19.664386832337],[78.12436845628743,19.651667348345825],[78.10255417845795,19.65596124353869],[78.09580149395819,19.638841127219603],[78.08819766650653,19.63683424565943],[78.07943369091655,19.64087487284048],[78.07095974539922,19.658596897732952],[78.05471251513332,19.66332950833754],[78.05517380811656,19.676315769423766],[78.04773744999007,19.689994233257057],[78.0303479354836,19.69249304945468],[77.99553645842433,19.67300944749519],[77.98122635703373,19.67998782700121],[77.98038993836765,19.69905412516402],[77.96538926069566,19.70452759334303],[77.95008115527891,19.728243529165695],[77.93420543946846,19.738046437070352],[77.9142060109395,19.728927528067075],[77.89914294706766,19.733632125424045],[77.89015518856402,19.725638120212867],[77.8762126193972,19.743724165225984],[77.86457762276927,19.74156915954138],[77.85962542889854,19.745828187232163],[77.86399339174615,19.77264972999835],[77.8520011261466,19.78540850757139],[77.84847756798797,19.797874452463653],[77.87029965307558,19.821477106804224],[77.87360216908046,19.84370447276079],[77.89651903639472,19.875461213425805],[77.93799640722256,19.89267885168933],[77.95342260606485,19.908793370965466],[77.96803812387225,19.905331173133487],[77.99927747625537,19.911903309788546],[78.01548379544661,19.907614210621002],[78.02539104162729,19.917855145715176],[78.05386547119404,19.924517835941263],[78.06064834896881,19.909768684703636],[78.07434383831338,19.896638499099012],[78.10384008534614,19.890380001740816],[78.12854060347111,19.894396917681945],[78.14270505920801,19.91109035969195],[78.17828509619684,19.90490016874108],[78.1885150998726,19.896102759174678],[78.20509033020156,19.898381664138167],[78.21704901677577,19.909645449929283],[78.23391141783982,19.910227821972747],[78.25059157139397,19.9245171594613],[78.2561136007854,19.91692206125887],[78.25690411823543,19.901819059221165],[78.24078243202204,19.88265756857886],[78.24641573572774,19.86908545372417],[78.25365352305732,19.866228534602218],[78.27435471279131,19.873964838535162],[78.28420008571018,19.905981120709118],[78.32637557866781,19.91658874380663],[78.3341347419001,19.905722859837528],[78.32466874189873,19.897371344718586],[78.32878100918218,19.88715302400647],[78.33689825615811,19.88300183047544],[78.38068973476857,19.880435170206926],[78.38600142633115,19.846089430354407],[78.40030063924219,19.83402710848842],[78.43169686532168,19.81487633102224],[78.45390345540203,19.81294886087939],[78.47247690723214,19.817338805237387],[78.49025594561881,19.792685352906368],[78.50724051037496,19.797549482383346],[78.50896989306102,19.812051122350056],[78.51528282438143,19.8190225232165],[78.54949479097293,19.824252878212004],[78.57230436710289,19.815847652879167],[78.60358255635067,19.81836736826314],[78.61900327007987,19.809982465387254],[78.64275918003916,19.807809952054505],[78.65506629795925,19.800194342424223],[78.69897092387133,19.78856119769427],[78.70611040766107,19.772307081960964],[78.719725663976,19.766544123954677],[78.73004011827166,19.780230432931386],[78.73888518747725,19.783181952883265],[78.75638650271071,19.772510033707118],[78.77113801557066,19.77938816469173],[78.78238122186885,19.778414677767504],[78.80436685244047,19.756258249410134],[78.81693398951622,19.761838181929416],[78.82589319057696,19.755149787958935],[78.85763634062933,19.77103947791473],[78.87731032300557,19.76750249697963],[78.88169853208306,19.76256027969061],[78.87971642456148,19.74774367318067],[78.90356129378503,19.7375101050042],[78.92329734615416,19.747529383235204],[78.95041487677246,19.750325280809854],[78.95143170499539,19.757702478661155],[78.9372304605526,19.777061085549615],[78.95148736371208,19.798757767961312],[78.97213935451455,19.80704410295913],[79.00880845235997,19.806921104453284],[79.02323304313519,19.799966664748798],[79.04124168102705,19.821214374638508],[79.07182711827382,19.817980383479327],[79.08588465383068,19.829125940493775],[79.08990325288113,19.846710187618978],[79.09609101564479,19.84113963792608],[79.11002618898186,19.847505370834718],[79.11624141953196,19.860552014311075],[79.13476156353649,19.867411895315865],[79.13588317574575,19.877794115555712],[79.14637948498748,19.88818038279926],[79.14865824855524,19.89658168925209],[79.11057024644721,19.905603440553172],[79.1005964395955,19.917828620837614],[79.09101869456269,19.916886581089855],[79.08854307418358,19.949468511604156],[79.10265314411659,19.95783126957943],[79.10916952767916,19.970087702652],[79.09208607457991,19.97846352903739],[79.09127147778871,19.982731539089478],[79.10120242152662,19.990158410959346],[79.11169866069976,19.990910387590993],[79.1081026794646,20.009412745064008],[79.08283577175638,20.023150405714166],[79.07839408507172,20.045884844891205],[79.07100185398859,20.05544290408991],[79.07308376523656,20.06438044834538],[79.06643929898244,20.06970768807004],[79.05908304093488,20.06567550804632],[79.04402053761177,20.068731471603797],[79.04783032507108,20.086440935919438],[79.03429793384949,20.09319320245121],[79.01920339031516,20.11146673531969],[78.99859070080635,20.127550210125523],[78.98724689756936,20.12899870185888],[78.97814798961728,20.123595394080443],[78.96926294627985,20.12734005241059],[78.9689691405881,20.143884732643706],[78.98132861232297,20.14934523311606],[78.97276436994989,20.16336308497318],[78.95385869058502,20.172184386636054],[78.95871501175705,20.18332924284675],[78.95441750647214,20.19408983965533],[78.96277595828833,20.208259208542064],[78.93891357281504,20.220360285348413],[78.93813729635718,20.229689555973724],[78.92202619050127,20.238786451399406],[78.92119333635021,20.254258673526135],[78.90992766588168,20.256133297085906],[78.89552581865283,20.249495968188477],[78.86334370414195,20.2545572812898],[78.81551269214167,20.250305591415337],[78.81077160056606,20.263928604097327],[78.82004037904007,20.276469999366594],[78.79954006967158,20.299812837456564],[78.78827229445038,20.297149525694262],[78.77598828119935,20.301103867419034],[78.7615402830228,20.294268216325392],[78.74862899058192,20.29845358396587],[78.73665284435182,20.293539855273412],[78.73064610110107,20.30532514941752],[78.70745660947112,20.31049004699141],[78.70839296122101,20.349371431024647],[78.68952520962571,20.358504253139806],[78.68935575682043,20.370367151717478],[78.6625701698693,20.396563052105552],[78.65910156435152,20.41210031673532],[78.64626925807865,20.41857405607118],[78.64748730443361,20.434986473305283],[78.61990414735918,20.434608008717802],[78.61205861470559,20.44498386630261],[78.60581009708264,20.431027731479567],[78.57913970828689,20.43270750386405],[78.56230835749065,20.44011609020137],[78.53483128067147,20.465387052290662],[78.53532584815115,20.479898002781688],[78.52089058988193,20.492303338279072],[78.52156855740998,20.50098987569832],[78.50878050304634,20.52490546458225],[78.49933806136328,20.52210760590407],[78.47232862861638,20.527815042990863],[78.45031189567469,20.512723417003734],[78.43342798894277,20.51931363851256],[78.40998653424866,20.511839383759966],[78.385166272493,20.519211916898783],[78.38157780386852,20.52765248687155],[78.36824040814906,20.533295300585504],[78.3535892577676,20.529465799830042],[78.34111001455423,20.541598647986888],[78.29744742083084,20.55523927717432],[78.29460050518523,20.561128936575546],[78.27860835244259,20.56000243172852],[78.27504105261784,20.570851902744288],[78.26266640654116,20.578283116249118],[78.25673314098907,20.59751329263756],[78.26009614774856,20.60131679384925],[78.25176513946428,20.61694572908244],[78.25351494355169,20.63443208117173],[78.24882328446954,20.64540543187715],[78.26957560451288,20.665266932832346],[78.2661035907869,20.679587188738473],[78.2781661765069,20.692095629520534],[78.27673763511791,20.695961400028686],[78.26132288440562,20.697348857112114]]]},"properties":{"district_name":"Yavatmal","state_name":"MAHARASHTRA","district_lgd":500,"state_lgd":27,"dtcode11":"510"}},{"type":"Feature","id":24,"geometry":{"type":"Polygon","coordinates":[[[75.859695093128,20.560828643306582],[75.88341876255173,20.527964894869985],[75.88053007165215,20.52380415717577],[75.87098463991843,20.52850726280232],[75.86027477059092,20.523707778256334],[75.85784740142067,20.504531793553],[75.84953235889394,20.50179090351508],[75.84784781381865,20.486406725424562],[75.85358798739874,20.48001961749162],[75.85901853685321,20.48111920987355],[75.86147155921302,20.465149610955727],[75.87076059559502,20.46128609743041],[75.8695692211191,20.454972429652077],[75.89088798105134,20.445577982477126],[75.87963475224952,20.44369994700033],[75.87720939620381,20.436758675524654],[75.86187390115408,20.439683744715296],[75.86478486667941,20.446080421845526],[75.85653283019008,20.45884924526583],[75.83894977814727,20.457803043019343],[75.82148399936811,20.472643759852012],[75.8110845527685,20.462834024249336],[75.79691644448162,20.461155824232996],[75.79394715044658,20.450246061624004],[75.77645756271917,20.454769309192613],[75.76412405499094,20.45179755484716],[75.7547919021703,20.423395788988156],[75.74108017308205,20.422311225507325],[75.73102016120072,20.408938784506663],[75.74846564883423,20.4011034680925],[75.7453406947267,20.370310375701568],[75.75733823792856,20.36796973870492],[75.75737301620478,20.359714058768986],[75.7702946671192,20.33618021012112],[75.76397040714473,20.335900700143927],[75.76086691378936,20.327979483827814],[75.754313755894,20.32556241220938],[75.74246251681092,20.326681063799843],[75.74226286354406,20.335229541248676],[75.72954285476655,20.32787095903551],[75.71598224566527,20.330818346331704],[75.70738270758639,20.312922197187913],[75.68148163150838,20.306412099682344],[75.69405309756546,20.27971627478838],[75.68988412323141,20.265832206979578],[75.68057883542762,20.258671194168535],[75.67336774423165,20.23489079164076],[75.67992203130933,20.228815589120465],[75.67857181133502,20.19159514485988],[75.67308354512352,20.18273090165623],[75.64455542415057,20.185814206095],[75.6372569412505,20.139821979079585],[75.62401516131152,20.10063548238403],[75.5857779670011,20.09756416874047],[75.58950409166306,20.060066875388294],[75.59701175805682,20.06038093726327],[75.6035144000905,20.050817037091882],[75.58818228540119,20.024593343251436],[75.59196475509268,20.007044768485336],[75.60980872011483,20.000875921479032],[75.63112029532145,20.00338466726583],[75.6343861043672,20.010890345945125],[75.64411592339779,20.006284338376187],[75.64584919848402,19.995909645156786],[75.63969827113857,19.982985549962752],[75.64851740957518,19.97204530343797],[75.64265745283849,19.95793414120582],[75.65172996649089,19.95773392173276],[75.66877205756121,19.9444552878674],[75.68129072244251,19.9223515709436],[75.65460581777009,19.90745764063627],[75.64530163309752,19.843677327084603],[75.65536950433922,19.839976812377564],[75.65893984765617,19.82369388556022],[75.65587587119016,19.81280822465283],[75.63364943552854,19.8111162615248],[75.64144261616399,19.792510109561004],[75.64519528424597,19.792166809445447],[75.64573311728468,19.78258992530544],[75.63406539053939,19.777461749171835],[75.63715960609449,19.77172722432263],[75.62355763316768,19.77062669676897],[75.62478814813879,19.735738588764868],[75.6318450812455,19.734562605963212],[75.62574534170156,19.703617590398945],[75.63128769278137,19.669084338049135],[75.62504693211089,19.655712213499175],[75.60518853818323,19.657425394154405],[75.60385064219628,19.642487212419372],[75.58495164180556,19.63750946196689],[75.59823083657606,19.600437485518388],[75.64919180899497,19.595080935085534],[75.65290058718877,19.585834945257282],[75.65040313505331,19.577684346396264],[75.6554813679483,19.569835880080763],[75.64615100906327,19.53627886321022],[75.64280287211666,19.536945013511748],[75.64224655893594,19.500642484326626],[75.63120328617896,19.46437563122659],[75.6273923327064,19.460134216995385],[75.61315259814864,19.46728253193337],[75.61029344026238,19.455371765308236],[75.60443559276995,19.451991569639617],[75.60297631462522,19.428118634963216],[75.61221971120084,19.424293520600752],[75.60594139556162,19.383938325838045],[75.62355377220858,19.37317081556967],[75.64139943594493,19.38284939766364],[75.64934011186521,19.367055927777862],[75.67146997144724,19.36833260554887],[75.67612869918939,19.35621303216045],[75.68531513359288,19.354036728733647],[75.70098471479172,19.35935480821516],[75.71731587824787,19.35492269790862],[75.75086214021321,19.35705636106503],[75.76264227045505,19.37917341792509],[75.75753478931273,19.38938088481182],[75.79093082691142,19.39993585466416],[75.81785117732485,19.38530698240167],[75.82890228608608,19.374183152763596],[75.8422443287905,19.370606565572476],[75.87388534398829,19.383643148253128],[75.88052078756368,19.38382441473304],[75.88676519180093,19.37729785031491],[75.90267001033168,19.391254579567594],[75.91072205039775,19.392671914177434],[75.9241397546053,19.38118864755061],[75.91628104995469,19.371548514327998],[75.91560489882012,19.361362469707757],[75.90571369924534,19.354025360539413],[75.9029856828141,19.333853066518923],[75.90709068362523,19.312951358519168],[75.92564596163879,19.296611698770565],[75.94398097903294,19.291352005500933],[75.97767797830294,19.304946637227296],[76.00348809726349,19.325848624641488],[76.00979225114526,19.337171653943216],[76.01957324450265,19.339695730075523],[76.02486257879448,19.335572117566727],[76.02006168726875,19.327257301590844],[76.02681117017282,19.309979662079186],[76.02488218722048,19.29752131885178],[76.04087917739093,19.2829861751929],[76.08086713339289,19.279030996783565],[76.09098822262867,19.28539599568318],[76.09620549676332,19.30529152486012],[76.10082751395309,19.308219736969228],[76.10975902444521,19.305718665456983],[76.11382166789407,19.29574926343358],[76.12689589137128,19.3036813424436],[76.13246728947578,19.292955792541417],[76.1395336620795,19.289984306879706],[76.15901805501503,19.297389172189302],[76.16142269680859,19.28250106393377],[76.17110873824048,19.282058121035096],[76.1824368739606,19.28853317886896],[76.20008569795357,19.28347697199049],[76.20844539303812,19.274483700791574],[76.21937479445138,19.292176108857422],[76.20778108798721,19.29770021122351],[76.21071784863595,19.31846070977151],[76.23070632759993,19.312678257154474],[76.23642419241824,19.31926797710274],[76.24018625957302,19.33824047197534],[76.26361562563834,19.333023884661806],[76.27624562771597,19.346139428024284],[76.25768485919934,19.35667172731321],[76.26189580372183,19.36711167179413],[76.2829577227379,19.366049677886064],[76.29033834579094,19.39664319025241],[76.28414422654832,19.397399243046753],[76.28852472089415,19.433382441989522],[76.3013631967964,19.431888450818892],[76.31321754584701,19.4662213091603],[76.32322329589189,19.457369175373216],[76.33756563332645,19.453516160330295],[76.3441716229403,19.472195342464914],[76.36429944318125,19.47041852220826],[76.37613027613435,19.506648934259424],[76.36946886316241,19.509015553308686],[76.37540175142207,19.537223859891956],[76.3922188657177,19.53184612145554],[76.39534778588717,19.541103277321408],[76.41847807045505,19.53436260244413],[76.44217323004663,19.541210811644955],[76.44835797357261,19.58431350053863],[76.43618055261658,19.586662699991038],[76.43808655307068,19.5999613742548],[76.4322803173846,19.602086716209953],[76.44180425692517,19.612939871094138],[76.45116564721336,19.613597700392923],[76.45586872298445,19.636779805230507],[76.45370320912626,19.640952843889664],[76.44431625278504,19.640462306465317],[76.44980651864638,19.66132316312705],[76.45223665732263,19.666748567707526],[76.4653829301772,19.66526122416553],[76.47022942467835,19.679386512632288],[76.48773991530413,19.67687740759423],[76.48361050457177,19.721282571501376],[76.45978916851371,19.724625491944636],[76.4594309509211,19.745068794881092],[76.48362728510129,19.743546263045605],[76.48876354467204,19.763804827786245],[76.5096655366181,19.76128931456481],[76.51041995437014,19.771678004212568],[76.49328135998378,19.774952710349083],[76.4837566074679,19.783899833992503],[76.4832874982434,19.797680707051786],[76.48515784456383,19.801014403650203],[76.51079880716313,19.799574115130977],[76.51456471012413,19.807997805319964],[76.51027031121347,19.81937592269966],[76.51529655141647,19.825807646389],[76.51257640692205,19.83157123992176],[76.5205576768117,19.836295231869848],[76.51989124455018,19.85106979285973],[76.53429006894812,19.85082925460374],[76.5336902916807,19.865706844904484],[76.5193350688117,19.871409080554706],[76.51797035721522,19.877922465845895],[76.50647343164648,19.878207613623747],[76.50106876984186,19.88919708369201],[76.49136608442441,19.893654847586365],[76.49347064579392,19.92028579664343],[76.46335014330057,19.919233929851703],[76.45310495090995,19.923441056058216],[76.4403270178646,19.91732587027429],[76.40879627985109,19.92036093943043],[76.40018445551407,19.907009094687364],[76.39143302849031,19.90425766149246],[76.38555150589856,19.91541029275553],[76.36651446409307,19.928378009817717],[76.35471119504611,19.909420767193648],[76.35445536293804,19.89683678139634],[76.34783690111479,19.89208857609052],[76.34236774476435,19.893962708259007],[76.33683049342044,19.882999928062713],[76.32692514807486,19.885515328601283],[76.31610100765332,19.877121197133974],[76.30628991085243,19.880669875982363],[76.29644553775846,19.86889253944961],[76.2542291436076,19.876846936011944],[76.25069780873353,19.872591740261534],[76.24057978724446,19.874134351228406],[76.22935396783858,19.864949454039525],[76.21221418677776,19.867998240538817],[76.20725647006465,19.8639151290967],[76.19743677548817,19.864996465538724],[76.1834938910127,19.851259077847043],[76.14842689266243,19.85586241469419],[76.14772102346161,19.84409845971196],[76.13922901911214,19.844148913049022],[76.12910254806947,19.864888296995577],[76.09767601283231,19.857130463967803],[76.0907741864358,19.873513935291133],[76.0788528940319,19.88098863754954],[76.07926145321304,19.91262430666051],[76.0587096991249,19.918832738823],[76.05749921209299,19.929618299405558],[76.04726035013023,19.937407695080083],[76.05173181596658,19.940758788662237],[76.04756131808976,19.946942701381314],[76.01630736269338,19.951736280650184],[76.01070004365562,19.95461889318518],[76.01231259415079,19.97385903909811],[75.98974215943089,19.973570693460623],[75.98782988604117,19.981365505392766],[75.97255125794219,19.982752162007095],[75.96334586010305,19.997909281287637],[75.96510535880904,20.003203557390233],[76.00593818392898,20.012007231902295],[76.01047059866069,20.021723862755234],[76.02346456665039,20.02457712731938],[76.01883697271938,20.058519068175936],[76.05245166564812,20.06195468669373],[76.06974088864301,20.07353971593927],[76.06315874211343,20.084391516840093],[76.0513577017867,20.084861359402392],[76.05609870802236,20.098031931936664],[76.086719820064,20.10041679936027],[76.09445901644249,20.095786391796832],[76.09847948488704,20.130468894494467],[76.10556577493723,20.132965229649265],[76.10887114578807,20.143918599689226],[76.10515663544443,20.15306892767107],[76.10845649782598,20.163028410425436],[76.11958478803977,20.16121351406661],[76.13331503230435,20.184157831394046],[76.13183817412948,20.198583727130266],[76.14530135285334,20.198984829108884],[76.14973047749709,20.205325610946975],[76.13335016182184,20.222579642503174],[76.15023913415367,20.23660874898995],[76.16634010072498,20.238414925808744],[76.16951420435664,20.25755324061618],[76.17875154089738,20.26518453070275],[76.19351164793966,20.299762899544827],[76.1717906008636,20.30224653961256],[76.16826246758524,20.294726976315488],[76.15758687437572,20.302082250515305],[76.14080025069748,20.300458093445055],[76.14733416578115,20.3100488418072],[76.13448572217249,20.318708266608738],[76.12669341919107,20.315526356491787],[76.12619511202486,20.34432695271009],[76.12361169291336,20.34139338642632],[76.11924245086477,20.34742291461719],[76.11207398472904,20.345665521329085],[76.10815914738208,20.3536031087313],[76.09782470736803,20.353405296192957],[76.0967268349368,20.347224168517716],[76.0923040371276,20.347839881615624],[76.08892862732898,20.35304915078371],[76.09295957192641,20.359375380749242],[76.08672806120842,20.360873647867002],[76.08565599378204,20.36645140615072],[76.07172462301357,20.349097345429023],[76.04674341998988,20.337146451814604],[76.03137656295694,20.305389124800534],[75.99307047505073,20.310292467413444],[75.97482260591727,20.308120213597725],[75.97624423926173,20.313864785961822],[75.9678991867163,20.315280362609105],[75.94850490738017,20.298757729670836],[75.92985466935623,20.30108689244683],[75.92190164429573,20.320747762689365],[75.92992588240205,20.32739525609882],[75.93353423164204,20.33843152346598],[75.94097929085041,20.341395721266892],[75.94139983265909,20.369570426988776],[75.95872604737905,20.366052792071653],[75.95980597596245,20.37224812218097],[75.96660663139671,20.36961804162898],[75.96070437299326,20.38384451500708],[75.94907122599653,20.39284976037962],[75.93959343650539,20.428024634225032],[75.9439435722862,20.44276646015288],[75.95500859864609,20.450655558979374],[75.9556283921747,20.465159504176672],[75.95163200486793,20.465015943420845],[75.95469047825453,20.472897561608534],[75.94845569856724,20.472755930250262],[75.940255632312,20.497777176062325],[75.94867176944419,20.51819086395781],[75.95992911253005,20.526129930524434],[75.96970945371055,20.521982692178575],[75.97162745116523,20.53864029734414],[75.96028313319361,20.530439626637197],[75.95009971435186,20.531798593185414],[75.94098751492682,20.535147488222552],[75.93275127980333,20.547897299339443],[75.92525047564001,20.545722702536324],[75.9169783150917,20.554808794736367],[75.881653295439,20.560408016586162],[75.87487090005956,20.55261117255564],[75.859695093128,20.560828643306582]]]},"properties":{"district_name":"Jalna","state_name":"MAHARASHTRA","district_lgd":479,"state_lgd":27,"dtcode11":"514"}},{"type":"Feature","id":31,"geometry":{"type":"Polygon","coordinates":[[[74.28623086191551,19.987109056691704],[74.28092503994499,19.95712896225772],[74.27127815966959,19.961993347003666],[74.2477402627449,19.963163588060294],[74.24820670037977,19.935222019748757],[74.27247697309433,19.933290928656383],[74.27463309057467,19.9063074111366],[74.33554736939213,19.88723189010665],[74.33724671061849,19.87234381118565],[74.3629641997985,19.87126149922987],[74.36268233541179,19.83335262363638],[74.36954581991532,19.834735261264356],[74.36744237605,19.811446792007025],[74.37331988047745,19.801728884418434],[74.36796075876615,19.805825062885017],[74.35350990125202,19.79515913496752],[74.34409507198419,19.798606590347003],[74.32764179693821,19.795544003870027],[74.32309255226964,19.7798963473218],[74.32637192048627,19.772646408607432],[74.31754417079935,19.76456501270889],[74.27523607123442,19.777549497493236],[74.2692774857677,19.760138719422617],[74.2478880383041,19.751103342271236],[74.24686685774364,19.743985414542784],[74.22402772344755,19.742080619841786],[74.22337613674442,19.73622675604666],[74.18925256976677,19.73921125182477],[74.18128216320385,19.73152505001344],[74.16717202230393,19.730493273780326],[74.1527128023728,19.687717086672816],[74.13954838714275,19.69498760205816],[74.1351653936838,19.690772769447545],[74.14431283850902,19.67348794160527],[74.13373641840855,19.66696192627433],[74.11966488260796,19.64142257045603],[74.11548130975221,19.64640892965893],[74.09999348558308,19.64877116239542],[74.09771839522654,19.6408193482998],[74.07137926648004,19.660596208332223],[74.05205723594727,19.661900265986535],[74.02094051887178,19.6735696736433],[73.9968438123482,19.6668355782927],[73.98183159851135,19.670245432304007],[73.97806875431384,19.675450682380724],[73.96875432166047,19.670652950777605],[73.96060990603713,19.674256898999932],[73.9571018644784,19.669012543907098],[73.92597739943362,19.672270127270803],[73.90768586768577,19.684332457215575],[73.90419640059216,19.693403100434452],[73.90740555828282,19.696992250317958],[73.91361942878358,19.693778273565474],[73.91138895864552,19.702271453292163],[73.8949458974443,19.716240649219362],[73.89777486025898,19.74594619206622],[73.8887507963431,19.750476861865224],[73.8809648076198,19.73818243726831],[73.86862663673695,19.740574066944784],[73.8649215542122,19.747722316234377],[73.83725279218272,19.74064749296704],[73.8383253878185,19.721988947429015],[73.8190239781131,19.71433187636212],[73.81002276194816,19.683830133142436],[73.80515866226406,19.689786450369063],[73.792591641071,19.687801287113228],[73.80636599531098,19.676924890757107],[73.79568000589869,19.67628596630227],[73.79043623954796,19.66340416173236],[73.78179786729935,19.659884563614998],[73.7798782151479,19.650721706958404],[73.7930649103936,19.642319281669614],[73.7764674189136,19.6409270613902],[73.7753569296442,19.6267806912657],[73.766600364257,19.633191453680514],[73.76390698326989,19.628105264481963],[73.74400938686323,19.623701763280344],[73.7380318271811,19.617715469374517],[73.72164359285662,19.619777576683706],[73.708673592817,19.611584718872106],[73.70917001621604,19.60118010775232],[73.70387899578647,19.596392692672886],[73.68504661625381,19.593334843023683],[73.68165079044373,19.588261053595687],[73.66901545596656,19.590528734328657],[73.66139841878865,19.58414231828762],[73.63448662033672,19.595935536404525],[73.61596302410659,19.585514992373795],[73.61467495856677,19.57712749130784],[73.61811725153153,19.582327472244504],[73.62822073827934,19.56920375903961],[73.62260734752854,19.54192693407966],[73.63181971988755,19.541527521200283],[73.63256855281342,19.532686460635272],[73.63893600558337,19.538919818037247],[73.65772594061715,19.53665693366076],[73.66423840123689,19.51180514299426],[73.675184666723,19.509302194718554],[73.68003951016638,19.51850083532067],[73.69049461548268,19.50538622283743],[73.68634246479722,19.50030144602813],[73.7087954726415,19.49497650343582],[73.71375027791476,19.48416100011838],[73.69600416098662,19.47868448869558],[73.69443842080257,19.46924382784665],[73.67406910826045,19.46092160870471],[73.68340170934044,19.457298511676214],[73.68439732564453,19.44505942058598],[73.69266857619948,19.434098300264026],[73.70206025049255,19.4336452542757],[73.70666802579179,19.426300893798295],[73.70951756092475,19.430875414570455],[73.73044796748157,19.430600543678896],[73.72708978108187,19.41679158080653],[73.75084025892866,19.407546735835094],[73.75260788020142,19.396149209516306],[73.7694353359026,19.392821864462828],[73.76999689165132,19.38547066883512],[73.80400250264563,19.39519250771848],[73.81420915371727,19.38711542846558],[73.8215989584508,19.387524454967668],[73.83949215384548,19.37554082290302],[73.84116476300562,19.366339918533853],[73.85344787794135,19.355512216662508],[73.87355730517682,19.358596765120225],[73.88684643980599,19.37483298638434],[73.90418788186831,19.363089707686893],[73.91275195715473,19.363253115578384],[73.92710038157365,19.33906180203851],[73.93658853043665,19.338774478710125],[73.94348526248716,19.34430873549428],[73.94436128248424,19.33953839640609],[73.95473896919273,19.34244913501425],[73.95389184350675,19.3476473108292],[73.96924591481826,19.354567162219492],[73.97202085744331,19.347742709727974],[73.99496700624255,19.352639496886372],[73.99908597226309,19.35976239412789],[74.00211897481812,19.340795699391563],[74.01169292446883,19.335248416373023],[74.01188280226874,19.325857903530242],[74.01919570941733,19.32153411739691],[74.01791819908213,19.315378029297705],[74.02631853844173,19.313993566199272],[74.02046587243188,19.308944420492196],[74.02565184566878,19.297612671437527],[74.01200497763898,19.297359773183896],[74.02031619064765,19.28228891554298],[74.02407664981807,19.288785307311834],[74.03235091781407,19.279197561679688],[74.02343391780869,19.266338460521336],[74.03225805447155,19.25777325799933],[74.03142343782592,19.25029165146219],[74.04460034772328,19.26170405643092],[74.05054588516043,19.243804977473665],[74.05911178492522,19.245427113996392],[74.08929987935551,19.22756386232087],[74.09287064398231,19.226644847745465],[74.08410446751991,19.23893578224208],[74.1264230019152,19.22207948603527],[74.15235328581633,19.226191918963252],[74.1575051859545,19.20227621199022],[74.16560841651703,19.206952445815993],[74.16857360345463,19.22356439829796],[74.18945264703844,19.20946083230025],[74.21919744174065,19.202786936610277],[74.22755754466034,19.203627727831204],[74.24632081050996,19.219005088935518],[74.25662437632604,19.219518220666174],[74.26055517224401,19.226480450945264],[74.31668799548521,19.207382756540607],[74.30331784629217,19.192284964923907],[74.29409844281946,19.19005039379914],[74.29483833481333,19.186012032825342],[74.27348914534913,19.186164987577406],[74.26669070246547,19.181536548093202],[74.26331150626793,19.16842156890688],[74.26630445024949,19.16223708298886],[74.24358840850354,19.14420875220004],[74.23428588032431,19.12307745970569],[74.21005414084387,19.127939513414663],[74.19682374794942,19.10024464314601],[74.2023004339786,19.08905933832134],[74.19122606244478,19.078696118069956],[74.1911791667937,19.06009754083817],[74.17208876775524,19.04081269883429],[74.17396876018523,19.031686345997315],[74.18757487704046,19.02433663811785],[74.19008989213806,19.016603779227644],[74.19929772620821,19.013965073419687],[74.20053753874252,19.005665365277515],[74.21287082368858,19.00882475802915],[74.21474266031409,19.001137655975924],[74.21062251839884,18.99476830875834],[74.22029226349316,18.995382406341786],[74.22541926322997,18.985262811875735],[74.22163872850959,18.970921974378225],[74.23659976712135,18.968173820770996],[74.23608631435945,18.952705616355775],[74.2492587093242,18.95519574260798],[74.27087194059979,18.919830285226094],[74.29592262651407,18.90329102778421],[74.29464717242256,18.890633222052006],[74.30828284025738,18.867687938353004],[74.30718276515707,18.85451232879109],[74.32618157556243,18.83813897312311],[74.3392181461545,18.836814217050524],[74.34917784945621,18.845221617840146],[74.39783257075798,18.82722311509216],[74.39842319868424,18.82226505844819],[74.38389876196179,18.803921154268984],[74.38841322655753,18.784111043507913],[74.40057502491243,18.776697397692594],[74.39317379810004,18.76633897120016],[74.39912952602583,18.742716155887933],[74.40987384484615,18.741158894925853],[74.42640620038324,18.749489010046283],[74.44107303175629,18.73725171620804],[74.44406788645446,18.72179528163391],[74.46573188422174,18.725465065603075],[74.4773569742287,18.71926132631502],[74.48128244583197,18.7024227342502],[74.47376778515539,18.692288041604108],[74.47526331661008,18.68724121075054],[74.48731003987876,18.676207671599702],[74.50324685011172,18.678369843544317],[74.50993194177623,18.667537732904925],[74.48832176117932,18.65346171418786],[74.48623973943857,18.64660774697215],[74.473437843833,18.648560580231432],[74.47163447140858,18.64148822708994],[74.48319302499905,18.629512402750603],[74.50525402422298,18.623034821405078],[74.50913685639298,18.61269785593224],[74.53574288988179,18.618018649704602],[74.54967077608528,18.61197339611833],[74.55215702622912,18.606358909524204],[74.54335085407533,18.598907156467252],[74.5413195089947,18.580654434090416],[74.57804969048283,18.54946819226803],[74.57692441404552,18.543996853769972],[74.5696357847658,18.544482248781733],[74.57071020847316,18.532714362701803],[74.56558665197882,18.524080770182035],[74.54657229712582,18.50750186343468],[74.55764639467348,18.49225160110466],[74.58120589518244,18.472537077924812],[74.61482628612501,18.467875862609752],[74.63623035816146,18.451539802714574],[74.64671811095013,18.449875938303144],[74.67472767134049,18.46285815122591],[74.6560303059001,18.475019069832687],[74.66026164307785,18.49013884484773],[74.69676304971422,18.505844210334125],[74.70951251155498,18.50356837600947],[74.72805138273822,18.483333855065784],[74.71615304139148,18.427745682010464],[74.72865486465787,18.40339322788862],[74.7524340679325,18.396592131942956],[74.77791983309169,18.409696237191753],[74.79403471636341,18.401443995722456],[74.80931250543594,18.381973585339388],[74.79329574873596,18.3564007462342],[74.80293988286154,18.345192327668045],[74.85084040110863,18.329249020600642],[74.8548794251537,18.334654810482846],[74.8643689565239,18.335781836276613],[74.86578478854827,18.352119037847302],[74.90786636084634,18.356493987129728],[74.91494499365704,18.37861230718854],[74.95900421513792,18.389087923030317],[74.96633867197184,18.385073218833774],[74.97927658329122,18.39991303035759],[75.00552994089442,18.403574191702013],[75.01647271103572,18.43703411736575],[75.04971257113239,18.429835232859485],[75.05908024244107,18.418909692353612],[75.07959544857187,18.423487469427016],[75.09093996507119,18.431171275608584],[75.09157860345782,18.452695865720983],[75.10597617560425,18.489869812213694],[75.12149446883114,18.491828067612737],[75.13357198455118,18.526023776040272],[75.15720864046156,18.51931029785859],[75.18192321722071,18.53009252116593],[75.20130167812297,18.531346881375462],[75.21312370578968,18.55388325661284],[75.22860680302375,18.54109857573605],[75.24117196739913,18.53971512066481],[75.24339965994633,18.527165325189227],[75.25912721841364,18.508687545341818],[75.29621637567242,18.523607989096103],[75.31277996742854,18.519921511742442],[75.3297345293525,18.523303328951158],[75.33090388701909,18.53949124715349],[75.3419484219091,18.560618543072604],[75.39768925808953,18.54270547272368],[75.41497037199235,18.530906018891006],[75.43408779684609,18.550770372080073],[75.44510312570955,18.583595816423966],[75.45284682624084,18.59627951304294],[75.458753759477,18.59481569118562],[75.46205395154026,18.60552916822799],[75.48685023456608,18.61922616920283],[75.48798253582889,18.62625651806529],[75.49908498869848,18.620609617531002],[75.51823770925807,18.63231495680637],[75.5202165684716,18.63841392067409],[75.53968179764718,18.638271818306357],[75.5459299424693,18.643782660607663],[75.5473661024702,18.65591146251879],[75.54058739916654,18.65621566771222],[75.53960225093047,18.66285014161905],[75.54335614431446,18.68052969873901],[75.58176157241635,18.68425413863852],[75.58301246836464,18.698396703253742],[75.57764551873397,18.6967667926783],[75.57249862760183,18.703494124843086],[75.563286628942,18.701957623178327],[75.55346094709412,18.70849376886851],[75.55626077125591,18.73623890850466],[75.52563641539778,18.752894760998785],[75.52589533142223,18.73339774506654],[75.5073710372011,18.72367980925294],[75.49183518909692,18.728155331071456],[75.49361820030713,18.73559179172132],[75.48228232290589,18.743930268815404],[75.46787327478171,18.74654632731364],[75.46757949963266,18.75180696775037],[75.45067193037782,18.750651171713752],[75.4470046812996,18.76468212177296],[75.44346660816261,18.76167201121447],[75.4413116953231,18.7923465131031],[75.41922483270379,18.814324401592316],[75.4205108105589,18.81796784928212],[75.39821310885085,18.832060078103407],[75.39104370487395,18.819633576978774],[75.38621732634694,18.772371384598333],[75.38144732339227,18.769755351435315],[75.3733059988718,18.76701037596085],[75.37282943452873,18.774601346312675],[75.36321371231897,18.78152010406754],[75.3650582554312,18.786675094180328],[75.36124218066321,18.789667774902487],[75.34880741214123,18.782644348463325],[75.34019409929579,18.786093582282007],[75.32887966198544,18.805651874725264],[75.29348374998546,18.765897907927528],[75.27626129607071,18.729566710565223],[75.25405045246748,18.71971237978479],[75.2181323453013,18.730903448997914],[75.20791915359605,18.738407195637564],[75.1717457048019,18.736496051062474],[75.1748267815977,18.70864265832741],[75.16557923750038,18.695430786817948],[75.1625868387962,18.65995261064329],[75.15627239471286,18.641458271257907],[75.1420558447743,18.652859155967636],[75.13974259488279,18.664828342216467],[75.11706814513448,18.679543306754685],[75.11951734965434,18.684437264436628],[75.10995382315583,18.689402187582445],[75.10352781011086,18.701896242974858],[75.07679093700092,18.714299708938167],[75.06738320083059,18.73172824683605],[75.05732531346496,18.73509197841013],[75.05258762740259,18.748007367318657],[75.04429705318756,18.750839193346366],[75.0396666834623,18.76341226436667],[75.01743526304918,18.771974075668673],[75.0056427639042,18.782866783811862],[75.00937695723401,18.803264611467103],[75.0025468900591,18.8039142841322],[74.9992905250019,18.797633030029836],[74.9985398810724,18.804353790344784],[74.99663874679221,18.797302345995718],[74.98596025112602,18.79690433730178],[74.97154620208062,18.8125612845105],[74.97327230861087,18.828377106955866],[74.95729715109508,18.81917271393128],[74.94340763553065,18.829891058392363],[74.92230040908488,18.827857298897992],[74.92655983747987,18.843225054468412],[74.91883509589262,18.854413279466453],[74.90911329881749,18.84628747968548],[74.89399280654786,18.846054010711985],[74.89799981463622,18.87577887116794],[74.88444695170762,18.88590146633641],[74.88331073019692,18.914351093129476],[74.87418917481821,18.912627214857576],[74.86418798282507,18.897724670086653],[74.84812828575625,18.908152409513402],[74.8425299381932,18.923612644147983],[74.82497311336341,18.932857175359874],[74.83352525273466,18.93847529893847],[74.83509421337898,18.95282618941213],[74.82897185156125,18.961955859968054],[74.81284894813066,18.962169934773105],[74.80805821475418,18.976820926841445],[74.82533581804084,18.99068207825017],[74.83673664453542,18.96997685032199],[74.87320425655082,18.984824778489997],[74.89964453020843,18.978897030813815],[74.90325518272878,18.964104965485653],[74.91649264177123,18.958218886259672],[74.92337839820559,18.97190212376638],[74.93494784656386,18.975597300430014],[74.94459315658413,18.969521385184958],[74.95343893006891,18.973046257977536],[74.95334353707057,18.989171052761133],[74.9603307537247,19.00128770695446],[74.9485609918379,19.004587161793477],[74.95040010193928,19.032777550852988],[74.92215369443603,19.031564678512222],[74.91468643516207,19.03777275113088],[74.92059528719966,19.093942405726438],[74.94273897005732,19.13303331158004],[74.97479015870877,19.110856707789935],[74.98003177988261,19.11121295821626],[74.97889476426118,19.116792096860607],[75.0116596311682,19.10399036283386],[75.02017339001893,19.106676365229628],[75.02564381568885,19.11480768686906],[75.0249903856428,19.103026824674917],[75.04401756214985,19.110286157859598],[75.03731698981805,19.10203042950019],[75.04800110444634,19.102369515670365],[75.05304733575765,19.107771760287815],[75.05222869744597,19.10020080202672],[75.05861085833206,19.098676450281268],[75.06571592586663,19.107765026581408],[75.0688232164007,19.10210160569431],[75.07762749490588,19.105594478041912],[75.06875891948425,19.11119017630171],[75.07892870279832,19.118843028792224],[75.07014108175345,19.120188946999367],[75.10551971196396,19.12653763734914],[75.11017144811827,19.11346359134197],[75.09789433303033,19.101412810689794],[75.09751008585407,19.08123059973352],[75.0824107740622,19.08454301766374],[75.07881740063628,19.081129536311103],[75.0823151196541,19.072250915115937],[75.09049686926065,19.06819391533443],[75.0749450311444,19.069023724914047],[75.07088481045187,19.055364511408282],[75.10027502663674,19.042880787999344],[75.11033338831285,19.04203961580179],[75.11223795056416,19.0457981376684],[75.13131832350572,19.04035108771873],[75.13488262385573,19.035551498404118],[75.14376448176719,19.03489826624528],[75.14707038352239,19.042276527588886],[75.15631293119006,19.036434546350524],[75.16601710781092,19.037137435303997],[75.1690143223833,19.019661614446367],[75.18143858959965,19.012157421786732],[75.20988700305747,19.022297693939628],[75.2088021642827,19.034747023609683],[75.19456150356187,19.04989731424497],[75.18566785795727,19.052274079151204],[75.19685264591426,19.067570584559697],[75.19348249215837,19.085947993456216],[75.1875817249583,19.093175296584807],[75.21133660993988,19.104879204530683],[75.21630372303083,19.112422699684387],[75.22686831321734,19.09116474554851],[75.22464459391861,19.06711029087588],[75.23418239895555,19.061386512258654],[75.26187824519086,19.070004236659297],[75.27098395069468,19.05379555148582],[75.26669014377377,19.031146499406002],[75.25646181006611,19.025351076271495],[75.26527789602741,19.01739479832528],[75.26887535948278,18.998178113099442],[75.28742525299457,18.981957053205658],[75.29537689015793,18.980999000784525],[75.3133141946297,18.979957399453887],[75.34151273001312,18.990228783085882],[75.34488812813365,19.02447924912589],[75.34005936278294,19.028555192322898],[75.32758059298169,19.033702006188474],[75.28449533122007,19.034078782928717],[75.29319085698202,19.07475476952918],[75.28107730444607,19.080598650950343],[75.28146365098513,19.08480218651138],[75.29539025349608,19.084914302582195],[75.30857662085674,19.09852078548894],[75.32129320256145,19.094615498506222],[75.33602122447672,19.081194631064463],[75.36498855425,19.07837925451545],[75.36019218664002,19.108262866846367],[75.35179470571966,19.113291806592958],[75.34930255454267,19.12437673504581],[75.33148355370226,19.13098630620066],[75.33032013210311,19.15258942605918],[75.33993606182365,19.155742165997587],[75.35261875009272,19.148363515841933],[75.3506166290049,19.12655286688444],[75.35855981212315,19.126648143110515],[75.36188625475565,19.132421740979154],[75.37588975574985,19.129197214552494],[75.39430433333544,19.141993175401737],[75.40742619447214,19.140771930547515],[75.40896336014531,19.12882648478754],[75.40400679956399,19.12370345784015],[75.39295741826305,19.126556422196472],[75.38024183817987,19.103050522770374],[75.36631063539636,19.0902036794472],[75.3682378289046,19.081245855513444],[75.41248993035511,19.08031923115517],[75.41656872281781,19.086961062488882],[75.44473991168738,19.092897792753064],[75.44952953294955,19.083083690445672],[75.48585239582997,19.105831817616757],[75.48126321835205,19.115045004733105],[75.48243751405775,19.1268839222104],[75.46414685996393,19.12949278084033],[75.43027457243254,19.118815340367203],[75.42269102085513,19.138229889037955],[75.45388841472796,19.14414196376391],[75.44819217774841,19.165887540934758],[75.44500058301989,19.17197954852484],[75.42268453322215,19.173347704968183],[75.41899065089238,19.182490824674563],[75.40356558392733,19.192625086514635],[75.40219458951375,19.19931511013742],[75.42170962398365,19.22024523971996],[75.44548475250015,19.22042326129037],[75.45834976104261,19.250581778748554],[75.4737310971213,19.252572873829248],[75.47229269941701,19.258980428991595],[75.50527675974496,19.267317898406127],[75.5200402803853,19.278580423200182],[75.52516043855292,19.29753619002898],[75.53908538546881,19.308061120803714],[75.54271029155781,19.322026816970116],[75.53971675917971,19.328497838721052],[75.5169187533506,19.33061670367625],[75.53154366214598,19.375961119719424],[75.51680522695995,19.380389227666598],[75.51677391348576,19.384824081635724],[75.49712332144287,19.378312986330013],[75.48510569101298,19.38180954820915],[75.48772170908782,19.41761535733986],[75.47464144983022,19.424178760068468],[75.46731383815873,19.41410751537757],[75.44378966479668,19.413062604278032],[75.43980737924325,19.41828760517855],[75.44130874166243,19.428366430475712],[75.4349638348095,19.419127047546425],[75.39201471183087,19.415112955671606],[75.36630559944086,19.398104257333003],[75.33590213392118,19.407502552287756],[75.35552115736839,19.433172766044798],[75.34661212002968,19.4495628643812],[75.32718634755634,19.43877900683302],[75.32329892858849,19.46393574964863],[75.33857937667425,19.465657781962612],[75.34440305225327,19.483452118329275],[75.35825521856316,19.480127065921348],[75.35628788563304,19.50108662630675],[75.33863562378744,19.49849338926449],[75.33494948852868,19.48046692804649],[75.32757669609002,19.482452015015703],[75.3287720159666,19.50554740033896],[75.32291462032678,19.50504682540451],[75.32324691523525,19.49656763577499],[75.31192188858431,19.494730529583865],[75.30153465368268,19.502575002476632],[75.30307412173791,19.510997176701203],[75.27367928282263,19.514476739103984],[75.28074014156711,19.544909968058025],[75.27423775914656,19.554547498121725],[75.2675448593256,19.55424540024681],[75.25564099603484,19.522362924858363],[75.22763084634963,19.540876772076682],[75.2183621837583,19.557828665970685],[75.20375169471987,19.56252120215926],[75.20566344529007,19.57902916207995],[75.1891388934179,19.59620605487673],[75.17157722217713,19.599151602575706],[75.152878484111,19.58933578542815],[75.1381101529923,19.597291257989106],[75.12828024007943,19.594240485204125],[75.11344333606354,19.60449531542482],[75.09931170836035,19.60369416272401],[75.08758985901748,19.611804010709292],[75.06013340122904,19.60497555476207],[75.03969637817235,19.613040483830186],[75.03909635835977,19.625515412414984],[74.9991541203176,19.623973777559986],[74.9853998074916,19.632755888548015],[74.98345498903747,19.638994502619372],[74.96159671981022,19.647604587008797],[74.9436116447283,19.646271778719896],[74.93180751240038,19.637256957257804],[74.92775257739497,19.646521838635447],[74.91546914804891,19.64837859822428],[74.88744198517053,19.639451540677964],[74.88358420252224,19.655733765459907],[74.84896377286937,19.646735900923247],[74.83641899306444,19.66407783577892],[74.82267166913137,19.668983356089402],[74.80846026653934,19.68811469952155],[74.81478505472317,19.69685039036675],[74.81413671093826,19.70432111057998],[74.80153632362057,19.703364404140643],[74.7857383192687,19.716410604787203],[74.78499177345354,19.73470722701249],[74.76820599059839,19.736299611633722],[74.76625323732534,19.75330782632443],[74.75835913276434,19.75440853681134],[74.75088991246812,19.748838599235487],[74.73191323924634,19.769887335942222],[74.72786665587812,19.76727019652244],[74.73111831555984,19.757974027801506],[74.72263431160624,19.755135200641377],[74.71760555701879,19.78004402027895],[74.70759107085777,19.782070305023268],[74.70200993501558,19.77723294006529],[74.70577932164332,19.762762111847255],[74.69460125488132,19.755491013630014],[74.68966897935536,19.757527097926857],[74.69007753673984,19.767405413507294],[74.67788536814179,19.76711905496169],[74.66623257409148,19.777244171943657],[74.652518715996,19.777269967136572],[74.64721441127998,19.786614951293625],[74.63630288095099,19.793020812260014],[74.62345135881586,19.787741172902525],[74.61157907130735,19.76993767079909],[74.59749207011083,19.772507453688295],[74.58903662899002,19.784535294453637],[74.59992626557894,19.807172474957476],[74.60334509185353,19.84561123745782],[74.65724378611851,19.83525689729606],[74.66010747061553,19.857696496924518],[74.64500317497047,19.86072106820884],[74.64907249110523,19.893158201809328],[74.64626167695425,19.909179488924224],[74.64989131357153,19.92027962877134],[74.67674231494335,19.924615117277316],[74.67089913065132,19.946786022579158],[74.56889632037002,19.954391444861272],[74.555653830762,19.967321069339306],[74.52327875992471,19.976836272708073],[74.51959044175983,19.968036979580106],[74.51023046002999,19.971941037804143],[74.49474334552997,19.97015114169243],[74.49263764599498,19.962052754182416],[74.4796309336063,19.964067135623996],[74.48085842754314,19.995221802586332],[74.45829539134792,19.995442951094734],[74.45245217651316,19.979917511266105],[74.44290194867415,19.973744235505087],[74.3817733021855,19.981085802481672],[74.37685029547666,19.97173499530159],[74.3650229138509,19.97540167524719],[74.36270993704721,19.965477530628878],[74.34930730746842,19.9672925627178],[74.3473686325925,19.984662106177858],[74.31899475145552,19.98538511605163],[74.30937967782938,19.968414274080374],[74.30332645844078,19.96646477252516],[74.28623086191551,19.987109056691704]]]},"properties":{"district_name":"Ahmadnagar","state_name":"MAHARASHTRA","district_lgd":466,"state_lgd":27,"dtcode11":"522"}},{"type":"Feature","id":33,"geometry":{"type":"Polygon","coordinates":[[[76.99434028688441,20.017458897498884],[76.98828739268592,19.997791303480344],[76.97219500592387,19.996276483844447],[76.96168120468693,19.987370207571914],[76.92216099336858,19.97547644987399],[76.90048501207539,19.96380568523412],[76.89533603415684,19.948717923117368],[76.85702838497869,19.961883442101943],[76.83750868106596,19.963777725105864],[76.82139784200966,19.929421630693035],[76.77278304004248,19.935301825445553],[76.76424036262614,19.90484011249348],[76.7470421470544,19.912579228246376],[76.73995318810951,19.873107857691384],[76.72283736152404,19.869846121383134],[76.6969680858071,19.87568031879837],[76.68116586027172,19.847150698047635],[76.6583320269341,19.854972726520497],[76.64788438571951,19.86765563236698],[76.63501887232384,19.8686820302576],[76.62390433531704,19.843928842251866],[76.61238182842395,19.837915419194818],[76.56859968510594,19.845823437618776],[76.56689253392652,19.83840285679192],[76.53910392226511,19.845339526032628],[76.53439365278524,19.85083747584336],[76.51989124455018,19.85106979285973],[76.5205576768117,19.836295231869848],[76.51238054005412,19.82893801162995],[76.52013587197172,19.821733065967816],[76.53401545216913,19.822941586164653],[76.54095379148866,19.817750449454408],[76.55423724068037,19.82087716368892],[76.56405272934471,19.815490030913775],[76.57084443486376,19.826833775757766],[76.59443918436615,19.830246976797188],[76.6056377434964,19.80998744081199],[76.59659857979895,19.801735605435915],[76.61122295319842,19.791388180066907],[76.59350522123661,19.783574917383202],[76.59976593348955,19.776430547234288],[76.62295556884993,19.783187106658144],[76.63014009506634,19.804736501236984],[76.63563023426518,19.801466750992173],[76.63954163555616,19.777402659943657],[76.64351873603377,19.774703054892786],[76.66481157507846,19.77748984361914],[76.68210253900835,19.768277067788393],[76.6854584733316,19.757351923285597],[76.7089471533585,19.769607635753253],[76.71607433022884,19.768795259562356],[76.72721396975794,19.74096250130416],[76.73795074272988,19.730284297121145],[76.73239879494791,19.714076071132308],[76.74481282226832,19.710062325916613],[76.74831400698646,19.697975006686228],[76.75960265905488,19.68616105074171],[76.77216916820826,19.695067913237622],[76.76641172092356,19.71741689963388],[76.78185006409018,19.73312108790298],[76.7899203094138,19.721987887020152],[76.78308495924664,19.702937623016826],[76.78556651209989,19.676866970533307],[76.79059662314344,19.671181226611886],[76.79831980884858,19.672952874189235],[76.80765276566143,19.683560896521094],[76.82119384269348,19.670551458886777],[76.82553049386355,19.681108522045356],[76.81444278773765,19.70280900896864],[76.82033233587812,19.707333559692596],[76.83857027772939,19.702661536879713],[76.84914824922033,19.706914345494667],[76.86383498905673,19.676003808269506],[76.85052082107556,19.662565377029658],[76.85039525007357,19.650857845666135],[76.85438982817334,19.64615264877075],[76.86691531036934,19.646565838419498],[76.87654741964653,19.64108523527544],[76.8693627155637,19.62429734988373],[76.8810453139185,19.62381232157116],[76.896263163802,19.643951987682172],[76.90630578519772,19.646721075293943],[76.91149257410491,19.64282040667644],[76.91431736783832,19.634457804977806],[76.91036184669048,19.621855719995693],[76.92548087290957,19.61761572689034],[76.92985128097138,19.611950330057077],[76.9238787823976,19.59740211709563],[76.91484491606532,19.598493483161963],[76.90329072469387,19.590479565146566],[76.90205025638939,19.58417680357863],[76.89021461834783,19.58128023852519],[76.89052241619846,19.56462575422339],[76.88154776321649,19.551717572665396],[76.88217232140934,19.53358553348681],[76.85559637249943,19.535468702128334],[76.84912812605965,19.509608360575218],[76.85503576088006,19.507799180049833],[76.85392016558659,19.49860492341821],[76.85815775593706,19.497824187808426],[76.85604813076422,19.49152279373856],[76.86586675185397,19.477496259708797],[76.86590152474028,19.467513864589947],[76.88689773019672,19.463080014342953],[76.88566127646324,19.457766249942193],[76.87446691785523,19.454153360271054],[76.87460137499203,19.448425592773326],[76.86742133316552,19.44665600098028],[76.87159337165306,19.44483629203619],[76.86618798490797,19.444494970240516],[76.86504132227873,19.438471587231277],[76.89614892055576,19.428916674096786],[76.90049003725112,19.445940589426296],[76.92021485169602,19.442915039271604],[76.92472880245539,19.437393951151577],[76.91667005556744,19.423378418721523],[76.91942557122613,19.415499050120722],[76.91039705166646,19.41093943433886],[76.89963479708318,19.384317728686412],[76.89222000840495,19.380846704848057],[76.89383753017691,19.364609209748355],[76.8888042426905,19.355459568992963],[76.90054053604479,19.338034841294565],[76.89882945922758,19.344741770011805],[76.91736720392346,19.336294427610813],[76.90035239648495,19.331146844540925],[76.90144527248655,19.324658054750262],[76.89105069565412,19.309507890984754],[76.90139449431682,19.2979718072447],[76.92513445558654,19.29809452036137],[76.92489793546048,19.309703733489563],[76.93761157248767,19.3082058391764],[76.9400364012223,19.314727066211688],[76.95508767111279,19.32058945541796],[76.97413656708679,19.319714588271495],[76.97970409524906,19.318313429293042],[76.97397569678571,19.311783234329575],[76.98751393334481,19.307696048871403],[76.98259685641517,19.30041415196897],[76.99044048014878,19.28072200142708],[77.02297238605487,19.284945847454743],[77.02215042846821,19.27774824002305],[77.01047722379634,19.27319181988758],[77.01196858886473,19.252536093604235],[77.03203113482218,19.245580659736454],[77.04805908812385,19.24961300572937],[77.04902504744717,19.23822128403502],[77.0537815505198,19.236362169252253],[77.04074307190604,19.219636409428414],[77.03700714213277,19.203185454295088],[77.06167822695744,19.193237914272647],[77.07325738251066,19.194029936051113],[77.08610623395442,19.173902626838053],[77.09827146207711,19.17336964169944],[77.09343047065542,19.156704982604964],[77.11290736175998,19.15685888186481],[77.12035373340697,19.150451781227872],[77.09485151560334,19.144872603226297],[77.09192464271094,19.14018096002391],[77.10543476289996,19.120079480891867],[77.09961258930413,19.10874950207549],[77.10397636779916,19.097301278743352],[77.0884282388267,19.089703044548315],[77.08665779235238,19.07125446632316],[77.096633077831,19.06725186922257],[77.12159357289076,19.079337823660136],[77.1385021940728,19.070497430065295],[77.15797879052998,19.084130324702066],[77.16336054439654,19.098317884299064],[77.16367920737054,19.12052879716108],[77.16878639206881,19.1234684160018],[77.17416758538663,19.120388761586366],[77.17932722271435,19.131045600822112],[77.18734240400599,19.130528196926683],[77.19162912232098,19.136116736885057],[77.19164946826388,19.163413899131246],[77.1773926477494,19.167912911579457],[77.1814422090328,19.194486193378875],[77.17613905056706,19.211431424006662],[77.17858630304781,19.228801369983625],[77.19192079810722,19.23528829331595],[77.1923785607114,19.24412358507436],[77.20269886842941,19.244383812669646],[77.2024926700374,19.2542414512158],[77.22022444626037,19.275094680708815],[77.2356051499251,19.274478040638705],[77.24100157507688,19.322537566279898],[77.26099140061544,19.31549514946129],[77.28067405083588,19.316279514311635],[77.28080774530297,19.326387347776475],[77.29768016976897,19.328256756639014],[77.30135670113903,19.332775586342443],[77.3097333007206,19.330222812042155],[77.3120420850868,19.355460977609464],[77.3501799895072,19.353250448376322],[77.34994860774452,19.346259730024965],[77.36229031170139,19.33936365657299],[77.37907731177374,19.338177060578],[77.38441628067993,19.339894776865027],[77.3883881358946,19.352779541325205],[77.41330359391758,19.36676658758575],[77.41682519195227,19.37775127276552],[77.44683342659471,19.384765800660343],[77.44814481778917,19.39093316492853],[77.43566370338505,19.40844968298263],[77.44420208236278,19.4212416732772],[77.44811271649249,19.440430180265768],[77.469590842946,19.438555474049448],[77.47353030401321,19.457210183493945],[77.48689629220985,19.45856083067758],[77.4875636775839,19.493275389408677],[77.48507915939189,19.497520805950316],[77.47055807518211,19.490702429215816],[77.46765613772537,19.50090707591214],[77.46585191459633,19.563632433890344],[77.45242636090981,19.561680190481606],[77.45096467078855,19.56920783542939],[77.45807664636763,19.581649215138363],[77.47899843628423,19.59979715225299],[77.46266307320413,19.60919777894604],[77.46621904078161,19.64113254967399],[77.461281737385,19.646244445472032],[77.4662081558953,19.664008270105434],[77.44929048688174,19.67452658857353],[77.45814443144235,19.682342756134723],[77.44204414220074,19.691149017814016],[77.44871644634718,19.700923506832513],[77.43860805928954,19.725071670016256],[77.4164888986425,19.735835526623852],[77.4109639209803,19.745763708087075],[77.39621783484299,19.735481690682157],[77.3927580678493,19.7275273517259],[77.37924287307722,19.72985672789893],[77.38141792345048,19.73852215188893],[77.37632387122335,19.747403842059196],[77.38360332780569,19.76723151018038],[77.40073115678169,19.767060497026126],[77.40521872761443,19.775126907038555],[77.40175312875793,19.78166148396383],[77.37812034548473,19.78711275623819],[77.38454372107606,19.810534954631986],[77.39112717375605,19.812624971252518],[77.38820181182992,19.821270433150374],[77.36627163515914,19.82589429481654],[77.35303546609747,19.817715357812503],[77.34016158938648,19.83371928777512],[77.34469628044914,19.837347182892078],[77.36014776956164,19.835629581173958],[77.35148847105846,19.84894934079799],[77.36246018222329,19.855472668834004],[77.3614422688355,19.860581199188793],[77.34488382891753,19.86379460192865],[77.34572147019075,19.87591727963887],[77.33265724496265,19.87842203590595],[77.32257542557953,19.888066196953936],[77.30542655536465,19.88191158962948],[77.29413412049054,19.885688294953834],[77.29404914525458,19.895462338097648],[77.31307295577426,19.895453475511214],[77.31204610864097,19.914138090827706],[77.29060317099376,19.903489808028226],[77.28404885786493,19.905876340987252],[77.28151479219513,19.916912043637627],[77.27160166384594,19.919136699256917],[77.26755031671179,19.898021619779318],[77.25626913593159,19.901570026299456],[77.23588858816018,19.89024654334123],[77.2342918048949,19.89602521268479],[77.24335663525665,19.904591633348822],[77.23643895090045,19.91528824987523],[77.23678720617653,19.9368756265571],[77.20739157135392,19.939578211600132],[77.20392818594627,19.945928522470137],[77.2077207580915,19.968428269353872],[77.21472123387917,19.973070380512993],[77.20034581688263,19.991419257129543],[77.17756556625507,19.98046018527188],[77.17111413627742,19.965390403841752],[77.1557048455254,19.965827159401837],[77.13861696642677,19.955139917369902],[77.1343796788086,19.943141006318513],[77.11180075231431,19.939276971660238],[77.10204992438416,19.932359141267398],[77.09277423247572,19.936111872689686],[77.09242051095113,19.944992606883165],[77.08203803891715,19.955898208116015],[77.08388670709319,19.965011169440906],[77.06978324247243,19.97261304441349],[77.07004789783323,19.981103436999728],[77.06265401834156,19.984311161665726],[77.06073523845423,19.994321378091378],[77.04318932456188,19.998187768294418],[77.0363196596492,20.008452306419382],[77.0255712750539,20.009401250249272],[77.0192920979303,20.002030476041305],[77.01271741999398,20.002063072092962],[76.99434028688441,20.017458897498884]]]},"properties":{"district_name":"Hingoli","state_name":"MAHARASHTRA","district_lgd":477,"state_lgd":27,"dtcode11":"512"}},{"type":"Feature","id":35,"geometry":{"type":"Polygon","coordinates":[[[78.05386547119404,19.924517835941263],[78.02539104162729,19.917855145715176],[78.01548379544661,19.907614210621002],[77.99927747625537,19.911903309788546],[77.96803812387225,19.905331173133487],[77.95342260606485,19.908793370965466],[77.93515471617864,19.891040271558836],[77.9023063427811,19.879507536178817],[77.87360216908046,19.84370447276079],[77.87029965307558,19.821477106804224],[77.84863541725474,19.795444475324892],[77.86399339174615,19.77264972999835],[77.85745437153672,19.75032226416903],[77.86220178635361,19.742892355058146],[77.8762126193972,19.743724165225984],[77.89015518856402,19.725638120212867],[77.89914294706766,19.733632125424045],[77.9142060109395,19.728927528067075],[77.93420543946846,19.738046437070352],[77.95008115527891,19.728243529165695],[77.96538926069566,19.70452759334303],[77.98038993836765,19.69905412516402],[77.98059761269168,19.681126460559238],[77.98596860833439,19.676272155902343],[78.00179077107917,19.673546196326033],[78.0303479354836,19.69249304945468],[78.04773744999007,19.689994233257057],[78.05517380811656,19.676315769423766],[78.05471251513332,19.66332950833754],[78.07095974539922,19.658596897732952],[78.07943369091655,19.64087487284048],[78.0898998724603,19.636504795540773],[78.09580149395819,19.638841127219603],[78.10255417845795,19.65596124353869],[78.12436845628743,19.651667348345825],[78.13122459616518,19.664386832337],[78.18073636414691,19.649238689310028],[78.19690166536392,19.616314039277984],[78.19014017827271,19.599197016752676],[78.19176892629075,19.585595806894027],[78.18568926229683,19.576947664899567],[78.18965147948681,19.55942917885166],[78.1649482484497,19.553337680244727],[78.15121457531568,19.544789041166094],[78.12792112345454,19.551304176644187],[78.11995440986573,19.54865261251003],[78.12063090864832,19.54203500796557],[78.13503259777372,19.529617504533277],[78.13592234582495,19.51925962401772],[78.12254529757054,19.510482890530685],[78.12031983913342,19.493856517408133],[78.11263804599993,19.48174519722626],[78.09497118203942,19.482700014628108],[78.06817170713396,19.458404808725145],[78.0446343285372,19.474340593477276],[78.03341459521738,19.487873217277997],[78.02358148250549,19.48999058925501],[78.01678580733116,19.48388563009829],[78.01526677235543,19.456045191744646],[77.99246244777659,19.454711125322238],[77.98229273542943,19.463793249799767],[77.98734239201691,19.476316753681306],[77.97550976153492,19.491274832197547],[77.9712869664372,19.50851669953242],[77.95287708614225,19.511190370274722],[77.93808546080996,19.496575724477356],[77.93442039284122,19.504516546079284],[77.91334064945326,19.518398176376014],[77.90713645021485,19.53398286811052],[77.88897366142025,19.518988562421608],[77.88539501407682,19.50147642825912],[77.87727350100164,19.503735155653477],[77.87688771231637,19.515239843741412],[77.85986621602224,19.522127443146843],[77.84346134939028,19.51071971180292],[77.84372561308561,19.48805721201421],[77.82667031588234,19.478668413671514],[77.84659576724933,19.452567512767153],[77.83728160049728,19.449793489616045],[77.83106726377088,19.439310294206404],[77.81986373426216,19.440733360663792],[77.81262422486218,19.459017876965657],[77.80487646843734,19.464094864521048],[77.7990374550232,19.450333487561238],[77.78560497442753,19.44908123362322],[77.74871871425208,19.429873005501513],[77.74038471906948,19.437516695731503],[77.7291950873965,19.43348514211066],[77.69871732581294,19.438070869450385],[77.69425123639358,19.455381836406257],[77.70968192321905,19.468167621717097],[77.7108509377292,19.476970681941534],[77.72210992922356,19.473270163373684],[77.738942514305,19.482637868885522],[77.73358031047398,19.494500525500253],[77.74934333981858,19.508956802946603],[77.74532140891671,19.52542310433354],[77.72806740437257,19.53252697972742],[77.70562583477684,19.522104335735058],[77.70642736826717,19.532445852452042],[77.69543637117152,19.539545811678433],[77.6753221109998,19.53842143669223],[77.65028658774919,19.54932129282034],[77.63550514571892,19.54982994106476],[77.63336515299795,19.557177635525537],[77.64494546198797,19.554029451602805],[77.64905116797658,19.557137820882673],[77.63791502379229,19.593441462358093],[77.64433659826143,19.60709409196739],[77.63912558358768,19.610256567968236],[77.62738346825203,19.605854337128626],[77.62576113151017,19.625328909951936],[77.61207592967224,19.629045187379596],[77.61641716764017,19.638498150150514],[77.60756489843753,19.638688507205742],[77.60647356035169,19.64857703986741],[77.59741771943095,19.642689050582355],[77.59479667887538,19.650671931841117],[77.58388678887006,19.649857547783668],[77.57798986106953,19.65864118436844],[77.57082278283092,19.649899918945586],[77.55417360947597,19.650752793979926],[77.55227908769459,19.662253481320185],[77.54104303018943,19.659749424021],[77.53765838121811,19.668819788323464],[77.50546821061577,19.67300511658988],[77.49963102078164,19.679116783025453],[77.48201282035669,19.676988744660438],[77.47574866126801,19.68359860082328],[77.45814443144235,19.682342756134723],[77.44929048688174,19.67452658857353],[77.4662081558953,19.664008270105434],[77.461281737385,19.646244445472032],[77.46621904078161,19.64113254967399],[77.46266307320413,19.60919777894604],[77.47899843628423,19.59979715225299],[77.45807664636763,19.581649215138363],[77.45096467078855,19.56920783542939],[77.45242636090981,19.561680190481606],[77.46585191459633,19.563632433890344],[77.47017447748779,19.49107023082536],[77.48507920251103,19.49752080764391],[77.48840130448404,19.48373202833315],[77.48457813751692,19.476088350363693],[77.48689629220985,19.45856083067758],[77.47353030401321,19.457210183493945],[77.469590842946,19.438555474049448],[77.44811271649249,19.440430180265768],[77.44420208236278,19.4212416732772],[77.43566370338505,19.40844968298263],[77.44814481778917,19.39093316492853],[77.44683342659471,19.384765800660343],[77.41682519195227,19.37775127276552],[77.41330359391758,19.36676658758575],[77.3883881358946,19.352779541325205],[77.38441628067993,19.339894776865027],[77.37907731177374,19.338177060578],[77.36229031170139,19.33936365657299],[77.34994860774452,19.346259730024965],[77.3501799895072,19.353250448376322],[77.3120420850868,19.355460977609464],[77.3097333007206,19.330222812042155],[77.30135670113903,19.332775586342443],[77.29768016976897,19.328256756639014],[77.28080774530297,19.326387347776475],[77.28067405083588,19.316279514311635],[77.26099140061544,19.31549514946129],[77.24100157507688,19.322537566279898],[77.2356051499251,19.274478040638705],[77.22022444626037,19.275094680708815],[77.2024926700374,19.2542414512158],[77.20269886842941,19.244383812669646],[77.1923785607114,19.24412358507436],[77.19192079810722,19.23528829331595],[77.17858630304781,19.228801369983625],[77.17613905056706,19.211431424006662],[77.1814422090328,19.194486193378875],[77.1773926477494,19.167912911579457],[77.19164946826388,19.163413899131246],[77.19216284197401,19.139788957003567],[77.18923192756112,19.131419715317275],[77.17932722271435,19.131045600822112],[77.17416758538663,19.120388761586366],[77.16847500544863,19.123441434504812],[77.16269993860796,19.119108372993054],[77.16336054439654,19.098317884299064],[77.1576651653081,19.08370356707937],[77.13891794067447,19.070574238582275],[77.12132266795055,19.07933779139935],[77.09181342229562,19.06737968553354],[77.08570475349778,19.073804201128674],[77.08692051723364,19.086167958082104],[77.10388111583633,19.099180494249175],[77.09994532887862,19.10772191404712],[77.08385015105098,19.109062649949568],[77.082350886198,19.099747884818555],[77.0609884762278,19.06574045662666],[77.06636482493127,19.0294985485394],[77.04318074115935,19.03081299633251],[77.04157928036636,19.003984412416486],[77.05606028534145,18.99873741988045],[77.05689103384148,18.98864833623884],[77.03684993605975,18.967251080127443],[77.03505632922074,18.9526931023773],[77.02316565409669,18.932011552069415],[77.00656590874362,18.928981138426437],[76.98918884039544,18.934176434855935],[76.97987567526496,18.912176808593102],[76.97248815315052,18.91553147254307],[76.97348442612312,18.92566748493674],[76.95570253828036,18.932996838010787],[76.94765608393874,18.92674358509297],[76.94735325017837,18.907217968751585],[76.92958580634706,18.900854525170875],[76.93322832300889,18.893650627458836],[76.95456687013186,18.89076732233213],[76.95275807457806,18.873221116835],[76.99944006317652,18.882315627955983],[77.01511612661847,18.879662154490173],[77.01990679621461,18.8434620096712],[77.00833252659821,18.84264907462822],[76.99843031816964,18.831669336952807],[76.99273011243314,18.831672939374556],[76.99067540846019,18.824087362101345],[77.00328168692951,18.7938500098037],[77.00853270178625,18.76554004989224],[77.05176717551318,18.77393301579726],[77.05603549902612,18.76958844265314],[77.05349600932861,18.74412801515345],[77.05790786026775,18.724546500234883],[77.043970830113,18.70141402083412],[77.04592301026086,18.68333508830361],[77.0676695721859,18.681734914275804],[77.06819685181668,18.68777736764119],[77.13777652061322,18.69765955033821],[77.13520096265877,18.711237871360026],[77.14173663574547,18.713248331852867],[77.15144322524112,18.70013782432427],[77.17747469807082,18.70289634432444],[77.19455873238009,18.689838241056634],[77.17780672887456,18.68029142356242],[77.1584680121354,18.68036452209951],[77.1538479254252,18.647278715397658],[77.19873293311248,18.64767807406502],[77.21116337444974,18.634012481655144],[77.21152996973068,18.62416368589688],[77.26747257381216,18.611986799535295],[77.26589439465639,18.594200816983285],[77.27038513833872,18.58320353292528],[77.26450591902737,18.58008078923252],[77.26197287564037,18.567380827172148],[77.297124414442,18.546960094082824],[77.28670152630507,18.539275659519244],[77.28207688333976,18.521949033780164],[77.26803361752117,18.521918757101762],[77.24719358777013,18.500604285710605],[77.24965704585861,18.486968898685525],[77.27716401861049,18.47675780617991],[77.26727830235217,18.454577896624425],[77.25501960542252,18.455369998515796],[77.25393783888602,18.452118913989207],[77.2649683861087,18.442998019068856],[77.26864990582351,18.429404682190338],[77.26571051939919,18.422335265071556],[77.31690652613071,18.44224495390209],[77.31994013594687,18.45801896627803],[77.32647005622245,18.458838418279793],[77.32695022011485,18.45174162551881],[77.33608650606759,18.450146806975425],[77.33571208646055,18.442308839307657],[77.34527272397708,18.433603125002094],[77.3535395656006,18.447658453622502],[77.36569022304937,18.45155595492161],[77.36220338173133,18.429880531223272],[77.37069949228002,18.418783604460646],[77.36844233858474,18.412517678597183],[77.37288648395833,18.401095150939334],[77.40021752345842,18.40199059632798],[77.41420858817584,18.392244074161255],[77.40988882712973,18.377404167489782],[77.39492280466479,18.368447489392985],[77.40020123161243,18.347439518163796],[77.39439271510382,18.347422129227322],[77.39503333337733,18.341494594639922],[77.38248071756819,18.34224588328576],[77.38099281820014,18.331015196724252],[77.3756710367603,18.332045714328025],[77.37165751858106,18.325201762456267],[77.35677739302356,18.320195420916807],[77.35788152761066,18.316902713181662],[77.36584244347259,18.307118267146933],[77.3851706247701,18.309304988111702],[77.40904724404906,18.301462286541017],[77.42835966620156,18.312358242601455],[77.43771647867509,18.31030735338345],[77.43839557897874,18.2864386735706],[77.44590907903198,18.28380229377495],[77.44762917852789,18.2699892231803],[77.4620884397815,18.26329268772322],[77.47579957957491,18.264657030192268],[77.48143019731793,18.272350194023822],[77.49271754413424,18.267197577311645],[77.49871374475681,18.27674090247854],[77.51160783086672,18.282043256533203],[77.50887082768938,18.30427596715326],[77.51268195992667,18.30959209650403],[77.52377791887507,18.308203805820092],[77.53276782165732,18.29869285421466],[77.55131208363058,18.291687018201866],[77.55329238374179,18.298086403265017],[77.57142843597862,18.308825091465824],[77.5705117663166,18.318108419181335],[77.55805597182706,18.331412024689467],[77.53026304555735,18.339162518265965],[77.52237379100059,18.346462106981654],[77.52023892316828,18.357170060555863],[77.52550434430725,18.372699991081703],[77.53863231219125,18.385877226590548],[77.55163410989701,18.38889286416963],[77.55678802315974,18.41713840122563],[77.5281988077643,18.428907622831588],[77.52754815620739,18.442105722887067],[77.54058996307923,18.4447013893146],[77.56421272654377,18.437297644086353],[77.56910059205698,18.442861249752674],[77.58532889302322,18.446787600640008],[77.58363583820724,18.4562010254609],[77.5507937000161,18.460404250626276],[77.54859521798697,18.468575940561756],[77.57289259107705,18.469809899406506],[77.57640076468813,18.486779568708805],[77.59228168803229,18.4847104808498],[77.59431430782229,18.476905296575474],[77.60315730281792,18.476842895464664],[77.60473800084974,18.496362084483252],[77.5944284549488,18.496191441367223],[77.58593819602592,18.503991088225444],[77.58778402642396,18.51285150216561],[77.59709885164109,18.51587833289612],[77.60031255031551,18.52229160322617],[77.59659808398932,18.53019490499991],[77.59072229444575,18.526660579234072],[77.59640042138915,18.548936219372774],[77.61009927402615,18.549877131481193],[77.61252717949061,18.544474400623326],[77.61521598895126,18.550840760171287],[77.62928293885233,18.553670623553508],[77.62765971008336,18.548120205692246],[77.63403076689426,18.543913180987893],[77.63964999759268,18.5549364565384],[77.6479436233847,18.55492690476891],[77.65210495934394,18.551789581144327],[77.64592747061216,18.538832462537716],[77.65589090282064,18.53089476144628],[77.70159138764811,18.55516745573597],[77.73852919854446,18.55678555697549],[77.74041016744317,18.57521444454803],[77.75037207700723,18.589212296749775],[77.74568587069886,18.621284945066837],[77.73053359693279,18.645141623488048],[77.73023324791247,18.656078102211513],[77.73573801168413,18.66098320729011],[77.7300034534729,18.66693297957918],[77.7492775364274,18.682662886461046],[77.75353260260336,18.700988194218812],[77.76001203037346,18.706840410557987],[77.7681807014078,18.705855752725963],[77.77326875378716,18.70135274168904],[77.77193382134233,18.689051556322227],[77.7873168426605,18.68263678177876],[77.78979306041926,18.695146780455715],[77.80421228735395,18.713174286928297],[77.80427858122529,18.727239119053586],[77.83998238000912,18.80481836672694],[77.90669906229962,18.826695093407046],[77.93452456507482,18.82226348883696],[77.94830180021194,18.82909539240373],[77.94892731331393,18.84328735922802],[77.93480215168415,18.84514277051353],[77.93747870992095,18.851589392314672],[77.92937691486627,18.85358402078497],[77.93008726576203,18.858724172659123],[77.90325876089986,18.866622929908644],[77.90393293124922,18.881243239456303],[77.89161089770214,18.881411197604418],[77.88541118644686,18.904197100855757],[77.87396449466885,18.907671147813655],[77.87319862429526,18.903930671575203],[77.85796643011331,18.902348113000837],[77.84328134946524,18.90868968951171],[77.8586184498044,18.949107285092044],[77.84196943006138,18.949868659235506],[77.83248054547818,18.94162460310271],[77.81927650645925,18.945855703640717],[77.81623907341323,18.957512148310588],[77.82178480665007,18.97850338404316],[77.79116776577328,18.982812693319026],[77.78765363453526,18.97264164121143],[77.77152465579842,18.979153957978948],[77.77537850921566,19.000621412713905],[77.76994956055901,19.022399781743097],[77.76181757582258,19.03299621879341],[77.76483920570611,19.062649625926344],[77.77525835505482,19.056016189005028],[77.80037636341144,19.051116483833326],[77.79682469696758,19.072583821258423],[77.80283399951857,19.07974998267823],[77.80455524885808,19.100551282789016],[77.80996087814825,19.104728733670992],[77.81816704935412,19.104975742736293],[77.83129651383139,19.08607574440845],[77.85042133631153,19.088552322020508],[77.84769091419196,19.11600013530571],[77.84158542902351,19.11810156355736],[77.83408920536982,19.134303196706465],[77.85255712132373,19.154672994519874],[77.85267219012172,19.166813442898036],[77.86052005480178,19.180349334656103],[77.84774694570952,19.18958980241927],[77.8660320922323,19.226396819005984],[77.8714304918811,19.25501521276371],[77.89003238167815,19.260886062500752],[77.90287215384936,19.256458052756813],[77.90758862619626,19.26822367103455],[77.90348355621485,19.277954746133574],[77.86560089460775,19.28381616024779],[77.86348409548907,19.304190823942523],[77.89005599838694,19.31329226428763],[77.8943448169631,19.320464790764003],[77.91157070783211,19.316252122774586],[77.945146306978,19.342448412850008],[77.96188404164354,19.335607149090155],[77.96590027902313,19.32745484363638],[77.97765772410908,19.322702911109676],[77.98487248582133,19.30987368202825],[77.9987039522521,19.299794052293148],[78.01352087683779,19.29471431925956],[78.01484374939993,19.27903415111817],[78.04253007349318,19.270600964672862],[78.03596468323859,19.25063065651568],[78.0416374912572,19.243425469752474],[78.05569905755478,19.237119271653892],[78.06444616008874,19.24777128052917],[78.07912039896966,19.2548321275882],[78.08237437540646,19.243214001028335],[78.08917311653082,19.239366211076007],[78.11706123996615,19.248635640859778],[78.1445699285002,19.22939959015953],[78.17534369664796,19.237577799498688],[78.18179402259611,19.247617676623598],[78.17668907649954,19.278547682469785],[78.18313385804578,19.28518251050086],[78.19376108775703,19.31488523084009],[78.19229950902682,19.325827884890582],[78.17624787433763,19.334924917125893],[78.17217052906086,19.349297488460174],[78.17208374551619,19.359717239915362],[78.1792485357458,19.36284218312052],[78.17681074791487,19.367398613850014],[78.18769497484914,19.394591561255258],[78.1762120441342,19.412260825484054],[78.19508711789734,19.406752369775784],[78.21160851847954,19.428477230104807],[78.21998287676448,19.433017428737916],[78.23563154877678,19.426753604459975],[78.24453021147224,19.428801768576996],[78.24650227582896,19.435197100835303],[78.26870217525705,19.44846621601591],[78.27046043428794,19.45615460624079],[78.2869909896012,19.44852837147173],[78.30452870456996,19.456517895448357],[78.30924406570085,19.481083780576277],[78.29868409375325,19.49681249159134],[78.29041679937882,19.527623317473118],[78.29325012980237,19.542232944150534],[78.2839555445269,19.541410818709885],[78.27433136288211,19.553973618589428],[78.27527207954596,19.562460678454663],[78.29358334458566,19.55898343319743],[78.29730594425843,19.567895989310212],[78.30370918860423,19.569319928489527],[78.30092226065668,19.579068710632523],[78.30558703226406,19.607065746735564],[78.29391959297966,19.619440771435727],[78.29048260726158,19.645999822510376],[78.28090295061385,19.650925038101395],[78.27902990216101,19.657639906327898],[78.26266933864225,19.66506257222558],[78.27620594386082,19.692413735000816],[78.2878687631097,19.68803380717215],[78.31184105027151,19.691049357345175],[78.31867341264199,19.705524821704515],[78.34315353809514,19.7132492448683],[78.34125392466274,19.735755256212702],[78.34930798054828,19.73797485143048],[78.36469360518414,19.781230751493847],[78.35746064899415,19.80543312441565],[78.33404366800164,19.81459034602824],[78.33643347142335,19.837921793075125],[78.31577545921354,19.842555897171845],[78.30148360709794,19.840416390872097],[78.28609454371116,19.84793494536905],[78.2853326645524,19.85661473642159],[78.29876860545856,19.87496851499933],[78.3070468925171,19.9142953535282],[78.28420008571018,19.905981120709118],[78.27435471279131,19.873964838535162],[78.25241790385874,19.866260803846234],[78.24546184167697,19.87034631419624],[78.24078243202204,19.88265756857886],[78.25690411823543,19.901819059221165],[78.2561136007854,19.91692206125887],[78.25059157139397,19.9245171594613],[78.23391141783982,19.910227821972747],[78.21704901677577,19.909645449929283],[78.20320877380466,19.897944374092983],[78.1885150998726,19.896102759174678],[78.17828509619684,19.90490016874108],[78.14384164004484,19.911176042582948],[78.12854060347111,19.894396917681945],[78.10095143576905,19.89029831750973],[78.07434383831338,19.896638499099012],[78.06064834896881,19.909768684703636],[78.05386547119404,19.924517835941263]]]},"properties":{"district_name":"Nanded","state_name":"MAHARASHTRA","district_lgd":485,"state_lgd":27,"dtcode11":"511"}},{"type":"Feature","id":37,"geometry":{"type":"Polygon","coordinates":[[[76.59367566488368,19.830500287829466],[76.57084443486376,19.826833775757766],[76.56405272934471,19.815490030913775],[76.55423724068037,19.82087716368892],[76.54023796536124,19.817773136518362],[76.53401545216913,19.822941586164653],[76.5118885776888,19.82463351810172],[76.51456471012413,19.807997805319964],[76.51079880716313,19.799574115130977],[76.48515784456383,19.801014403650203],[76.4837566074679,19.783899833992503],[76.49328135998378,19.774952710349083],[76.5103055251726,19.77177293026689],[76.5110876577478,19.76676817283214],[76.5096655366181,19.76128931456481],[76.48876354467204,19.763804827786245],[76.48362728510129,19.743546263045605],[76.4594309509211,19.745068794881092],[76.45978916851371,19.724625491944636],[76.48361050457177,19.721282571501376],[76.48773991530413,19.67687740759423],[76.47022942467835,19.679386512632288],[76.4653829301772,19.66526122416553],[76.45223665732263,19.666748567707526],[76.44980651864638,19.66132316312705],[76.44431625278504,19.640462306465317],[76.45370320912626,19.640952843889664],[76.45586872298445,19.636779805230507],[76.45116564721336,19.613597700392923],[76.44180425692517,19.612939871094138],[76.4322803173846,19.602086716209953],[76.43808655307068,19.5999613742548],[76.43618055261658,19.586662699991038],[76.44835797357261,19.58431350053863],[76.44217323004663,19.541210811644955],[76.41847807045505,19.53436260244413],[76.39534778588717,19.541103277321408],[76.3922188657177,19.53184612145554],[76.37540175142207,19.537223859891956],[76.36946886316241,19.509015553308686],[76.37613027613435,19.506648934259424],[76.36429944318125,19.47041852220826],[76.3441716229403,19.472195342464914],[76.33756563332645,19.453516160330295],[76.32322329589189,19.457369175373216],[76.31321754584701,19.4662213091603],[76.3013631967964,19.431888450818892],[76.28852472089415,19.433382441989522],[76.28414422654832,19.397399243046753],[76.29033834579094,19.39664319025241],[76.2829577227379,19.366049677886064],[76.26189580372183,19.36711167179413],[76.25768485919934,19.35667172731321],[76.27624562771597,19.346139428024284],[76.26361562563834,19.333023884661806],[76.24018625957302,19.33824047197534],[76.23642419241824,19.31926797710274],[76.23070632759993,19.312678257154474],[76.21071784863595,19.31846070977151],[76.20778108798721,19.29770021122351],[76.21937479445138,19.292176108857422],[76.20844539303812,19.274483700791574],[76.21487725591226,19.268544954111448],[76.21348409826399,19.260095780898453],[76.22703668900304,19.256141729181937],[76.22130356360468,19.246305520329756],[76.22338063293326,19.242244959758384],[76.24097358171556,19.246139919391123],[76.24999532079148,19.239827805464458],[76.26122081410891,19.255354325936473],[76.28245299441407,19.26576138948596],[76.29725034470971,19.261993260380947],[76.30680633164802,19.265712312706274],[76.32219698505284,19.253739709869016],[76.34270651023776,19.25059248753758],[76.36089719980677,19.237865848387294],[76.36323389482888,19.21552658713235],[76.35158259827017,19.19215368199633],[76.35809968431526,19.18053182575337],[76.35344521368926,19.16604474934793],[76.36074756114171,19.15542573946224],[76.35297018097377,19.144976680219084],[76.33299291747613,19.13714019440066],[76.32786927923509,19.12094251544665],[76.31896763233627,19.115239258365296],[76.3216222168829,19.106447329262995],[76.3345778636409,19.098891320067004],[76.34938894738063,19.09832047759898],[76.358753663232,19.106872760097154],[76.36627966783398,19.125585742776185],[76.37630028230187,19.131349957194722],[76.38958829134197,19.12638739753479],[76.39325561677698,19.110931663314144],[76.41000969808574,19.09166822919605],[76.41923915550312,19.09053249596053],[76.42390484878199,19.097804231004577],[76.43453193386448,19.097597867226447],[76.43832797530328,19.08358198189173],[76.43257244412511,19.071721661962684],[76.45189162610012,19.04985834053808],[76.43854040620673,19.048462918033177],[76.43820110533741,19.04326829248636],[76.4481248266204,19.03388697918038],[76.44779014848154,19.023400407560217],[76.4518206969219,19.02453489444293],[76.45563660280659,19.009016711307865],[76.47945789215227,19.000612127394092],[76.47723707531026,18.988311595683495],[76.471652807941,18.987646651918464],[76.46871478875252,18.981209076462683],[76.46924979928463,18.975860772960555],[76.4773718360776,18.97475538774875],[76.473266660095,18.962914992913284],[76.47735571940308,18.95379080640973],[76.50286415444683,18.949763594886033],[76.51121164412162,18.923105804818668],[76.52015068429246,18.917934276169554],[76.53304018719778,18.91776047495741],[76.53642447684297,18.949173039044492],[76.58546735029755,18.942994877712128],[76.58387418544622,18.8882563371522],[76.57978642779698,18.877208233243532],[76.58637306769961,18.867307853050956],[76.62062856305648,18.867411541124955],[76.62161099119393,18.855799808270646],[76.62840533326832,18.84735475961426],[76.63322563289579,18.843957642545742],[76.64122516373857,18.84675573779601],[76.63913242419815,18.838665931805362],[76.6450940109362,18.83085523272113],[76.64488610664348,18.820208309282055],[76.66427710173893,18.820506706305604],[76.67065919974293,18.813510528818142],[76.6662196896762,18.807027086419463],[76.67482313722323,18.79397974906514],[76.67348724178444,18.788260253154817],[76.68340683171544,18.7773244337869],[76.67106257384822,18.76540917023968],[76.67781558353809,18.7578634438583],[76.69312085477013,18.752514645038737],[76.69985194377044,18.75765975939011],[76.73048516150885,18.75014438603793],[76.74244912478709,18.776087150039512],[76.74955247474281,18.77270061809834],[76.77842432707611,18.775439722534085],[76.7792475090665,18.79438375076496],[76.80276156829682,18.801886540657886],[76.81114358202458,18.79994725923033],[76.82839254252842,18.81195509025663],[76.85119459347125,18.80896911194547],[76.854055553378,18.818342936015014],[76.88158709235793,18.83528889946854],[76.90845541055349,18.837856711863243],[76.9372725860287,18.831500418401053],[76.95596337490286,18.83347424259427],[76.96893586597079,18.827857729123814],[76.99030362361188,18.82845585757355],[77.00833252659821,18.84264907462822],[77.01990679621461,18.8434620096712],[77.01511612661847,18.879662154490173],[76.99944006317652,18.882315627955983],[76.95275807457806,18.873221116835],[76.95456687013186,18.89076732233213],[76.93322832300889,18.893650627458836],[76.92958580634706,18.900854525170875],[76.94735325017837,18.907217968751585],[76.94765608393874,18.92674358509297],[76.95570253828036,18.932996838010787],[76.97348442612312,18.92566748493674],[76.97248815315052,18.91553147254307],[76.97987567526496,18.912176808593102],[76.98918884039544,18.934176434855935],[77.00656590874362,18.928981138426437],[77.02316565409669,18.932011552069415],[77.03505632922074,18.9526931023773],[77.03684993605975,18.967251080127443],[77.05689103384148,18.98864833623884],[77.05606028534145,18.99873741988045],[77.04157928036636,19.003984412416486],[77.04318074115935,19.03081299633251],[77.06636482493127,19.0294985485394],[77.0616290010765,19.067766759221627],[77.07399512393773,19.08410712307636],[77.08385015105098,19.109062649949568],[77.09962939408814,19.10776024516586],[77.10535409867903,19.119503478939656],[77.09192464271094,19.14018096002391],[77.09485151560334,19.144872603226297],[77.12035373340697,19.150451781227872],[77.11290736175998,19.15685888186481],[77.09343047065542,19.156704982604964],[77.09827146207711,19.17336964169944],[77.08610623395442,19.173902626838053],[77.07325738251066,19.194029936051113],[77.06167822695744,19.193237914272647],[77.03700714213277,19.203185454295088],[77.04074307190604,19.219636409428414],[77.0537815505198,19.236362169252253],[77.04902504744717,19.23822128403502],[77.04805908812385,19.24961300572937],[77.03203113482218,19.245580659736454],[77.01196858886473,19.252536093604235],[77.01047722379634,19.27319181988758],[77.02215042846821,19.27774824002305],[77.02297238605487,19.284945847454743],[76.99044048014878,19.28072200142708],[76.98259685641517,19.30041415196897],[76.98751393334481,19.307696048871403],[76.97397569678571,19.311783234329575],[76.97970409524906,19.318313429293042],[76.95508767111279,19.32058945541796],[76.9400364012223,19.314727066211688],[76.93761157248767,19.3082058391764],[76.92489793546048,19.309703733489563],[76.92513445558654,19.29809452036137],[76.90139449431682,19.2979718072447],[76.89105069565412,19.309507890984754],[76.90144527248655,19.324658054750262],[76.90035239648495,19.331146844540925],[76.91736720392346,19.336294427610813],[76.89882945922758,19.344741770011805],[76.90054053604479,19.338034841294565],[76.8888042426905,19.355459568992963],[76.89383753017691,19.364609209748355],[76.89222000840495,19.380846704848057],[76.89963479708318,19.384317728686412],[76.91039705166646,19.41093943433886],[76.91942557122613,19.415499050120722],[76.91667005556744,19.423378418721523],[76.92472880245539,19.437393951151577],[76.92021485169602,19.442915039271604],[76.90049003725112,19.445940589426296],[76.89614892055576,19.428916674096786],[76.86504132227873,19.438471587231277],[76.86618798490797,19.444494970240516],[76.87159337165306,19.44483629203619],[76.86742133316552,19.44665600098028],[76.87460137499203,19.448425592773326],[76.87446691785523,19.454153360271054],[76.88566127646324,19.457766249942193],[76.88689773019672,19.463080014342953],[76.86590152474028,19.467513864589947],[76.86586675185397,19.477496259708797],[76.85604813076422,19.49152279373856],[76.85815775593706,19.497824187808426],[76.85392016558659,19.49860492341821],[76.85503576088006,19.507799180049833],[76.84912812605965,19.509608360575218],[76.85559637249943,19.535468702128334],[76.88217232140934,19.53358553348681],[76.88154776321649,19.551717572665396],[76.89052241619846,19.56462575422339],[76.89021461834783,19.58128023852519],[76.90205025638939,19.58417680357863],[76.90329072469387,19.590479565146566],[76.91484491606532,19.598493483161963],[76.9238787823976,19.59740211709563],[76.92985128097138,19.611950330057077],[76.92548087290957,19.61761572689034],[76.91036184669048,19.621855719995693],[76.91431736783832,19.634457804977806],[76.91149257410491,19.64282040667644],[76.90630578519772,19.646721075293943],[76.896263163802,19.643951987682172],[76.8810453139185,19.62381232157116],[76.8693627155637,19.62429734988373],[76.87654741964653,19.64108523527544],[76.86691531036934,19.646565838419498],[76.85438982817334,19.64615264877075],[76.85039525007357,19.650857845666135],[76.85052082107556,19.662565377029658],[76.86383498905673,19.676003808269506],[76.84914824922033,19.706914345494667],[76.83857027772939,19.702661536879713],[76.82033233587812,19.707333559692596],[76.81444278773765,19.70280900896864],[76.82553049386355,19.681108522045356],[76.82119384269348,19.670551458886777],[76.80765276566143,19.683560896521094],[76.79831980884858,19.672952874189235],[76.79059662314344,19.671181226611886],[76.78556651209989,19.676866970533307],[76.78308495924664,19.702937623016826],[76.7899203094138,19.721987887020152],[76.78185006409018,19.73312108790298],[76.76641172092356,19.71741689963388],[76.77216916820826,19.695067913237622],[76.75960265905488,19.68616105074171],[76.74831400698646,19.697975006686228],[76.74481282226832,19.710062325916613],[76.73239879494791,19.714076071132308],[76.73795074272988,19.730284297121145],[76.72721396975794,19.74096250130416],[76.71607433022884,19.768795259562356],[76.7089471533585,19.769607635753253],[76.6854584733316,19.757351923285597],[76.68210253900835,19.768277067788393],[76.66481157507846,19.77748984361914],[76.64351873603377,19.774703054892786],[76.63954163555616,19.777402659943657],[76.63563023426518,19.801466750992173],[76.63014009506634,19.804736501236984],[76.62295556884993,19.783187106658144],[76.59976593348955,19.776430547234288],[76.59350522123661,19.783574917383202],[76.61122295319842,19.791388180066907],[76.59659857979895,19.801735605435915],[76.6056377434964,19.80998744081199],[76.59367566488368,19.830500287829466]]]},"properties":{"district_name":"Parbhani","state_name":"MAHARASHTRA","district_lgd":489,"state_lgd":27,"dtcode11":"513"}},{"type":"Feature","id":38,"geometry":{"type":"Polygon","coordinates":[[[73.80569048737016,19.394145208466167],[73.77916401047956,19.386437993776827],[73.78905441324868,19.361208691061133],[73.79414014797463,19.36010215209803],[73.79504472002469,19.330382508676188],[73.78804904842711,19.336585649366828],[73.78281496681346,19.331858183327018],[73.77262572958361,19.341747242410765],[73.7735676652613,19.33074643220194],[73.7425084691101,19.32295680098802],[73.7478625315097,19.334830831374713],[73.74159863742403,19.33481689770061],[73.70701341813707,19.324499552020935],[73.6842627993375,19.310796023831884],[73.68133089318455,19.30380705846377],[73.67132259551754,19.30100766063811],[73.66772999464278,19.29083775201747],[73.69478822028265,19.258832197763567],[73.68496237134815,19.24187513239688],[73.66064073476227,19.239358103662042],[73.62981897322211,19.2038809809954],[73.62307860911648,19.216253404989892],[73.61195939727693,19.210721545591205],[73.60516502645645,19.19163580637434],[73.59590759011125,19.19490041505964],[73.58470531914222,19.188921950519667],[73.5756758626397,19.19177677578525],[73.56463275517272,19.18815290028619],[73.56427604405486,19.182537834918755],[73.5427432075056,19.185031920902087],[73.54351191835207,19.174080275157777],[73.5341491482516,19.178211389660188],[73.54037503192266,19.159167530029645],[73.52960775036703,19.15619672699423],[73.53331444716433,19.14544314488906],[73.53689894793014,19.14865883651485],[73.54565058515969,19.140728947981863],[73.54165543483309,19.117770258922448],[73.53454786728709,19.126987337504165],[73.52537661800518,19.129402408410186],[73.51853847587415,19.09883603160424],[73.51147422509112,19.095069907674354],[73.5146885139587,19.08287436585685],[73.52772998845391,19.084463476087787],[73.52099192762866,19.074548530691608],[73.52596663417876,19.05422019969557],[73.5174870939538,19.057462170989037],[73.51462859273597,19.046188817912817],[73.54015956740848,19.047588622373297],[73.53299799494425,19.030422070150863],[73.54306809939776,19.02343041001239],[73.53840859281627,19.016083754513655],[73.5471968759195,19.011209029213926],[73.55355033024239,19.013180167448716],[73.55237339618469,19.009257370700265],[73.54091010893008,18.997339809802007],[73.5339292388734,18.99767060932855],[73.53412773241521,18.990763945458735],[73.52580552672245,18.987217958439203],[73.52176366849262,18.977088029009817],[73.51758111971628,18.979712392544183],[73.5110709129696,18.9730883937316],[73.51468283480948,18.971735481557307],[73.50965402901805,18.965593298329598],[73.48041053377027,18.980018153119875],[73.47927119061394,18.966548442978894],[73.47121899424103,18.969008881244324],[73.46051949416685,18.96503241731767],[73.46064519542456,18.948654044230626],[73.45700488412675,18.949861288700706],[73.45538903322122,18.944930540366542],[73.458161037457,18.929602455478708],[73.44724232150404,18.923834924142238],[73.44163151520632,18.929140835968102],[73.43652657809288,18.915483353232805],[73.43069728894167,18.915652096232876],[73.44042195882908,18.90036066678781],[73.43463304535662,18.899209533715403],[73.43673857151677,18.881319091489196],[73.4247296763047,18.860742013655855],[73.41159920032439,18.85758342051946],[73.40138388859508,18.84266258473909],[73.38875464200062,18.853219442868784],[73.38465961159085,18.818778585003166],[73.37861486511198,18.817996561314914],[73.38167253270977,18.806975255635273],[73.37846820885366,18.79295636168746],[73.37307577850994,18.787812316924896],[73.36820051815677,18.794929367782498],[73.36225543886037,18.770259613334357],[73.3496146614909,18.756268843054748],[73.35841231761582,18.755536785905225],[73.35511577181428,18.72147087148564],[73.34381163189208,18.71634561697581],[73.34804602693502,18.711316205348613],[73.33146663381304,18.701363854268568],[73.33561280980352,18.695288208050922],[73.34032436926417,18.699154726332697],[73.34377010277649,18.696055841648285],[73.35285447419065,18.708915516348043],[73.36178327805881,18.710542011216607],[73.36091525935596,18.701186902944997],[73.37047182211438,18.703213293868803],[73.37411120365587,18.709568849427562],[73.38768955268736,18.68932624056997],[73.38326674769165,18.6836570824541],[73.38873929877556,18.654578367173684],[73.36128226426867,18.636748631748183],[73.34194279923285,18.603753290430294],[73.33415075227128,18.608668318273452],[73.33464501342544,18.595800851984468],[73.32865042168555,18.593149994095032],[73.33173581039466,18.58260013225117],[73.32332138545144,18.57127089570207],[73.32284797958492,18.55774345964437],[73.33401633735532,18.55012241448447],[73.34247437820055,18.554482308310813],[73.35883850713269,18.557872042724338],[73.3455162156864,18.5481828712294],[73.34258246798713,18.531214236826933],[73.35553894748341,18.532982122789782],[73.3847695429237,18.503372579893405],[73.39689180282973,18.505041177031103],[73.38081569713388,18.49110810495973],[73.37448546965102,18.492884910125007],[73.37893277529776,18.481535629080824],[73.36987481884456,18.479124912491017],[73.3603482463419,18.484348928396926],[73.36496185889384,18.469665074068203],[73.37281398518161,18.46446506866514],[73.37655063450543,18.479267616036875],[73.38305672427316,18.474544999640713],[73.38294997746797,18.484063617399634],[73.38966836429016,18.483496438518024],[73.38840688259457,18.49172805731462],[73.39631544194681,18.490431245808754],[73.40206511790596,18.500375471994634],[73.40795181569206,18.49994211751258],[73.40322368770431,18.485742290539793],[73.40922030514517,18.474564543278614],[73.40023357700915,18.47601455094343],[73.40417914572195,18.465008558258404],[73.40014966358183,18.46286979743075],[73.40186033975043,18.444243538254792],[73.39335522808263,18.444408272128967],[73.39970753435855,18.420347206611474],[73.39884463245959,18.40077506495526],[73.4090838618333,18.398791137075154],[73.41175759486856,18.406238067564914],[73.41972243996155,18.4035347166392],[73.42463211297662,18.38738025735753],[73.42314323534325,18.37331494769099],[73.44178015494481,18.358284991211292],[73.42172282101265,18.329671547298744],[73.41960013164068,18.319746941259655],[73.42437767505388,18.317095423739836],[73.41743148356046,18.30927425610611],[73.42016163169383,18.303777702068572],[73.42743718779126,18.299990018064246],[73.4334451024451,18.307369058115054],[73.44519282236983,18.308114606945455],[73.45525219824388,18.29694826776731],[73.47579718352637,18.300148382246892],[73.47759274959103,18.267393884126626],[73.48826775530233,18.279090373612544],[73.49375133949455,18.275296028139316],[73.50010816788962,18.281846778638172],[73.50399842912701,18.271932372658277],[73.51423358464095,18.271937361127897],[73.50488585143998,18.255828438670665],[73.51454687389291,18.25334956736888],[73.51600420898173,18.246026239927556],[73.52547865045177,18.246130541596592],[73.5266721835793,18.249864227111456],[73.53683294780794,18.243421729617324],[73.53000871159746,18.23177617182514],[73.52383884057933,18.231918854672482],[73.53628299469939,18.226822780383646],[73.53524934013289,18.221373227596416],[73.5207196743172,18.210834094429092],[73.53255361993277,18.211693380075992],[73.53491297046634,18.20475062534386],[73.5206257240132,18.18695185291494],[73.53734031178881,18.18912971653377],[73.54088711565204,18.207679862504186],[73.55663043236606,18.196325083525142],[73.5587713000461,18.213747015592574],[73.56694311698057,18.18783930358086],[73.58169195106434,18.178645631876382],[73.59380291196071,18.1774614420649],[73.597649280615,18.190081255020896],[73.6317727173369,18.17463234090592],[73.65310388030828,18.17322209015881],[73.66590545880855,18.16042570618057],[73.66034375442428,18.151921845050687],[73.66146393651559,18.156702786129497],[73.64752741750222,18.159009925606032],[73.65055818684543,18.153352376124523],[73.64210635156219,18.14071612429628],[73.63376543036875,18.146502409961922],[73.61949624813768,18.127422994359076],[73.6280723536624,18.12324684053782],[73.61428511937787,18.125015616165705],[73.60300825140934,18.11782067719688],[73.61009480646253,18.13402259140219],[73.60643601681933,18.139813778349733],[73.60828648881244,18.13125596740122],[73.59405444293522,18.108583666252645],[73.60929507858589,18.097646021502328],[73.60033090714667,18.084379430965534],[73.60227518750993,18.080992892794228],[73.6201398640893,18.076385107023974],[73.61233846836056,18.058765052028377],[73.62661467092558,18.046217961296687],[73.63846009970541,18.046360891270407],[73.64986016892023,18.03897891668063],[73.64804016328995,18.03609488223797],[73.65932898963155,18.033771527636297],[73.65809803897751,18.029151578423562],[73.6643854904832,18.02469195955314],[73.70381441320573,18.04631400499725],[73.73532966875534,18.037204161481963],[73.75773394479204,18.037210624118245],[73.75567818170538,18.029860210252988],[73.76607813405647,18.022812549428362],[73.7753993409054,18.02775937909837],[73.79200296159058,18.020284204595796],[73.79382272826898,18.02605214211348],[73.79909966670819,18.024330887734333],[73.81283119107205,18.037911115766384],[73.82710725799144,18.02965910237068],[73.83966371499676,18.031292854564885],[73.84541733635666,18.0402013053],[73.85731578190796,18.03129048673116],[73.86408860214479,18.046274334352397],[73.86959462535447,18.047503339517274],[73.86793639373049,18.072184861936684],[73.87959265527779,18.08627542972226],[73.8606826711861,18.11962390763591],[73.88659956839287,18.115517298294098],[73.90125762502224,18.127992510162564],[73.90164134578573,18.13621142933512],[73.8954983002586,18.139243091374613],[73.88739288229836,18.155812501996227],[73.87334364627642,18.16532094653199],[73.8728500184345,18.1733048656583],[73.88330960364912,18.172253087367906],[73.89444608290505,18.181671860110857],[73.90493198336762,18.158824798764627],[73.92206667906562,18.171467031733425],[73.93656457506299,18.172530987503663],[73.94367235011981,18.180240018814352],[73.97064683391059,18.158038163704898],[73.98623101047875,18.15240734078298],[74.0047732269881,18.1588226059283],[74.00829223787476,18.14707439808298],[74.0282812369633,18.13214850316506],[74.05394616391939,18.140097887589754],[74.06944188338153,18.13328161333276],[74.07768281579561,18.121572076518216],[74.1021583068402,18.123234933293066],[74.11879365422462,18.132854621675065],[74.13716361518496,18.116665586224634],[74.14789143644512,18.121277238741648],[74.16510320669619,18.106788839104585],[74.18650633819652,18.112021557249534],[74.20895281888195,18.09738968996536],[74.23341179619666,18.100930575244274],[74.26353476636211,18.080248080755016],[74.29455435130087,18.07394135663873],[74.30032058680398,18.06749075627052],[74.31959095791971,18.072599119746577],[74.32686430056825,18.085229819653684],[74.35395291801079,18.09719670203661],[74.38085573600485,18.070177740352975],[74.39330940148713,18.072962470833502],[74.43690461437767,18.064157933228426],[74.46006958559362,18.045918528087302],[74.50050437260104,18.060176556155994],[74.53248774473676,18.057216139657424],[74.54744693192075,18.068187479757693],[74.55849062598759,18.069719020481937],[74.56910380065791,18.055312695542053],[74.57851014893113,18.053934239679265],[74.58175184809298,18.046202550329408],[74.59001104056186,18.05553244853705],[74.60968943905604,18.046257200621547],[74.62161394563202,18.04912907331951],[74.6290054338084,18.056946047192262],[74.64027407231063,18.04365573512174],[74.65359110412093,18.058308236813208],[74.65411225454648,18.06750348203733],[74.66583165328522,18.069524526386072],[74.68412046134114,18.05962445553577],[74.69096068037713,18.038806961465518],[74.70244354371842,18.037946996660985],[74.70838093163935,18.029591457025894],[74.7419542203183,18.026874992026293],[74.74921473592292,18.0175798922813],[74.76662954159787,18.02437671891099],[74.7736601873044,18.011503807528598],[74.78896613586615,18.00971125109725],[74.8026087234236,17.996863956977837],[74.81278639214922,18.000602715847748],[74.8121222434052,18.01169354245177],[74.81837265377843,18.015294446958542],[74.83105990818406,17.993494762523937],[74.84665178600918,17.99725369424373],[74.86119698010287,17.993566315135432],[74.85919646160953,17.97056430023489],[74.84459332528169,17.955004530991637],[74.8456144007393,17.946449917597437],[74.86449064051567,17.95237074132965],[74.89423926563425,17.937035005539265],[74.91198042386203,17.945327385995704],[74.93723788039516,17.940916193352418],[74.94293877963104,17.9370190166874],[74.94245832558279,17.924772821729906],[74.96526721899315,17.91644955967387],[74.98519818960925,17.917231163289255],[75.01774002459418,17.908800067529658],[75.0193094577523,17.897476696614603],[75.02379272206159,17.894970323449183],[75.03719203506033,17.90546295633549],[75.05276209729875,17.904841217617317],[75.04475027840122,17.919175291416693],[75.05010377126895,17.92671360726077],[75.05649855528142,17.927644688318548],[75.07244748827911,17.917326203629063],[75.08758334892663,17.926602312078064],[75.07985829203072,17.935179978847902],[75.08098449642772,17.940630469182565],[75.09734687184839,17.9463864262178],[75.1068012314803,17.937696968207195],[75.11183735404973,17.93834191152693],[75.12949725786342,17.95691276135271],[75.12800412401226,17.96161976507601],[75.11685571602766,17.96554413552971],[75.11646560105595,17.97119367282894],[75.13527773076547,17.9712763761456],[75.11963045204017,18.00009478268511],[75.10853262729093,17.99949449786073],[75.10485958407914,17.979870313422886],[75.10010234438799,17.975466484425677],[75.07962428359417,17.98207176549404],[75.07063788963144,17.97980435700883],[75.05334700295667,17.951647260899946],[75.03887060274575,17.949793594086533],[75.01995318778998,17.96673833127401],[75.02549072659477,17.98701957447079],[75.04982303247131,18.0220153351251],[75.07988532323596,18.038930643846697],[75.08520424533829,18.057219855720138],[75.09401860922915,18.06858972843544],[75.13129747809954,18.07635528867985],[75.13550406399627,18.092781542429705],[75.15708655043129,18.10250966203536],[75.16420023460606,18.11226124127917],[75.14928987085777,18.12314824780975],[75.11980358614153,18.11931323770794],[75.09211340558075,18.121960215669716],[75.09054324658383,18.146092895529478],[75.1116695047372,18.197909803833582],[75.10653600389266,18.21916864633458],[75.08013315404979,18.21805062685271],[75.05999355779379,18.200377152653626],[75.02218150736125,18.18860562583901],[75.00840173717842,18.209193532045735],[75.0202647585648,18.22974653363765],[75.04354580289524,18.252287260393455],[75.04174279159355,18.262096691357073],[74.99065510282068,18.23878963979396],[74.96491084204858,18.24991689081264],[74.94886469337084,18.264982137682217],[74.9210877077058,18.258548298359788],[74.89827365257585,18.26031852132475],[74.87654901583194,18.247788478839688],[74.84298971032867,18.244620951514516],[74.82146689358805,18.256460109903397],[74.79564203956193,18.28500863873712],[74.79561838602218,18.295288290022466],[74.80650973659664,18.30218885538524],[74.83250088315492,18.292271539908526],[74.84593989270606,18.301282374767926],[74.8464543533777,18.30762281832937],[74.83161544072881,18.32441842966316],[74.8306779112876,18.337309004070207],[74.80521111046237,18.344009555367624],[74.79331108477447,18.354004161697908],[74.80931250543594,18.381973585339388],[74.79403471636341,18.401443995722456],[74.77791983309169,18.409696237191753],[74.7524340679325,18.396592131942956],[74.72865486465787,18.40339322788862],[74.71615304139148,18.427745682010464],[74.72241875546393,18.445146879337027],[74.72653053945378,18.485691651464087],[74.70205275950183,18.506657207490107],[74.66684641807795,18.493513215147203],[74.65905498825897,18.488900163423537],[74.65566207299042,18.47606866738525],[74.67472767134049,18.46285815122591],[74.64535756933319,18.449928527427762],[74.63623035816146,18.451539802714574],[74.61482628612501,18.467875862609752],[74.58120589518244,18.472537077924812],[74.55764639467348,18.49225160110466],[74.54657229712582,18.50750186343468],[74.56558665197882,18.524080770182035],[74.57071020847316,18.532714362701803],[74.5696357847658,18.544482248781733],[74.57692441404552,18.543996853769972],[74.57804969048283,18.54946819226803],[74.5413195089947,18.580654434090416],[74.54335085407533,18.598907156467252],[74.55215702622912,18.606358909524204],[74.54967077608528,18.61197339611833],[74.53574288988179,18.618018649704602],[74.50913685639298,18.61269785593224],[74.50525402422298,18.623034821405078],[74.48319302499905,18.629512402750603],[74.47163447140858,18.64148822708994],[74.473437843833,18.648560580231432],[74.48623973943857,18.64660774697215],[74.48832176117932,18.65346171418786],[74.50993194177623,18.667537732904925],[74.50324685011172,18.678369843544317],[74.48731003987876,18.676207671599702],[74.47526331661008,18.68724121075054],[74.47376778515539,18.692288041604108],[74.48128244583197,18.7024227342502],[74.4773569742287,18.71926132631502],[74.46573188422174,18.725465065603075],[74.44406788645446,18.72179528163391],[74.44107303175629,18.73725171620804],[74.42640620038324,18.749489010046283],[74.40987384484615,18.741158894925853],[74.39912952602583,18.742716155887933],[74.39317379810004,18.76633897120016],[74.40057502491243,18.776697397692594],[74.38841322655753,18.784111043507913],[74.38389876196179,18.803921154268984],[74.39842319868424,18.82226505844819],[74.39783257075798,18.82722311509216],[74.34917784945621,18.845221617840146],[74.3392181461545,18.836814217050524],[74.32618157556243,18.83813897312311],[74.30718276515707,18.85451232879109],[74.30828284025738,18.867687938353004],[74.29464717242256,18.890633222052006],[74.29592262651407,18.90329102778421],[74.27087194059979,18.919830285226094],[74.2492587093242,18.95519574260798],[74.23608631435945,18.952705616355775],[74.23659976712135,18.968173820770996],[74.22163872850959,18.970921974378225],[74.22541926322997,18.985262811875735],[74.22029226349316,18.995382406341786],[74.21062251839884,18.99476830875834],[74.21474266031409,19.001137655975924],[74.21287082368858,19.00882475802915],[74.20053753874252,19.005665365277515],[74.19929772620821,19.013965073419687],[74.19008989213806,19.016603779227644],[74.18757487704046,19.02433663811785],[74.17437267597464,19.03099173080825],[74.17208876775524,19.04081269883429],[74.1911791667937,19.06009754083817],[74.19122606244478,19.078696118069956],[74.2023004339786,19.08905933832134],[74.19682374794942,19.10024464314601],[74.21005414084387,19.127939513414663],[74.23428588032431,19.12307745970569],[74.24358840850354,19.14420875220004],[74.26630445024949,19.16223708298886],[74.26331150626793,19.16842156890688],[74.26669070246547,19.181536548093202],[74.27348914534913,19.186164987577406],[74.29483833481333,19.186012032825342],[74.29409844281946,19.19005039379914],[74.30331784629217,19.192284964923907],[74.31668799548521,19.207382756540607],[74.26055517224401,19.226480450945264],[74.25662437632604,19.219518220666174],[74.24632081050996,19.219005088935518],[74.22755754466034,19.203627727831204],[74.21919744174065,19.202786936610277],[74.18945264703844,19.20946083230025],[74.16857360345463,19.22356439829796],[74.16560841651703,19.206952445815993],[74.1575051859545,19.20227621199022],[74.15235328581633,19.226191918963252],[74.1264230019152,19.22207948603527],[74.08410446751991,19.23893578224208],[74.09287064398231,19.226644847745465],[74.08929987935551,19.22756386232087],[74.05911178492522,19.245427113996392],[74.05054588516043,19.243804977473665],[74.04460034772328,19.26170405643092],[74.03142343782592,19.25029165146219],[74.03225805447155,19.25777325799933],[74.02343391780869,19.266338460521336],[74.03235091781407,19.279197561679688],[74.02407664981807,19.288785307311834],[74.02031619064765,19.28228891554298],[74.01200497763898,19.297359773183896],[74.02565184566878,19.297612671437527],[74.02046587243188,19.308944420492196],[74.02631853844173,19.313993566199272],[74.01791819908213,19.315378029297705],[74.01919570941733,19.32153411739691],[74.01188280226874,19.325857903530242],[74.01169292446883,19.335248416373023],[74.00211897481812,19.340795699391563],[73.99908597226309,19.35976239412789],[73.98697004637815,19.34996586358397],[73.97202085744331,19.347742709727974],[73.96924591481826,19.354567162219492],[73.95389184350675,19.3476473108292],[73.95473896919273,19.34244913501425],[73.94436128248424,19.33953839640609],[73.94348526248716,19.34430873549428],[73.9374594057821,19.338988773766562],[73.9274807013155,19.338852535214983],[73.91275195715473,19.363253115578384],[73.90418788186831,19.363089707686893],[73.89455641847984,19.371869374003627],[73.88510208040749,19.375034091100677],[73.87355730517682,19.358596765120225],[73.85344787794135,19.355512216662508],[73.84116476300562,19.366339918533853],[73.83949215384548,19.37554082290302],[73.80569048737016,19.394145208466167]]]},"properties":{"district_name":"Pune","state_name":"MAHARASHTRA","district_lgd":490,"state_lgd":27,"dtcode11":"521"}},{"type":"Feature","id":39,"geometry":{"type":"Polygon","coordinates":[[[75.4879112077987,19.44301789854491],[75.48068929639511,19.44105478188999],[75.47438215561506,19.428166689531697],[75.47445338303392,19.423992930705893],[75.48772170908782,19.41761535733986],[75.48284892628821,19.384301777360374],[75.4960737298649,19.378268536381807],[75.51677391348576,19.384824081635724],[75.51680522695995,19.380389227666598],[75.53154366214598,19.375961119719424],[75.5169187533506,19.33061670367625],[75.53971675917971,19.328497838721052],[75.54271029155781,19.322026816970116],[75.53908538546881,19.308061120803714],[75.52516043855292,19.29753619002898],[75.51834094814211,19.27687673145904],[75.50527675974496,19.267317898406127],[75.47229269941701,19.258980428991595],[75.4737310971213,19.252572873829248],[75.45834976104261,19.250581778748554],[75.4458510621168,19.22077332121212],[75.42170962398365,19.22024523971996],[75.40212276202027,19.196056189951484],[75.41899065089238,19.182490824674563],[75.42268453322215,19.173347704968183],[75.44500058301989,19.17197954852484],[75.44819217774841,19.165887540934758],[75.45388841472796,19.14414196376391],[75.42269102085513,19.138229889037955],[75.43027457243254,19.118815340367203],[75.46414685996393,19.12949278084033],[75.48243751405775,19.1268839222104],[75.48126321835205,19.115045004733105],[75.48585239582997,19.105831817616757],[75.44952953294955,19.083083690445672],[75.44473991168738,19.092897792753064],[75.41656872281781,19.086961062488882],[75.41248993035511,19.08031923115517],[75.3682378289046,19.081245855513444],[75.36631063539636,19.0902036794472],[75.38024183817987,19.103050522770374],[75.39295741826305,19.126556422196472],[75.40400679956399,19.12370345784015],[75.40896336014531,19.12882648478754],[75.40742619447214,19.140771930547515],[75.39430433333544,19.141993175401737],[75.37588975574985,19.129197214552494],[75.36188625475565,19.132421740979154],[75.35855981212315,19.126648143110515],[75.3506166290049,19.12655286688444],[75.35250466225501,19.148670605067156],[75.33993606182365,19.155742165997587],[75.3305041897183,19.15278591315207],[75.33148355370226,19.13098630620066],[75.34930255454267,19.12437673504581],[75.35179470571966,19.113291806592958],[75.36019218664002,19.108262866846367],[75.3650595013945,19.07848124754268],[75.33602122447672,19.081194631064463],[75.32129320256145,19.094615498506222],[75.30857662085674,19.09852078548894],[75.29539025349608,19.084914302582195],[75.28146365098513,19.08480218651138],[75.28107730444607,19.080598650950343],[75.29319085698202,19.07475476952918],[75.28449533122007,19.034078782928717],[75.32758059298169,19.033702006188474],[75.34005936278294,19.028555192322898],[75.34488812813365,19.02447924912589],[75.34151273001312,18.990228783085882],[75.3133141946297,18.979957399453887],[75.29537689015793,18.980999000784525],[75.28742525299457,18.981957053205658],[75.26887535948278,18.998178113099442],[75.26527789602741,19.01739479832528],[75.25646181006611,19.025351076271495],[75.26669014377377,19.031146499406002],[75.27098395069468,19.05379555148582],[75.26187824519086,19.070004236659297],[75.23418239895555,19.061386512258654],[75.22464459391861,19.06711029087588],[75.22686831321734,19.09116474554851],[75.21630372303083,19.112422699684387],[75.21133660993988,19.104879204530683],[75.1875817249583,19.093175296584807],[75.19348249215837,19.085947993456216],[75.19685264591426,19.067570584559697],[75.18566785795727,19.052274079151204],[75.19456150356187,19.04989731424497],[75.2088021642827,19.034747023609683],[75.20988700305747,19.022297693939628],[75.18143858959965,19.012157421786732],[75.1690143223833,19.019661614446367],[75.16601710781092,19.037137435303997],[75.15631293119006,19.036434546350524],[75.14707038352239,19.042276527588886],[75.14376448176719,19.03489826624528],[75.13488262385573,19.035551498404118],[75.13131832350572,19.04035108771873],[75.11223795056416,19.0457981376684],[75.11033338831285,19.04203961580179],[75.10027502663674,19.042880787999344],[75.07088481045187,19.055364511408282],[75.0749450311444,19.069023724914047],[75.09049686926065,19.06819391533443],[75.0823151196541,19.072250915115937],[75.07881740063628,19.081129536311103],[75.0824107740622,19.08454301766374],[75.09751008585407,19.08123059973352],[75.09789433303033,19.101412810689794],[75.11017144811827,19.11346359134197],[75.10551971196396,19.12653763734914],[75.07014108175345,19.120188946999367],[75.07892870279832,19.118843028792224],[75.06875891948425,19.11119017630171],[75.07762749490588,19.105594478041912],[75.0688232164007,19.10210160569431],[75.06571592586663,19.107765026581408],[75.05861085833206,19.098676450281268],[75.05222869744597,19.10020080202672],[75.05304733575765,19.107771760287815],[75.04800110444634,19.102369515670365],[75.03731698981805,19.10203042950019],[75.04401756214985,19.110286157859598],[75.0249903856428,19.103026824674917],[75.02564381568885,19.11480768686906],[75.02017339001893,19.106676365229628],[75.0116596311682,19.10399036283386],[74.97889476426118,19.116792096860607],[74.98003177988261,19.11121295821626],[74.97479015870877,19.110856707789935],[74.94273897005732,19.13303331158004],[74.92059528719966,19.093942405726438],[74.91468643516207,19.03777275113088],[74.92215369443603,19.031564678512222],[74.95040010193928,19.032777550852988],[74.9485609918379,19.004587161793477],[74.9603307537247,19.00128770695446],[74.95334353707057,18.989171052761133],[74.95343893006891,18.973046257977536],[74.94459315658413,18.969521385184958],[74.93494784656386,18.975597300430014],[74.92337839820559,18.97190212376638],[74.91649264177123,18.958218886259672],[74.90325518272878,18.964104965485653],[74.89964453020843,18.978897030813815],[74.87320425655082,18.984824778489997],[74.83673664453542,18.96997685032199],[74.82533581804084,18.99068207825017],[74.80805821475418,18.976820926841445],[74.81284894813066,18.962169934773105],[74.82897185156125,18.961955859968054],[74.83509421337898,18.95282618941213],[74.83352525273466,18.93847529893847],[74.82497311336341,18.932857175359874],[74.8425299381932,18.923612644147983],[74.84812828575625,18.908152409513402],[74.86418798282507,18.897724670086653],[74.87418917481821,18.912627214857576],[74.88331073019692,18.914351093129476],[74.88444695170762,18.88590146633641],[74.89799981463622,18.87577887116794],[74.89399280654786,18.846054010711985],[74.90911329881749,18.84628747968548],[74.91883509589262,18.854413279466453],[74.92655983747987,18.843225054468412],[74.92230040908488,18.827857298897992],[74.94340763553065,18.829891058392363],[74.95729715109508,18.81917271393128],[74.97327230861087,18.828377106955866],[74.97154620208062,18.8125612845105],[74.98596025112602,18.79690433730178],[74.99663874679221,18.797302345995718],[74.9985398810724,18.804353790344784],[74.9992905250019,18.797633030029836],[75.0025468900591,18.8039142841322],[75.00937695723401,18.803264611467103],[75.0056427639042,18.782866783811862],[75.01743526304918,18.771974075668673],[75.0396666834623,18.76341226436667],[75.04429705318756,18.750839193346366],[75.05258762740259,18.748007367318657],[75.05732531346496,18.73509197841013],[75.06738320083059,18.73172824683605],[75.07679093700092,18.714299708938167],[75.10352781011086,18.701896242974858],[75.10995382315583,18.689402187582445],[75.11951734965434,18.684437264436628],[75.11706814513448,18.679543306754685],[75.13974259488279,18.664828342216467],[75.1420558447743,18.652859155967636],[75.15627239471286,18.641458271257907],[75.1625868387962,18.65995261064329],[75.16557923750038,18.695430786817948],[75.1748267815977,18.70864265832741],[75.1717457048019,18.736496051062474],[75.20791915359605,18.738407195637564],[75.2181323453013,18.730903448997914],[75.25405045246748,18.71971237978479],[75.27626129607071,18.729566710565223],[75.29348374998546,18.765897907927528],[75.32887966198544,18.805651874725264],[75.34019409929579,18.786093582282007],[75.34880741214123,18.782644348463325],[75.36124218066321,18.789667774902487],[75.3650582554312,18.786675094180328],[75.36321371231897,18.78152010406754],[75.37282943452873,18.774601346312675],[75.3733059988718,18.76701037596085],[75.38144732339227,18.769755351435315],[75.38621732634694,18.772371384598333],[75.39104370487395,18.819633576978774],[75.39821310885085,18.832060078103407],[75.4205108105589,18.81796784928212],[75.41922483270379,18.814324401592316],[75.4413116953231,18.7923465131031],[75.44346660816261,18.76167201121447],[75.4470046812996,18.76468212177296],[75.44951921130694,18.751489349707178],[75.46757949963266,18.75180696775037],[75.46787327478171,18.74654632731364],[75.48228232290589,18.743930268815404],[75.49361820030713,18.73559179172132],[75.49183518909692,18.728155331071456],[75.50793564901842,18.723610499203545],[75.52589533142223,18.73339774506654],[75.52563641539778,18.752894760998785],[75.54170895478192,18.745737856310488],[75.55626077125591,18.73623890850466],[75.55398129262919,18.70785955713372],[75.5959786209199,18.692840750116027],[75.6056946903368,18.685935795090113],[75.61429574656852,18.666309939867425],[75.63294138521823,18.653230185322546],[75.63781926865202,18.65486523488807],[75.64081474049279,18.649178514389853],[75.65856874103588,18.645049238448298],[75.66697236912772,18.650588465132873],[75.66413292656698,18.673951414339506],[75.6685435845434,18.691840334933545],[75.69997403553691,18.688318637057442],[75.72736880062493,18.674458080273464],[75.74596619255736,18.68231687910584],[75.75706056867425,18.680595066771556],[75.7717302378253,18.668510739620544],[75.77298776244207,18.673696770650732],[75.77937905829629,18.670961602520123],[75.77831478106003,18.665984126379858],[75.78782145138757,18.655969936651584],[75.79330615488063,18.655642877698494],[75.79818196230781,18.674289788931254],[75.8031279173789,18.673707614418586],[75.84875888517982,18.65475088941923],[75.85728068395233,18.6596226681927],[75.85534513162035,18.648815463374714],[75.87123135232974,18.65373003009983],[75.87261427367535,18.647546082680073],[75.90569437378862,18.649799715548944],[75.93945570141614,18.64112233283391],[75.94607075503119,18.626605579137888],[75.9424783553791,18.61232044416066],[75.94901801878225,18.60457919558834],[75.99031814122478,18.6187718066679],[75.99704350077022,18.60847252093972],[75.98216460949791,18.591830939702866],[75.99219996442127,18.58338854554617],[76.00854236131008,18.585415101947632],[76.0051591729994,18.602075085392077],[76.0126861244257,18.607515564019042],[76.03260551575777,18.600148903119596],[76.03537134317763,18.5917761549159],[76.04415492809196,18.58992758204276],[76.0474698731871,18.5760492901876],[76.05675089390179,18.571897441185918],[76.07837257832422,18.57481139131123],[76.10207920131712,18.587936404488435],[76.1078440588046,18.583995899380902],[76.13386845470649,18.58721966165243],[76.15179502251397,18.582330019012865],[76.16038004920776,18.55544471448455],[76.17007908566856,18.56098684411427],[76.16625327585783,18.570019409802576],[76.16827595489092,18.584659293213594],[76.17910593615842,18.584352967539143],[76.20067423370355,18.58190417131069],[76.19999266393117,18.576111758986404],[76.21988823463688,18.573210892683992],[76.23359381655364,18.575223060214178],[76.24238227123512,18.571273626585707],[76.25417664696073,18.575475990024383],[76.25490851340582,18.56373650902842],[76.27377689472013,18.558223023820407],[76.27919873860121,18.574157856413674],[76.29053696240196,18.575739057610313],[76.30245048527696,18.56726005068188],[76.31263601426133,18.565757706790222],[76.32200978782572,18.570587228203305],[76.33976381891152,18.560281309064543],[76.34783509370443,18.565447121676154],[76.3601183236245,18.558563354062343],[76.36824405518828,18.54297520838203],[76.39025863127497,18.54137269586446],[76.39790936336088,18.601183803563128],[76.43289611161354,18.61665470853569],[76.43383092365104,18.613248908187014],[76.45906440325089,18.619323687989557],[76.4656469674971,18.636771445049995],[76.4716460786612,18.63737807550638],[76.4790891139652,18.611674984226187],[76.49539260751396,18.612751646442344],[76.51869543688838,18.623438829704106],[76.52845115255201,18.649656809863746],[76.54341777239664,18.652138774905143],[76.54865576707165,18.639800495889055],[76.5616111928441,18.63850487164284],[76.56035668297339,18.628594092721347],[76.58036608100538,18.615947102883148],[76.58161455868895,18.650744218855074],[76.58940503090383,18.64981923827187],[76.59126524243128,18.67222918511909],[76.6125395743845,18.676147954305332],[76.62487332196288,18.670728529069876],[76.63626158282327,18.675346548936567],[76.6409328699114,18.66126250140886],[76.6376341600684,18.655292951981966],[76.62984276797863,18.65499571324949],[76.63050894601695,18.64613671865737],[76.64982395082586,18.644889183646136],[76.65306749333068,18.636628867183564],[76.67093274213684,18.63230416061647],[76.67852130811018,18.634316423046776],[76.68108603058566,18.648837518383026],[76.66210720769541,18.654858122928474],[76.68206099012983,18.692135585113746],[76.69816290442378,18.691608990368117],[76.71325196015006,18.699918091332695],[76.72741379100974,18.6943633964298],[76.7337259201346,18.69976756813816],[76.73276487549417,18.721596504378628],[76.72177846789128,18.749680462767817],[76.70106801922171,18.757559945328325],[76.69312085477013,18.752514645038737],[76.68034018006651,18.756157431793856],[76.67106257384822,18.76540917023968],[76.68340683171544,18.7773244337869],[76.67348724178444,18.788260253154817],[76.67482313722323,18.79397974906514],[76.6662196896762,18.807027086419463],[76.67065919974293,18.813510528818142],[76.66427710173893,18.820506706305604],[76.64488610664348,18.820208309282055],[76.6450940109362,18.83085523272113],[76.63913242419815,18.838665931805362],[76.64122516373857,18.84675573779601],[76.63322563289579,18.843957642545742],[76.62840533326832,18.84735475961426],[76.62161099119393,18.855799808270646],[76.62062856305648,18.867411541124955],[76.58637306769961,18.867307853050956],[76.58172822701341,18.873651390720994],[76.58546735029755,18.942994877712128],[76.53642447684297,18.949173039044492],[76.53304018719778,18.91776047495741],[76.52015068429246,18.917934276169554],[76.51121164412162,18.923105804818668],[76.50286415444683,18.949763594886033],[76.47735571940308,18.95379080640973],[76.473266660095,18.962914992913284],[76.4773718360776,18.97475538774875],[76.46924979928463,18.975860772960555],[76.46871478875252,18.981209076462683],[76.471652807941,18.987646651918464],[76.47723707531026,18.988311595683495],[76.47945789215227,19.000612127394092],[76.45563660280659,19.009016711307865],[76.4518206969219,19.02453489444293],[76.44779014848154,19.023400407560217],[76.4481248266204,19.03388697918038],[76.43820110533741,19.04326829248636],[76.43854040620673,19.048462918033177],[76.45189162610012,19.04985834053808],[76.43257244412511,19.071721661962684],[76.43832797530328,19.08358198189173],[76.43453193386448,19.097597867226447],[76.42390484878199,19.097804231004577],[76.41923915550312,19.09053249596053],[76.41000969808574,19.09166822919605],[76.39325561677698,19.110931663314144],[76.38958829134197,19.12638739753479],[76.37630028230187,19.131349957194722],[76.36627966783398,19.125585742776185],[76.358753663232,19.106872760097154],[76.34938894738063,19.09832047759898],[76.3345778636409,19.098891320067004],[76.32126089830595,19.106946318561167],[76.31896763233627,19.115239258365296],[76.32786927923509,19.12094251544665],[76.33299291747613,19.13714019440066],[76.35297018097377,19.144976680219084],[76.36120136037884,19.15723025043907],[76.35357118444156,19.165568229365878],[76.35809968431526,19.18053182575337],[76.35158259827017,19.19215368199633],[76.36289637621707,19.21414433853487],[76.3640172940286,19.232547156930497],[76.34356043078056,19.25010705396063],[76.32219698505284,19.253739709869016],[76.3080812710049,19.265523880903324],[76.29725034470971,19.261993260380947],[76.28413145070834,19.26616538343552],[76.26122081410891,19.255354325936473],[76.25046128860747,19.240006497047183],[76.24097358171556,19.246139919391123],[76.22338063293326,19.242244959758384],[76.22660708409143,19.257021831923094],[76.21348409826399,19.260095780898453],[76.21453817692678,19.26935294340532],[76.20008569795357,19.28347697199049],[76.18070967328232,19.288742427867817],[76.1648306022643,19.28153170453343],[76.15928634855271,19.284990476280502],[76.16212726704549,19.29382656352509],[76.15901805501503,19.297389172189302],[76.1395336620795,19.289984306879706],[76.13246728947578,19.292955792541417],[76.12892801349462,19.303423617644885],[76.11382166789407,19.29574926343358],[76.1105507088068,19.304920884295033],[76.10363518040731,19.307981999176917],[76.09675057471479,19.306119369716676],[76.09098822262867,19.28539599568318],[76.08086713339289,19.279030996783565],[76.04087917739093,19.2829861751929],[76.02488218722048,19.29752131885178],[76.02681117017282,19.309979662079186],[76.02006168726875,19.327257301590844],[76.02486257879448,19.335572117566727],[76.01957324450265,19.339695730075523],[76.00979225114526,19.337171653943216],[76.00348809726349,19.325848624641488],[75.9789226004173,19.305587834421907],[75.94313424141917,19.29139526241379],[75.92555562435888,19.296665863555152],[75.9066198334657,19.313919976525188],[75.90289306740661,19.33462978897416],[75.90563987300034,19.35377461253592],[75.91582387395042,19.36168547499125],[75.91628104995469,19.371548514327998],[75.9241397546053,19.38118864755061],[75.91230001485616,19.39237175983417],[75.90267001033168,19.391254579567594],[75.88676519180093,19.37729785031491],[75.88052078756368,19.38382441473304],[75.87388534398829,19.383643148253128],[75.8422443287905,19.370606565572476],[75.82890228608608,19.374183152763596],[75.81785117732485,19.38530698240167],[75.79093082691142,19.39993585466416],[75.75753478931273,19.38938088481182],[75.76264227045505,19.37917341792509],[75.75086214021321,19.35705636106503],[75.71459835683409,19.35492451589439],[75.70098471479172,19.35935480821516],[75.68531513359288,19.354036728733647],[75.67542733503974,19.356557539496745],[75.6761365459734,19.364099122610273],[75.67146997144724,19.36833260554887],[75.64934011186521,19.367055927777862],[75.64139943594493,19.38284939766364],[75.62355377220858,19.37317081556967],[75.60646401563096,19.384979620057145],[75.59847215370579,19.385820930777598],[75.58771019826148,19.37804819147155],[75.55044437203071,19.386456605672567],[75.53676771856102,19.397142967742397],[75.51572386646197,19.40475773644429],[75.51839591515603,19.41563438667769],[75.50580540122165,19.42388972389587],[75.50796343211354,19.4307440172524],[75.49893297668443,19.430450429996476],[75.4879112077987,19.44301789854491]]]},"properties":{"district_name":"Bid","state_name":"MAHARASHTRA","district_lgd":470,"state_lgd":27,"dtcode11":"523"}},{"type":"Feature","id":40,"geometry":{"type":"Polygon","coordinates":[[[72.80341597546823,18.905284698380914],[72.83223071381404,18.85816783475589],[72.8428929544652,18.863274957846297],[72.864202726753,18.908040415659826],[72.90590485157334,18.935997376428663],[72.91447780221478,18.949794909691935],[72.90917692097833,18.97326863694489],[72.90240043561509,18.978823576136723],[72.88655252445933,18.980537625408726],[72.8804711922939,18.98833638469754],[72.88579706466157,19.01199025167842],[72.87745736338029,19.024749010227023],[72.87981696454383,19.046700278261973],[72.86694391607955,19.052920691250794],[72.83655821474466,19.047660814590504],[72.83820771204913,19.033955614111576],[72.82440327412858,19.01789437501333],[72.81520982208612,19.02623526802062],[72.81661213266881,19.013031657649922],[72.80941518993856,18.994770477277772],[72.81471069475809,18.98327699642505],[72.80581196558728,18.97776595771554],[72.79164625400558,18.94892667675898],[72.79379487863812,18.939286996490917],[72.80835068183534,18.955277815862303],[72.82284715220631,18.943027442794357],[72.81792442128028,18.925422910693065],[72.82556820130422,18.91992794811391],[72.81682158745375,18.91856092422708],[72.81211552927589,18.911743625334648],[72.80848806119171,18.914673389220784],[72.81440153236652,18.92149056780291],[72.80547784709881,18.911305167786946],[72.80341597546823,18.905284698380914]]]},"properties":{"district_name":"Mumbai","state_name":"MAHARASHTRA","district_lgd":482,"state_lgd":27,"dtcode11":"519"}},{"type":"Feature","id":44,"geometry":{"type":"Polygon","coordinates":[[[76.9110905456759,18.83663884807207],[76.86975825456307,18.83114636091296],[76.86442942853473,18.8215647901611],[76.854055553378,18.818342936015014],[76.85119459347125,18.80896911194547],[76.82839254252842,18.81195509025663],[76.81114358202458,18.79994725923033],[76.80276156829682,18.801886540657886],[76.77960303800143,18.794569114545656],[76.77842432707611,18.775439722534085],[76.74955247474281,18.77270061809834],[76.74244912478709,18.776087150039512],[76.73719480592672,18.75841303573894],[76.73285351136494,18.75846704709097],[76.73048516150885,18.75014438603793],[76.72177846789128,18.749680462767817],[76.73276487549417,18.721596504378628],[76.7337259201346,18.69976756813816],[76.72741379100974,18.6943633964298],[76.71325196015006,18.699918091332695],[76.69816290442378,18.691608990368117],[76.68206099012983,18.692135585113746],[76.6630161599308,18.658954591235545],[76.66210720769541,18.654858122928474],[76.68108603058566,18.648837518383026],[76.67852130811018,18.634316423046776],[76.66977160046186,18.632047634498498],[76.65306749333068,18.636628867183564],[76.64982395082586,18.644889183646136],[76.63050894601695,18.64613671865737],[76.62984276797863,18.65499571324949],[76.6376341600684,18.655292951981966],[76.6409328699114,18.66126250140886],[76.63626158282327,18.675346548936567],[76.62487332196288,18.670728529069876],[76.61429792234857,18.676065647683597],[76.5931950212909,18.673556309668317],[76.58940503090383,18.64981923827187],[76.58161455868895,18.650744218855074],[76.58036608100538,18.615947102883148],[76.56035668297339,18.628594092721347],[76.5616111928441,18.63850487164284],[76.54865576707165,18.639800495889055],[76.54341777239664,18.652138774905143],[76.52845115255201,18.649656809863746],[76.52363361434574,18.629396812712166],[76.50719997647188,18.61578253423665],[76.4790891139652,18.611674984226187],[76.4716460786612,18.63737807550638],[76.4647562591468,18.636080234949592],[76.45906440325089,18.619323687989557],[76.41163941448767,18.610189863880798],[76.39754984321114,18.600388547403544],[76.39025863127497,18.54137269586446],[76.36824405518828,18.54297520838203],[76.3601183236245,18.558563354062343],[76.34783509370443,18.565447121676154],[76.33976381891152,18.560281309064543],[76.32200978782572,18.570587228203305],[76.31263601426133,18.565757706790222],[76.30160228969747,18.56755274724488],[76.29169270699873,18.575717802064187],[76.27919873860121,18.574157856413674],[76.27505898107341,18.548462681799812],[76.27026360610182,18.54306291091777],[76.27016040584536,18.52445579298051],[76.25350213525154,18.52022358675759],[76.25382217803782,18.495116123265674],[76.26013141548577,18.493362598841635],[76.25311092972507,18.482665185109656],[76.2668886131215,18.475310363405114],[76.26962523002327,18.468176164277022],[76.26109728677417,18.466091976625126],[76.2686423239821,18.420913155455484],[76.2550147805107,18.42892344564225],[76.22617891738264,18.43350947159287],[76.21452276542978,18.406834578860114],[76.20228850447248,18.3936969330209],[76.22433468778245,18.379066728522588],[76.24693794424785,18.375637931174328],[76.25759111281295,18.36366251205446],[76.27548988225396,18.381375301756847],[76.28940273425286,18.38783339225102],[76.28470635093062,18.340227023944806],[76.31714040874272,18.33000201250613],[76.31457639503797,18.28146301212928],[76.30325759191533,18.262622283943454],[76.29444591219051,18.260783304349328],[76.28358401827252,18.249974273156425],[76.28568194917696,18.231915342827257],[76.30137944282832,18.2303061201754],[76.29333316096323,18.19830849529809],[76.28085130275407,18.182103424805337],[76.28113864596567,18.148840684344542],[76.27508695640797,18.140236530784918],[76.28328228225342,18.127262408688775],[76.27891588516935,18.10894284788296],[76.29792381077988,18.107179601531737],[76.29536653174483,18.100346209035152],[76.30696071162117,18.094860334454015],[76.32761273835627,18.0959598635942],[76.33188353762611,18.07583761248581],[76.37227729228628,18.090212684307527],[76.37971884447178,18.087854812442306],[76.3834477197751,18.078031231113602],[76.39760620620702,18.06621672052522],[76.39663966028378,18.055120772508822],[76.42624694447558,18.03363059818646],[76.49494258479432,18.025256188792987],[76.498842702347,18.04885207574777],[76.51252880429684,18.044171562127673],[76.509207871032,18.02332711431907],[76.52460144036823,18.021523445733877],[76.53069285163113,18.022186667772612],[76.53234804964441,18.0357847588795],[76.54834691459888,18.03397455956683],[76.54934591575496,18.026434303669152],[76.5529536146147,18.02652379775936],[76.56122317633691,18.02991866768153],[76.56601984308587,18.03961663532042],[76.58816763483762,18.03865491401687],[76.59896822233073,18.030725815563255],[76.61057043673898,18.037902862826495],[76.60293973438894,18.006427592930066],[76.6159915448998,18.001211570229056],[76.67865859853333,17.996046166598767],[76.68876748415597,17.96980699561488],[76.67287508752901,17.96696634163557],[76.67306990157141,17.94870113731183],[76.68133242948495,17.946552344007287],[76.67421084822053,17.918395268248982],[76.72371544674796,17.918160055610656],[76.72574683674434,17.912356995949054],[76.73509770596392,17.910633855654375],[76.73985484324713,17.899645699441404],[76.76821839824993,17.901149714488092],[76.77510685502007,17.8777108002251],[76.80442367884619,17.870604054258855],[76.80825036181933,17.870975774049516],[76.81027250545651,17.887039153574843],[76.83125810899594,17.885613534777637],[76.8319768878857,17.89525408156883],[76.83978138010724,17.899371922558444],[76.88432369847992,17.894290703908947],[76.884041363376,17.898979386247184],[76.894242821287,17.899824457859648],[76.90132043630648,17.917239844971835],[76.91915553855003,17.91619785198095],[76.92072395661191,17.941568130352966],[76.91449603107024,17.96156185327275],[76.91319606015799,17.99688696755649],[76.90676385682235,17.996591025125433],[76.90570041501933,18.009706069758323],[76.91235189352254,18.017335609515477],[76.91437200247559,18.03535733684645],[76.95236137495533,18.04021542787541],[76.94495741367122,18.048357128477363],[76.95167686589535,18.06104904367461],[76.9452705744641,18.083196433872235],[76.9629979687051,18.089567365045593],[76.9664063089454,18.098196682449682],[76.95433087731685,18.11053969518339],[76.92055703795405,18.11817804525277],[76.92030680055356,18.12506873762258],[76.93185279839132,18.133521267402408],[76.92402085904459,18.146628293059123],[76.93153421177412,18.159648173137764],[76.94241872796589,18.15640717959083],[76.95199218893312,18.188093787156273],[76.99066627618704,18.189982263902003],[77.00117076009786,18.160894272561208],[77.02336030823896,18.15850439342],[77.02314020123141,18.175647583871612],[77.03178676701376,18.177427716613007],[77.03323418380349,18.181987394899473],[77.05203340292574,18.173224089922055],[77.05325790277773,18.159446645572412],[77.06401365625331,18.150647089776275],[77.08490055740093,18.15078379885018],[77.09953228171435,18.158188223800025],[77.11065602645282,18.15533454782842],[77.11685130003056,18.169609592665065],[77.09765435540956,18.19671808052649],[77.11134600894785,18.204237802364062],[77.14019278031839,18.20771287810176],[77.14275373975116,18.21703499684188],[77.1515769754038,18.21703921465899],[77.14868784432973,18.239039707069445],[77.15182044040537,18.238017060101015],[77.15918908172912,18.255783774582035],[77.16980453093373,18.26086508363454],[77.17486727777155,18.284855365674105],[77.18826872696405,18.284735771546554],[77.1975283947244,18.27660353309128],[77.2130680930079,18.280313971317227],[77.20990776953273,18.29496075651646],[77.20298114873607,18.297727926064244],[77.19916566955114,18.316758411657624],[77.20172328814938,18.322158420350338],[77.21184912498146,18.31627391347931],[77.21912234006922,18.325723652899445],[77.22964010916479,18.34820146631984],[77.22014644105268,18.349266354574333],[77.22588637298595,18.365212677621336],[77.24633957919248,18.37053024717631],[77.2484798863238,18.376048879018573],[77.2395151417594,18.378599466899203],[77.23374073518045,18.388193055029326],[77.2347844715394,18.3966449547249],[77.24182368268221,18.412599321358357],[77.25942412790556,18.413253369778843],[77.26571051939919,18.422335265071556],[77.26864990582351,18.429404682190338],[77.2649683861087,18.442998019068856],[77.25393783888602,18.452118913989207],[77.25501960542252,18.455369998515796],[77.26727830235217,18.454577896624425],[77.27716401861049,18.47675780617991],[77.24965704585861,18.486968898685525],[77.24719358777013,18.500604285710605],[77.26803361752117,18.521918757101762],[77.28207688333976,18.521949033780164],[77.28670152630507,18.539275659519244],[77.297124414442,18.546960094082824],[77.26197287564037,18.567380827172148],[77.26450591902737,18.58008078923252],[77.27038513833872,18.58320353292528],[77.26589439465639,18.594200816983285],[77.26747257381216,18.611986799535295],[77.21152996973068,18.62416368589688],[77.21116337444974,18.634012481655144],[77.19873293311248,18.64767807406502],[77.15371103565063,18.64742382247532],[77.1584680121354,18.68036452209951],[77.17780672887456,18.68029142356242],[77.19455873238009,18.689838241056634],[77.18345247694188,18.700498654381573],[77.16605802170139,18.703741105858924],[77.15144322524112,18.70013782432427],[77.14173663574547,18.713248331852867],[77.13520096265877,18.711237871360026],[77.13777652061322,18.69765955033821],[77.06819685181668,18.68777736764119],[77.0676695721859,18.681734914275804],[77.04592301026086,18.68333508830361],[77.043970830113,18.70141402083412],[77.05790786026775,18.724546500234883],[77.05349600932861,18.74412801515345],[77.05726546961822,18.76430870508978],[77.05304071439654,18.773242668505087],[77.00853270178625,18.76554004989224],[76.99014717122539,18.82858017448988],[76.9110905456759,18.83663884807207]]]},"properties":{"district_name":"Latur","state_name":"MAHARASHTRA","district_lgd":481,"state_lgd":27,"dtcode11":"524"}},{"type":"Feature","id":45,"geometry":{"type":"Polygon","coordinates":[[[75.58425961564325,18.69741812112223],[75.5816861974758,18.684167983598872],[75.54335614431446,18.68052969873901],[75.5402433830403,18.656715277301096],[75.54772842536364,18.652977436631815],[75.54043233737211,18.638795031720566],[75.5202165684716,18.63841392067409],[75.51823770925807,18.63231495680637],[75.49908498869848,18.620609617531002],[75.48798253582889,18.62625651806529],[75.48685023456608,18.61922616920283],[75.46205395154026,18.60552916822799],[75.458753759477,18.59481569118562],[75.45284682624084,18.59627951304294],[75.44510312570955,18.583595816423966],[75.43408779684609,18.550770372080073],[75.41497037199235,18.530906018891006],[75.39768925808953,18.54270547272368],[75.3419484219091,18.560618543072604],[75.33090388701909,18.53949124715349],[75.32991365970838,18.523524667484494],[75.31277996742854,18.519921511742442],[75.31003316093651,18.50803958495697],[75.30366441189761,18.507870078778566],[75.29618334282281,18.493613171583792],[75.30348460960194,18.479278323931304],[75.29750790242102,18.448301070877474],[75.30305303019335,18.435025514024222],[75.28535933265697,18.405495545399962],[75.29852116163731,18.399897373652685],[75.30513270014465,18.389532558001292],[75.3147506654477,18.394692276589257],[75.32334559876244,18.393101648893214],[75.32706197490693,18.38447052341058],[75.33504727823221,18.388291255333428],[75.33686860348763,18.38060580805913],[75.34442460822682,18.377869573903354],[75.34981813271853,18.36867904324694],[75.35912733178706,18.366860594181382],[75.36587493002567,18.35373453835688],[75.38192414734843,18.343192365526853],[75.38801315022808,18.326845384180317],[75.40299954648366,18.328192475920297],[75.39832788928966,18.322682070714517],[75.40225904722865,18.316606944774197],[75.39217753417104,18.307998111900822],[75.40095913201193,18.29625082572239],[75.3936896278646,18.285869602204897],[75.39523374110816,18.26310884296076],[75.42968110852492,18.260811738232476],[75.42848156387153,18.24616653421071],[75.41926511495777,18.239681551219295],[75.42686748174879,18.231758133074933],[75.42790013199883,18.2148191277743],[75.4379629762682,18.204680998703157],[75.42520142759531,18.182948070215442],[75.42870111661853,18.174912490485994],[75.44112356115312,18.174470683083893],[75.4623924762652,18.158598765764538],[75.46604558675915,18.163564338007582],[75.46335787863305,18.17095854061936],[75.48553644037821,18.17387029305814],[75.48691852090073,18.151080358145048],[75.50157822773528,18.156447159924078],[75.51908477655356,18.143555728352013],[75.51538116636756,18.138319833012066],[75.5260356473713,18.13063465035591],[75.53116509142401,18.13397138323767],[75.54250254626689,18.149266884928924],[75.54425439851315,18.17791851155114],[75.55481958607929,18.19026062992922],[75.54835238977009,18.204601603715993],[75.56057913362511,18.2026343818622],[75.56883342937738,18.236451851409804],[75.58432203867406,18.24541012125631],[75.58740998129353,18.253333021245464],[75.62737521261373,18.241091669277797],[75.62947065338817,18.265106923470842],[75.61421357766949,18.270281102860526],[75.6470690037403,18.329126852859527],[75.65431429379917,18.33237094097919],[75.6789717583675,18.32779017446273],[75.68175815361408,18.32372314746187],[75.69619412694227,18.326888060959874],[75.70444039445086,18.3379492787877],[75.71718785843842,18.33614115132611],[75.71813373951682,18.346710722922023],[75.72859613735659,18.362071302285436],[75.72349952852414,18.385567052885836],[75.70555184222266,18.394807218041006],[75.7231771052024,18.433158809247438],[75.76256328788034,18.43938314680368],[75.76997556307239,18.408030736160395],[75.7792226256727,18.402374470334877],[75.77955274036994,18.39468734536209],[75.79334968544269,18.387001264339272],[75.7958508575017,18.379340345428187],[75.82409937155433,18.378006562811116],[75.84095457621459,18.364017098748892],[75.86016917183267,18.358598880127143],[75.88229589359939,18.3653713358941],[75.89577368431969,18.357708287464295],[75.90405149527115,18.327815941049266],[75.92042559640124,18.31139178044467],[75.9329580405407,18.285734651347685],[75.92843190233786,18.25986351677472],[75.94230054554669,18.247951562464912],[75.94742742670589,18.230980980440602],[75.93541385755937,18.19308964318818],[75.94043941144946,18.18977060707543],[75.93958827927736,18.182508549095928],[75.95421691069127,18.17165026146919],[75.95758596940081,18.16055077518751],[75.94985318070526,18.138953939807802],[75.93828685938252,18.125399495208157],[75.94358766426221,18.119555778709874],[75.9452036562032,18.106030570914065],[75.9548687857536,18.10015401589115],[75.95588682670216,18.085605980913005],[75.98658296064644,18.088328735068167],[75.98895107514393,18.073147126532334],[75.99580267583455,18.067215653678936],[75.98457257595634,18.053701046465168],[76.00149622685139,18.056465267040963],[76.00566003497426,18.05035467542399],[76.01418243741466,18.052883691695044],[76.01874915251891,18.042554496453715],[76.00432407306016,18.029927368598504],[75.99605885648897,17.995264164618792],[75.9834054011959,17.99363424344036],[75.97985956571651,17.972392697515787],[75.96797514286683,17.97195432364629],[75.9523621618191,17.979310862257314],[75.92279126837947,17.97401560394601],[75.91560123099879,17.976506326308602],[75.9085088090485,17.987422396552535],[75.9079419604261,18.00360272177964],[75.88099680932433,18.00478758966706],[75.87199866000776,18.011500311762244],[75.85673807906282,18.011901262558386],[75.85097604587861,18.006050208040847],[75.83950856528827,17.98052247929597],[75.84481888692008,17.97669747541595],[75.83755723584497,17.951667972561847],[75.83805947493715,17.931460142599075],[75.84599531971783,17.931289606494232],[75.850578876437,17.92393847778467],[75.84246985892742,17.90235168076034],[75.84420938538968,17.892683485908535],[75.85638327686497,17.869130592223993],[75.87411379544652,17.859681161469172],[75.87434591562437,17.845983617967427],[75.88786376851137,17.844847057210814],[75.91016428823447,17.832863791489334],[75.92366658230074,17.833091245400116],[75.93155507688282,17.85188128276769],[75.94135092388345,17.852464175950658],[75.94357489740537,17.84353706916578],[75.96215449191538,17.831073588745866],[75.96603460668165,17.81824934936594],[75.97757884561808,17.820226295896532],[75.97468912794415,17.839445481149596],[75.98050400542327,17.843756554424306],[76.0191453984924,17.82804126237879],[76.00795309522975,17.801955431910237],[76.01120416651496,17.787520599763457],[76.00478578825158,17.7858645145656],[76.00259987095832,17.75010686970627],[76.02790783257336,17.765908597748783],[76.05499445216273,17.76304491206743],[76.06030696388717,17.769413373485396],[76.06876833568549,17.76858293743327],[76.08756981946057,17.778137954698575],[76.09696063855748,17.77716829400779],[76.10203468709986,17.764366435446778],[76.12880601688913,17.76738305353559],[76.13395560296713,17.755538125707155],[76.14460114573377,17.75592836113703],[76.14748832566704,17.733484934720405],[76.17524428087292,17.7295032776248],[76.16495910896062,17.713596947402152],[76.14760998540427,17.7171127425848],[76.14494454022586,17.69901423472635],[76.1657399838944,17.69920011503052],[76.16443678713192,17.6928277824442],[76.18761019173175,17.68313948971994],[76.20281774512547,17.68975923581791],[76.22168802907153,17.687672739152358],[76.22233097038838,17.698602186900015],[76.24014831832868,17.69836029570596],[76.23785483855994,17.70675125044079],[76.25172989484157,17.704709361295006],[76.25514644388696,17.71575072460863],[76.26999849619348,17.72796240433122],[76.29457811455592,17.72830175414406],[76.31561348206716,17.714001391926914],[76.31384243731486,17.7081265409902],[76.32218415711058,17.695407705219136],[76.33966918948119,17.69195776193585],[76.35696819423116,17.696331047247536],[76.36403285105268,17.68490596821311],[76.37927943355056,17.68527306685902],[76.38031002306533,17.659250932400603],[76.4043785889643,17.655311263903346],[76.41666820051616,17.645341536294872],[76.43545022229063,17.64626155284653],[76.44506457636622,17.64095154099677],[76.4418954314349,17.64930862506493],[76.45454268296263,17.649786497262337],[76.45292020788021,17.65579030316224],[76.48980813353221,17.66049929057734],[76.48454734320855,17.67851164567144],[76.48728762613499,17.71476304336041],[76.50074822040578,17.718417986343393],[76.52396159015429,17.715151537238143],[76.52741835407996,17.73784287621047],[76.52321740600998,17.75975987388431],[76.56132176464273,17.764618126069777],[76.5727922500977,17.760525752866126],[76.56401640506787,17.750832524512433],[76.5703540634148,17.705405332031578],[76.58208139876906,17.705681686448163],[76.60047513184679,17.7256530987691],[76.60535450199238,17.75864403090256],[76.61368787374418,17.77085264899628],[76.63194321147093,17.754640556007207],[76.62815564204354,17.750648467869322],[76.63331735627618,17.72821963602507],[76.65565647121716,17.717853861851722],[76.66424582150239,17.687560216355237],[76.67497835891778,17.689993078314153],[76.69089645095517,17.68100491411407],[76.69259650634216,17.706723416903785],[76.7013640482438,17.70907056347716],[76.70370452607156,17.715620043149936],[76.7043842192633,17.723012973042913],[76.69970280546698,17.727248666911365],[76.72832736238232,17.7375602252923],[76.72486402099213,17.75110158636947],[76.71884387487732,17.751478769874513],[76.72112898324595,17.76949699970231],[76.7119690230922,17.773266342629427],[76.71414854707557,17.780938966971505],[76.72099729381854,17.78805645541399],[76.74070254295657,17.77946333903418],[76.74439397468224,17.78033898239042],[76.74258186344673,17.78422289316478],[76.76209500067472,17.787015961114392],[76.76656645123967,17.79846750035941],[76.77878398287147,17.800479110364915],[76.7829196943872,17.817915684778775],[76.79045015732795,17.826332607914768],[76.76755662195656,17.852125523757678],[76.7515514274726,17.858128754317583],[76.73853967373859,17.85667967296103],[76.7413043818576,17.895396279746457],[76.73509770596392,17.910633855654375],[76.72574683674434,17.912356995949054],[76.72371544674796,17.918160055610656],[76.67421084822053,17.918395268248982],[76.68133242948495,17.946552344007287],[76.67306990157141,17.94870113731183],[76.67287508752901,17.96696634163557],[76.68876748415597,17.96980699561488],[76.67865859853333,17.996046166598767],[76.6159915448998,18.001211570229056],[76.60293973438894,18.006427592930066],[76.61057043673898,18.037902862826495],[76.59896822233073,18.030725815563255],[76.58816763483762,18.03865491401687],[76.56601984308587,18.03961663532042],[76.56122317633691,18.02991866768153],[76.5529536146147,18.02652379775936],[76.54934591575496,18.026434303669152],[76.54834691459888,18.03397455956683],[76.53234804964441,18.0357847588795],[76.53069285163113,18.022186667772612],[76.52460144036823,18.021523445733877],[76.509207871032,18.02332711431907],[76.51252880429684,18.044171562127673],[76.498842702347,18.04885207574777],[76.49494258479432,18.025256188792987],[76.42198693307397,18.034740140677258],[76.39663966028378,18.055120772508822],[76.39760620620702,18.06621672052522],[76.3834477197751,18.078031231113602],[76.37971884447178,18.087854812442306],[76.37227729228628,18.090212684307527],[76.33188353762611,18.07583761248581],[76.32761273835627,18.0959598635942],[76.30696071162117,18.094860334454015],[76.29536653174483,18.100346209035152],[76.29792381077988,18.107179601531737],[76.27891588516935,18.10894284788296],[76.28328228225342,18.127262408688775],[76.27508695640797,18.140236530784918],[76.28113864596567,18.148840684344542],[76.28085130275407,18.182103424805337],[76.29333316096323,18.19830849529809],[76.30137944282832,18.2303061201754],[76.28568194917696,18.231915342827257],[76.28358401827252,18.249974273156425],[76.29444591219051,18.260783304349328],[76.30325759191533,18.262622283943454],[76.31457639503797,18.28146301212928],[76.31714040874272,18.33000201250613],[76.28470635093062,18.340227023944806],[76.28940273425286,18.38783339225102],[76.27548988225396,18.381375301756847],[76.25759111281295,18.36366251205446],[76.24693794424785,18.375637931174328],[76.22433468778245,18.379066728522588],[76.20228850447248,18.3936969330209],[76.21452276542978,18.406834578860114],[76.22617891738264,18.43350947159287],[76.2550147805107,18.42892344564225],[76.2686423239821,18.420913155455484],[76.26109728677417,18.466091976625126],[76.26962523002327,18.468176164277022],[76.2668886131215,18.475310363405114],[76.25311092972507,18.482665185109656],[76.26013141548577,18.493362598841635],[76.25382217803782,18.495116123265674],[76.25350213525154,18.52022358675759],[76.27016040584536,18.52445579298051],[76.26967600909133,18.539696766618228],[76.27590849807466,18.55805399916904],[76.25490851340582,18.56373650902842],[76.25417664696073,18.575475990024383],[76.24238227123512,18.571273626585707],[76.23359381655364,18.575223060214178],[76.21988823463688,18.573210892683992],[76.19999266393117,18.576111758986404],[76.20067423370355,18.58190417131069],[76.16940333248765,18.584729107053334],[76.16608258158084,18.572517138900654],[76.17007908566856,18.56098684411427],[76.1598115387021,18.55550701369277],[76.1552057504763,18.57999183529136],[76.13386845470649,18.58721966165243],[76.1209385716308,18.58367953956742],[76.10107054866161,18.587739995808203],[76.07837257832422,18.57481139131123],[76.05675089390179,18.571897441185918],[76.0474698731871,18.5760492901876],[76.04415492809196,18.58992758204276],[76.03537134317763,18.5917761549159],[76.03260551575777,18.600148903119596],[76.0126861244257,18.607515564019042],[76.0051591729994,18.602075085392077],[76.00854236131008,18.585415101947632],[75.99342308266439,18.58307108449372],[75.98216460949791,18.591830939702866],[75.99688327276456,18.60815135387694],[75.99492359617561,18.61559503861894],[75.9849213109328,18.618738986460063],[75.9562819587647,18.604329308373675],[75.94840623103947,18.604776074385647],[75.9424783553791,18.61232044416066],[75.94607075503119,18.626605579137888],[75.93945570141614,18.64112233283391],[75.90569437378862,18.649799715548944],[75.87261427367535,18.647546082680073],[75.87123135232974,18.65373003009983],[75.85534513162035,18.648815463374714],[75.85728068395233,18.6596226681927],[75.84875888517982,18.65475088941923],[75.8009083123642,18.6740380528484],[75.79330615488063,18.655642877698494],[75.78782145138757,18.655969936651584],[75.77660710526452,18.67301509437064],[75.7717302378253,18.668510739620544],[75.75706056867425,18.680595066771556],[75.74613689042765,18.68229489823114],[75.72736880062493,18.674458080273464],[75.69997403553691,18.688318637057442],[75.6685435845434,18.691840334933545],[75.66413292656698,18.673951414339506],[75.66697236912772,18.650588465132873],[75.65856874103588,18.645049238448298],[75.64031614317076,18.649370515531743],[75.63781926865202,18.65486523488807],[75.63294138521823,18.653230185322546],[75.61752034180734,18.663231001208853],[75.60518444545879,18.686507116133896],[75.58425961564325,18.69741812112223]]]},"properties":{"district_name":"Osmanabad","state_name":"MAHARASHTRA","district_lgd":488,"state_lgd":27,"dtcode11":"525"}},{"type":"Feature","id":47,"geometry":{"type":"Polygon","coordinates":[[[75.21354478299428,18.553771645984895],[75.20130167812297,18.531346881375462],[75.18192321722071,18.53009252116593],[75.15720864046156,18.51931029785859],[75.13357198455118,18.526023776040272],[75.12149446883114,18.491828067612737],[75.10597617560425,18.489869812213694],[75.09157860345782,18.452695865720983],[75.09093996507119,18.431171275608584],[75.07959544857187,18.423487469427016],[75.05908024244107,18.418909692353612],[75.04971257113239,18.429835232859485],[75.01647271103572,18.43703411736575],[75.00552994089442,18.403574191702013],[74.97927658329122,18.39991303035759],[74.96633867197184,18.385073218833774],[74.95900421513792,18.389087923030317],[74.91494499365704,18.37861230718854],[74.90786636084634,18.356493987129728],[74.86578478854827,18.352119037847302],[74.8643689565239,18.335781836276613],[74.8548794251537,18.334654810482846],[74.85084040110863,18.329249020600642],[74.8313336922248,18.334890002970003],[74.8308961417145,18.325956513308046],[74.84603084982353,18.308641433135442],[74.84593989270606,18.301282374767926],[74.83155985567399,18.29223973446448],[74.80390852724923,18.302081662907025],[74.79388495013757,18.290614149509445],[74.82037431043723,18.257413028305063],[74.84049327059452,18.244577592432776],[74.87654901583194,18.247788478839688],[74.89827365257585,18.26031852132475],[74.9210877077058,18.258548298359788],[74.94886469337084,18.264982137682217],[74.96491084204858,18.24991689081264],[74.99065510282068,18.23878963979396],[75.04174279159355,18.262096691357073],[75.04354580289524,18.252287260393455],[75.0202647585648,18.22974653363765],[75.00840173717842,18.209193532045735],[75.02183196390104,18.188659589075282],[75.05999355779379,18.200377152653626],[75.08013315404979,18.21805062685271],[75.10653600389266,18.21916864633458],[75.1116695047372,18.197909803833582],[75.09054324658383,18.146092895529478],[75.09211340558075,18.121960215669716],[75.11980358614153,18.11931323770794],[75.14928987085777,18.12314824780975],[75.16420023460606,18.11226124127917],[75.15708655043129,18.10250966203536],[75.13550406399627,18.092781542429705],[75.13129747809954,18.07635528867985],[75.09401860922915,18.06858972843544],[75.08520424533829,18.057219855720138],[75.07988532323596,18.038930643846697],[75.04982303247131,18.0220153351251],[75.02549072659477,17.98701957447079],[75.01995318778998,17.96673833127401],[75.03887060274575,17.949793594086533],[75.05433823368557,17.951992934937387],[75.07063788963144,17.97980435700883],[75.07962428359417,17.98207176549404],[75.10010234438799,17.975466484425677],[75.10485958407914,17.979870313422886],[75.10853262729093,17.99949449786073],[75.11518324790303,18.001295517071824],[75.12356730170485,17.99778961073311],[75.13525645776124,17.97147283898498],[75.1158089703125,17.969854254296273],[75.11737466917403,17.965015355490074],[75.12841493796472,17.961292417439935],[75.12809426725607,17.9533365865211],[75.10953398203308,17.937386854781103],[75.09734687184839,17.9463864262178],[75.08098449642772,17.940630469182565],[75.07985829203072,17.935179978847902],[75.08758334892663,17.926602312078064],[75.07396945445765,17.917703452357397],[75.05649855528142,17.927644688318548],[75.05010377126895,17.92671360726077],[75.04475027840122,17.919175291416693],[75.05276209729875,17.904841217617317],[75.03719203506033,17.90546295633549],[75.02379272206159,17.894970323449183],[75.0193094577523,17.897476696614603],[75.01774002459418,17.908800067529658],[74.98519818960925,17.917231163289255],[74.96526721899315,17.91644955967387],[74.94245832558279,17.924772821729906],[74.94293877963104,17.9370190166874],[74.93723788039516,17.940916193352418],[74.91198042386203,17.945327385995704],[74.89423926563425,17.937035005539265],[74.86449064051567,17.95237074132965],[74.8456144007393,17.946449917597437],[74.84459332528169,17.955004530991637],[74.85919646160953,17.97056430023489],[74.86119698010287,17.993566315135432],[74.84665178600918,17.99725369424373],[74.83105990818406,17.993494762523937],[74.81773337040146,18.015400981787387],[74.8115353641486,18.01009098345205],[74.81278639214922,18.000602715847748],[74.80162314758944,17.997088786085257],[74.78896613586615,18.00971125109725],[74.7736601873044,18.011503807528598],[74.76662954159787,18.02437671891099],[74.74921473592292,18.0175798922813],[74.7428659645176,18.026513987896518],[74.72271297707566,18.031162715915976],[74.69352498513605,18.02364946150421],[74.66267849567106,18.004635557269534],[74.66787298044528,17.988952094825876],[74.66655196739582,17.972101350440273],[74.65279748209328,17.920138294559074],[74.64374313596917,17.91594457630998],[74.63500953691056,17.90160121091679],[74.63210224010483,17.885100187299045],[74.63613576017214,17.87289310495498],[74.60884329433038,17.858168970806307],[74.61154230775433,17.852551322847933],[74.60702378097687,17.8446086200437],[74.62108122849888,17.845167531952917],[74.61364526293613,17.832881004042985],[74.61747067299655,17.834586748057404],[74.6179590160496,17.83106070228921],[74.62401308973605,17.836362452540033],[74.62736927109601,17.830423937083598],[74.63046131272816,17.834130726085945],[74.62633864475033,17.840893828937066],[74.63670155147746,17.829402738853336],[74.64280782626506,17.831121330797792],[74.63635069378196,17.836660510617275],[74.64835821996158,17.838618034725616],[74.63776135510355,17.84078968772878],[74.6524370420687,17.84423090903173],[74.64412789159189,17.847911599065547],[74.64908599817385,17.849273133951105],[74.65363347405965,17.863250621840763],[74.66551291305613,17.863558193859177],[74.66682976600751,17.85633631238235],[74.67311843922198,17.856535991929345],[74.6784521368141,17.849886649859066],[74.67688797227511,17.840560125524902],[74.68081939701379,17.839201586184885],[74.67696655240458,17.83503498106212],[74.68325714621713,17.82881000406657],[74.68933989322913,17.83000313825334],[74.68204909721292,17.827068789061006],[74.69159653308807,17.822324457013433],[74.68138371687861,17.818543848374375],[74.68829739385032,17.816226436004122],[74.68285328791991,17.812184619983217],[74.69025673446936,17.808446262288868],[74.6887270149316,17.803750501198785],[74.6941013891381,17.80461836803485],[74.6941550814426,17.809341753662494],[74.69688030590993,17.81320582023014],[74.69489813370967,17.803766461847026],[74.70241803246265,17.809011124862145],[74.6962809328844,17.80028050126441],[74.70197724891567,17.798507531884248],[74.69227137717388,17.79781970054737],[74.69797053188147,17.791619337956607],[74.70606479725744,17.795483555684378],[74.69771716744548,17.788737016973137],[74.70915002965972,17.787241761046438],[74.71252093171223,17.795345304570223],[74.71410794669713,17.78589105957459],[74.72663218562478,17.79292838778577],[74.72554036065208,17.796974665245433],[74.73544618839294,17.792772417035508],[74.73778510944032,17.79632660427151],[74.74576077474092,17.801119946022336],[74.7357071561695,17.79141922127395],[74.7528360262929,17.78780809268711],[74.7556354003987,17.77358430099766],[74.74986565338118,17.78467869718364],[74.74526115423778,17.78383968321966],[74.75090031495911,17.772448430216762],[74.74050446970546,17.775098270029137],[74.73931872317483,17.76775294578865],[74.75475744722714,17.76953215219796],[74.75169502933814,17.762567052199824],[74.75637959442447,17.758700927466627],[74.7609480908879,17.768467642392515],[74.76298688210393,17.757875946904583],[74.76419103421642,17.76230685423606],[74.76717580263058,17.759272502264963],[74.7665829935948,17.769341488407356],[74.77933479644517,17.775603804615177],[74.78716570632257,17.76232799175237],[74.81424085712071,17.752784048175332],[74.83744185437283,17.726879488436094],[74.84349135563447,17.73154031708588],[74.84726495086927,17.731673736964762],[74.84879388258453,17.724847397402403],[74.85804738161386,17.730376767121406],[74.86969948306307,17.728088619680356],[74.8722917478852,17.721453718543636],[74.86499389021259,17.709256516374417],[74.86433829343001,17.694191479772144],[74.8738228086077,17.68236214946407],[74.88464994940227,17.682298854117207],[74.89093645498197,17.65891475534314],[74.89911763325999,17.648192870785984],[74.89783776394884,17.640036022542855],[74.9082971982465,17.629146466688276],[74.90919192116779,17.61958217607029],[74.9234742834807,17.618827042012203],[74.91516754228552,17.600951728632477],[74.91538292325635,17.57987693452464],[74.91993907776612,17.576168488171138],[74.94576941510873,17.590569002502534],[74.95282027919737,17.58721397958397],[74.96040285969592,17.591627888062057],[74.96118020604727,17.56449921454703],[74.9850467956361,17.544866162661055],[74.98407673370686,17.539267851798055],[74.95962588524714,17.522263310787807],[74.94301906925446,17.52164654904956],[74.9370669911837,17.5095245062879],[74.95986777280709,17.49205275899854],[74.97369096575409,17.465894499941573],[74.9796851110313,17.464619729449176],[74.98892210980549,17.474161221171038],[75.02715934274347,17.495164986505003],[75.03176395507457,17.49564691924122],[75.03906044371472,17.48663476030613],[75.04212060144246,17.467174016410063],[75.0324101752422,17.446067057262265],[75.03485503550935,17.41882867809696],[75.02263307608153,17.407565306640993],[75.00600047125371,17.41345024758458],[74.99767809937256,17.406312290856008],[74.9937419827332,17.392177916765924],[75.00246342848432,17.386298330553604],[75.00783544461324,17.368001679091396],[74.97027676490488,17.344290368406593],[74.96742361944277,17.33482194802555],[74.97159383884184,17.325831537916777],[74.95931143986341,17.2933274556029],[74.9366965708763,17.28489570101117],[74.93626778343163,17.27506904992294],[74.90838140721954,17.274196411383308],[74.90047512419821,17.26341290413333],[74.89494244977067,17.236729854580123],[74.88526646048683,17.234410455254068],[74.88521643061368,17.221005276688985],[74.88227800538672,17.21785180959639],[74.875910359479,17.220718604921462],[74.87643926775534,17.21177732687797],[74.86703663221921,17.217218667852443],[74.85802290252238,17.215465389782832],[74.84847671530547,17.203909184797627],[74.8576847703612,17.21124990409703],[74.85392268883338,17.203202819479635],[74.86298285783715,17.211187241280626],[74.86790497970543,17.205058736564176],[74.86904482502,17.209856955289588],[74.87020373617814,17.20221461746968],[74.86293212817644,17.196343046941415],[74.8709113184662,17.1978322215931],[74.87127584852027,17.190024956049083],[74.87579524396862,17.19492269371369],[74.87869773478758,17.18725094495431],[74.88549951670917,17.195466935811012],[74.89467258058798,17.19460345359939],[74.88608446368957,17.18972668763331],[74.89311108674029,17.18401326528629],[74.8860369167599,17.18016650812433],[74.89497398782366,17.176714132232245],[74.8965819640974,17.182411269168757],[74.89955515143093,17.184751406160604],[74.90012055376569,17.176946282445023],[74.91843839806653,17.17383729430795],[74.9207255734586,17.16646776735286],[74.93334522874079,17.168597254761185],[74.94834953560654,17.174712303594344],[74.94584115816059,17.184894681135656],[74.95231191449325,17.18693687257895],[74.95052092354835,17.192235019967924],[74.93914598200867,17.192871231934916],[74.95023585307442,17.20236907495761],[74.97773443556149,17.192428900105455],[74.98391221804235,17.20298451545194],[75.00931450006725,17.209004772737533],[75.01451404864476,17.22562356203403],[75.07788027633526,17.22159044870188],[75.07603639078984,17.23963573467737],[75.07967016235236,17.246803264146592],[75.09345079312122,17.25098567370952],[75.10065255082138,17.242705210574123],[75.11496383529321,17.239957469199705],[75.14292321758843,17.243739832788037],[75.17936710779212,17.235680469367114],[75.18878675292821,17.249018055977146],[75.19326346402747,17.26807168934701],[75.204022687695,17.27073912304443],[75.20415614680351,17.26368191262978],[75.22617941948046,17.253405230587248],[75.24744302914243,17.25676178432365],[75.23904052035145,17.240267464631707],[75.2387893927205,17.2153300773342],[75.21983583584591,17.20823819749465],[75.21416078563237,17.199839786794293],[75.22249903433783,17.183223475581595],[75.24335516549199,17.17928599324702],[75.26885908290814,17.1845387231272],[75.2701912305756,17.147802955559857],[75.29621232966038,17.14580903149054],[75.30405548177846,17.17028881238157],[75.28394982926379,17.19296800907208],[75.28720117902672,17.215591424692462],[75.31819580966517,17.221593892020376],[75.33008110118577,17.218728052412317],[75.3343192269321,17.23939241356939],[75.36581340890345,17.23649163543329],[75.36969385514804,17.190579260169446],[75.40592377114264,17.185237173152522],[75.40871916930502,17.191252563292455],[75.40184046105234,17.210981634396422],[75.40932780575775,17.22974646405585],[75.4085892073379,17.240594388667272],[75.4211846655996,17.2655298172606],[75.42990499115159,17.267263158393593],[75.4440869361888,17.254913258222157],[75.4656172996761,17.25220551111739],[75.46722336882648,17.244157466293917],[75.47183270629598,17.242757004581048],[75.51694743925258,17.240189282676116],[75.52451174801827,17.256355187654467],[75.54380690095772,17.27791158294228],[75.58022537333044,17.29265217452679],[75.59221494937404,17.303252513580983],[75.60449969115874,17.305144703107107],[75.61215717677896,17.325138972917024],[75.61009501499251,17.345042745726683],[75.58091571964314,17.351225307128008],[75.57421335247741,17.383301038239985],[75.60619314392838,17.39448036123987],[75.6135865311433,17.39191699853085],[75.60667166120888,17.42037387612101],[75.613423697125,17.424743307538378],[75.62168315729183,17.459247261061474],[75.62767730167074,17.462767710629077],[75.63305039308301,17.477215271676645],[75.64885993719301,17.470328019065384],[75.6589077652241,17.458059053732487],[75.67594575279021,17.455944340166596],[75.68356535375996,17.41692547102056],[75.69079862525861,17.409475372545643],[75.71250953035506,17.40793573537577],[75.73366340541523,17.42009475617148],[75.7531609784326,17.407134624605117],[75.76593560118616,17.405306168151487],[75.77210236133847,17.385746972093216],[75.79300780640847,17.369699885051137],[75.80615111661923,17.368024656299443],[75.81372712144993,17.372762476167324],[75.81364244535294,17.395722386155434],[75.821507978098,17.42122452888658],[75.83033001360143,17.421813618164432],[75.8511508283885,17.41052735175348],[75.8609445167375,17.385597383463313],[75.87526917173405,17.398088241553367],[75.87657251222691,17.41614541828348],[75.88425477158607,17.4179616328097],[75.89413010242134,17.401198039528854],[75.89064751103295,17.35652512177732],[75.91014277807498,17.34452165950126],[75.93088413687519,17.32257606986049],[75.96877140324648,17.336471104974468],[75.9983361737691,17.337971422213478],[76.01439609092522,17.35353636491916],[76.0605982507029,17.355310881382724],[76.07219877627838,17.335318154521143],[76.07919254973577,17.331605893590375],[76.08755905135526,17.336511612696007],[76.09353303664084,17.349354285069712],[76.0894412689122,17.35313625510384],[76.09980229277045,17.36465376105048],[76.11901562625553,17.37050734122461],[76.1411133782527,17.353493883731403],[76.16267921531224,17.345223538045],[76.16514031981467,17.30333892720007],[76.17637572604127,17.30079147303118],[76.18330896831986,17.31943846730611],[76.17931717948908,17.31857822895605],[76.17663973461507,17.324618658591117],[76.17037607049811,17.352627568882554],[76.19645298101318,17.363669917192727],[76.22950539954098,17.36520865109754],[76.22859107987175,17.375846773183518],[76.24214758457052,17.378840266234825],[76.24464203902785,17.371542526303436],[76.25048822728618,17.36968405750075],[76.25078768427942,17.360436172928395],[76.27206896919293,17.360595293175454],[76.27641995208504,17.334577932048074],[76.31772228528148,17.332379512360674],[76.31440319715621,17.348393491393455],[76.34535788779885,17.354451739737204],[76.35406980242486,17.31432058967336],[76.38321760014541,17.314529891706837],[76.39666555242523,17.34710772646865],[76.41224623993682,17.351071506866273],[76.40917836837573,17.371391261964355],[76.36348513564754,17.377671421879462],[76.37156943511377,17.436426266859886],[76.33332206828108,17.433903631758852],[76.33074728647098,17.470195741001763],[76.35042102809874,17.47417715791409],[76.37557562034533,17.490221865790037],[76.37474800966058,17.495651651978072],[76.34582454911423,17.492531750970485],[76.34663200429893,17.512581087073873],[76.36465960113486,17.514970879857923],[76.36721748293948,17.519897209429047],[76.36280052777289,17.537373984839938],[76.34075304819396,17.542475862610416],[76.33318782673996,17.564987824832265],[76.33117602540665,17.596219402787757],[76.35009138142377,17.59410025611666],[76.37769851992306,17.597874018683918],[76.3817610977949,17.602249875935406],[76.41974485310915,17.603710737091728],[76.42892969210469,17.64347159036571],[76.41445299724634,17.646402393784836],[76.4043785889643,17.655311263903346],[76.38031002306533,17.659250932400603],[76.37927943355056,17.68527306685902],[76.36403285105268,17.68490596821311],[76.35696819423116,17.696331047247536],[76.33966918948119,17.69195776193585],[76.32218415711058,17.695407705219136],[76.31384243731486,17.7081265409902],[76.31561348206716,17.714001391926914],[76.29537023100714,17.72817152677419],[76.26999849619348,17.72796240433122],[76.25514644388696,17.71575072460863],[76.25172989484157,17.704709361295006],[76.23785483855994,17.70675125044079],[76.24014831832868,17.69836029570596],[76.22233097038838,17.698602186900015],[76.22168802907153,17.687672739152358],[76.20281774512547,17.68975923581791],[76.18816167017964,17.683086082524284],[76.16443678713192,17.6928277824442],[76.1657399838944,17.69920011503052],[76.14494454022586,17.69901423472635],[76.14760998540427,17.7171127425848],[76.16495910896062,17.713596947402152],[76.17524428087292,17.7295032776248],[76.14748832566704,17.733484934720405],[76.14460114573377,17.75592836113703],[76.13395560296713,17.755538125707155],[76.12880601688913,17.76738305353559],[76.10203468709986,17.764366435446778],[76.09696063855748,17.77716829400779],[76.08756981946057,17.778137954698575],[76.06876833568549,17.76858293743327],[76.06030696388717,17.769413373485396],[76.05499445216273,17.76304491206743],[76.02790783257336,17.765908597748783],[76.00303116200769,17.749751169666787],[76.00478578825158,17.7858645145656],[76.01120416651496,17.787520599763457],[76.00795309522975,17.801955431910237],[76.0191453984924,17.82804126237879],[75.98050400542327,17.843756554424306],[75.97468912794415,17.839445481149596],[75.97757884561808,17.820226295896532],[75.96603460668165,17.81824934936594],[75.96215449191538,17.831073588745866],[75.94357489740537,17.84353706916578],[75.94135092388345,17.852464175950658],[75.93155507688282,17.85188128276769],[75.92366658230074,17.833091245400116],[75.91016428823447,17.832863791489334],[75.88786376851137,17.844847057210814],[75.87476582681569,17.84568335738813],[75.87411379544652,17.859681161469172],[75.85638327686497,17.869130592223993],[75.84466931562862,17.891660158374428],[75.84246985892742,17.90235168076034],[75.85061417214283,17.923333086276912],[75.84599531971783,17.931289606494232],[75.83805947493715,17.931460142599075],[75.83755723584497,17.951667972561847],[75.84481888692008,17.97669747541595],[75.83950856528827,17.98052247929597],[75.85584103309822,18.011259712825765],[75.9079419604261,18.00360272177964],[75.9085088090485,17.987422396552535],[75.92191315351114,17.9742888877216],[75.9523621618191,17.979310862257314],[75.96797514286683,17.97195432364629],[75.97985956571651,17.972392697515787],[75.9834054011959,17.99363424344036],[75.99605885648897,17.995264164618792],[76.00432407306016,18.029927368598504],[76.01878758693832,18.04230153010278],[76.01418243741466,18.052883691695044],[76.00566003497426,18.05035467542399],[76.00149622685139,18.056465267040963],[75.98457257595634,18.053701046465168],[75.99580267583455,18.067215653678936],[75.98895107514393,18.073147126532334],[75.98658296064644,18.088328735068167],[75.95588682670216,18.085605980913005],[75.9548687857536,18.10015401589115],[75.9452036562032,18.106030570914065],[75.94358766426221,18.119555778709874],[75.93828685938252,18.125399495208157],[75.94985318070526,18.138953939807802],[75.95758596940081,18.16055077518751],[75.95421691069127,18.17165026146919],[75.93958827927736,18.182508549095928],[75.94043941144946,18.18977060707543],[75.93541385755937,18.19308964318818],[75.94742742670589,18.230980980440602],[75.94230054554669,18.247951562464912],[75.92843190233786,18.25986351677472],[75.9329580405407,18.285734651347685],[75.92042559640124,18.31139178044467],[75.90405149527115,18.327815941049266],[75.89577368431969,18.357708287464295],[75.88229589359939,18.3653713358941],[75.86016917183267,18.358598880127143],[75.84095457621459,18.364017098748892],[75.82409937155433,18.378006562811116],[75.7958508575017,18.379340345428187],[75.79334968544269,18.387001264339272],[75.77955274036994,18.39468734536209],[75.7792226256727,18.402374470334877],[75.76997556307239,18.408030736160395],[75.76256328788034,18.43938314680368],[75.7231771052024,18.433158809247438],[75.70555184222266,18.394807218041006],[75.72349952852414,18.385567052885836],[75.72859613735659,18.362071302285436],[75.71813373951682,18.346710722922023],[75.71718785843842,18.33614115132611],[75.70444039445086,18.3379492787877],[75.69619412694227,18.326888060959874],[75.68175815361408,18.32372314746187],[75.6789717583675,18.32779017446273],[75.65431429379917,18.33237094097919],[75.64733232779787,18.329453266042602],[75.61421357766949,18.270281102860526],[75.62947065338817,18.265106923470842],[75.62879837848405,18.243016206963528],[75.58740998129353,18.253333021245464],[75.58432203867406,18.24541012125631],[75.56883342937738,18.236451851409804],[75.56057913362511,18.2026343818622],[75.54835238977009,18.204601603715993],[75.55481958607929,18.19026062992922],[75.54425439851315,18.17791851155114],[75.54235866670108,18.148799234036396],[75.5260356473713,18.13063465035591],[75.51479941110138,18.139175583022705],[75.51755737646587,18.14538222507068],[75.50271981667979,18.155975796351775],[75.49397496173063,18.156628398637583],[75.48691852090073,18.151080358145048],[75.48553644037821,18.17387029305814],[75.46335787863305,18.17095854061936],[75.46604558675915,18.163564338007582],[75.4623924762652,18.158598765764538],[75.44112356115312,18.174470683083893],[75.42845549386367,18.175165652930133],[75.42520142759531,18.182948070215442],[75.4379629762682,18.204680998703157],[75.42790013199883,18.2148191277743],[75.42686748174879,18.231758133074933],[75.41926511495777,18.239681551219295],[75.42848156387153,18.24616653421071],[75.42968110852492,18.260811738232476],[75.39523374110816,18.26310884296076],[75.3936896278646,18.285869602204897],[75.40095913201193,18.29625082572239],[75.39217753417104,18.307998111900822],[75.40225904722865,18.316606944774197],[75.39832788928966,18.322682070714517],[75.40299954648366,18.328192475920297],[75.38801315022808,18.326845384180317],[75.38192414734843,18.343192365526853],[75.36587493002567,18.35373453835688],[75.35912733178706,18.366860594181382],[75.34981813271853,18.36867904324694],[75.34442460822682,18.377869573903354],[75.33686860348763,18.38060580805913],[75.33504727823221,18.388291255333428],[75.32706197490693,18.38447052341058],[75.32334559876244,18.393101648893214],[75.3147506654477,18.394692276589257],[75.30513270014465,18.389532558001292],[75.29852116163731,18.399897373652685],[75.28576790171954,18.404590396137674],[75.30305303019335,18.435025514024222],[75.29750790242102,18.448301070877474],[75.30348460960194,18.479278323931304],[75.29618334282281,18.493613171583792],[75.30366441189761,18.507870078778566],[75.31003316093651,18.50803958495697],[75.31277996742854,18.519921511742442],[75.29621637567242,18.523607989096103],[75.25912721841364,18.508687545341818],[75.24339965994633,18.527165325189227],[75.24117196739913,18.53971512066481],[75.22860680302375,18.54109857573605],[75.21354478299428,18.553771645984895]]]},"properties":{"district_name":"Solapur","state_name":"MAHARASHTRA","district_lgd":496,"state_lgd":27,"dtcode11":"526"}},{"type":"Feature","id":50,"geometry":{"type":"Polygon","coordinates":[[[73.89384169638191,18.181879799692513],[73.88330960364912,18.172253087367906],[73.87411920947189,18.174364545287087],[73.8731262926052,18.16587388089994],[73.88781219431341,18.1553530101878],[73.8954983002586,18.139243091374613],[73.90164134578573,18.13621142933512],[73.90125762502224,18.127992510162564],[73.88659956839287,18.115517298294098],[73.8606826711861,18.11962390763591],[73.87959265527779,18.08627542972226],[73.86793639373049,18.072184861936684],[73.86959462535447,18.047503339517274],[73.86408860214479,18.046274334352397],[73.85731578190796,18.03129048673116],[73.84541733635666,18.0402013053],[73.83966371499676,18.031292854564885],[73.82710725799144,18.02965910237068],[73.81283119107205,18.037911115766384],[73.79909966670819,18.024330887734333],[73.79382272826898,18.02605214211348],[73.79200296159058,18.020284204595796],[73.7753993409054,18.02775937909837],[73.76607813405647,18.022812549428362],[73.75567818170538,18.029860210252988],[73.75773394479204,18.037210624118245],[73.73532966875534,18.037204161481963],[73.70381441320573,18.04631400499725],[73.66632113983324,18.025090193779477],[73.65809803897751,18.029151578423562],[73.64893591657889,18.02264561244854],[73.6561513295697,18.01259334876087],[73.6390626599536,17.992353445405733],[73.62833611340285,17.98951203063568],[73.62724551552878,17.985818872779742],[73.63735053300583,17.98072942183279],[73.6385206551387,17.97145228943286],[73.59770867273004,17.93938782609348],[73.59058432375619,17.938754099525905],[73.58331136917987,17.947530499901703],[73.57907548922174,17.946070322679205],[73.57772429008376,17.9335513229715],[73.56357367379208,17.916734308271668],[73.53411423253314,17.897998547307882],[73.53660681579976,17.89122758151347],[73.5626521747871,17.89381320535902],[73.56994227371064,17.878793950954595],[73.57795661328086,17.876991387998604],[73.57536688799603,17.86677147609002],[73.57890183409752,17.861918068666938],[73.59607158834612,17.851282278227355],[73.58624025429852,17.841321007692862],[73.58431125517654,17.829314596320486],[73.59610292787146,17.818749735607224],[73.59522354188701,17.80334615432191],[73.60320439675499,17.795154257766438],[73.59116813796102,17.788301146554172],[73.58175756221608,17.789035566951927],[73.59240125175829,17.776394772941597],[73.5684697418222,17.72420719456337],[73.59010251325186,17.70285682727913],[73.60430816752437,17.70475618548628],[73.61444603100145,17.713677664550442],[73.63433896335515,17.69683452515022],[73.65038297853411,17.709022544932516],[73.65895334112922,17.69661458044562],[73.68691559444008,17.686718512787213],[73.6805593346786,17.678062211552522],[73.69049019936475,17.674087005775682],[73.70023233609456,17.65838600602584],[73.69616238305424,17.65090267652762],[73.70021988454639,17.644999430786303],[73.69036288563112,17.62797413415795],[73.70689863500331,17.62716784168188],[73.71998061722964,17.62074458109644],[73.71292480791537,17.60821599236895],[73.72391666020718,17.598603265373395],[73.72633970758261,17.589520821532233],[73.71502918243533,17.573658306750747],[73.74509791412055,17.555729157730482],[73.74000155501975,17.533361018820944],[73.72769376515981,17.52450652191304],[73.72127303061542,17.526704363954597],[73.72026245826014,17.519312051655625],[73.70173141230133,17.5056244430601],[73.70864636398244,17.499645447635466],[73.70758225383283,17.494215395201635],[73.69374467975643,17.48719271972708],[73.69474620517849,17.47744715715547],[73.70072458053089,17.476385594500236],[73.70649616280657,17.465404834542895],[73.70064214842547,17.45322667515941],[73.70883545216321,17.43363366780301],[73.70319066529326,17.424150400782544],[73.6896099258448,17.422551145534545],[73.66629050907869,17.392216563953433],[73.65931018429941,17.39436156306608],[73.65245552394691,17.38802593129818],[73.64799827035668,17.39694496853436],[73.64109927634829,17.39096150387535],[73.64611214872153,17.382892015044376],[73.6516529825468,17.385631557060172],[73.65849524075847,17.37606379893444],[73.66036416774078,17.381713159358352],[73.67683600826875,17.36811528335258],[73.68389771951445,17.352036081511955],[73.68657884658278,17.343405959408866],[73.67783769448923,17.32448234573253],[73.68500021467614,17.32018839088405],[73.68431196682793,17.30798539258911],[73.67782476952893,17.295027212671474],[73.68611214574155,17.289680099694536],[73.68880434903733,17.268205132547678],[73.69410630555721,17.261722320018084],[73.70214179326584,17.265930371699067],[73.70632703429307,17.260961173321913],[73.71939167454283,17.25990076938266],[73.73099953126938,17.27346948751323],[73.74589499466204,17.27750957487389],[73.76565540574839,17.25012244996874],[73.80005974565968,17.243610160544307],[73.80868245218804,17.23173995835269],[73.83399868459189,17.226255345917735],[73.8494418876442,17.198408863977388],[73.86966884057001,17.190944596810137],[73.88137473942665,17.169976263889865],[73.8839707313589,17.154985253144716],[73.89966780190375,17.159689712340274],[73.94042106683222,17.133474137333423],[73.97953459465177,17.131829581267546],[73.9838242360847,17.118090115253793],[74.00516645552058,17.11196110503676],[74.03097209907435,17.090689460245404],[74.0449342587009,17.099513118860216],[74.0489825183254,17.096937314804844],[74.05155852184423,17.10517255649651],[74.07446752979808,17.097526966068287],[74.07811682065547,17.101343491546086],[74.09346239749763,17.10079122807791],[74.09887622211815,17.104996138906134],[74.09974201749068,17.115959408288457],[74.11093529991696,17.12492010223148],[74.13096151261443,17.115234016962],[74.15700097595858,17.125219026831076],[74.1668527978829,17.140276005665967],[74.17584347141964,17.142797307789444],[74.17713502871096,17.149384369770658],[74.19911827066223,17.15023353637979],[74.22380695707656,17.13860865164822],[74.24652322429968,17.14121380047372],[74.24710995174097,17.15461419854657],[74.2327682359406,17.15439686301053],[74.238148322534,17.16019962274556],[74.2473578687931,17.160132988352217],[74.24771828366487,17.168793964508144],[74.25422693902104,17.17136260529624],[74.24808493374302,17.18317510378357],[74.26614357366019,17.187447106253916],[74.27677910560132,17.185577722411576],[74.27754658575587,17.17848473102867],[74.2855830786793,17.194543578477923],[74.28537359514833,17.204989209281013],[74.2685928096211,17.21546035634755],[74.26605976264084,17.22189498950853],[74.27180293120406,17.229172208535985],[74.28483838878348,17.232393215709653],[74.28854362042858,17.24633763824541],[74.26394463438858,17.256368867399814],[74.25715771688999,17.284794564938196],[74.262493112298,17.2884911355561],[74.25555090123962,17.293260326269298],[74.26217853037033,17.306804792139598],[74.29220711904048,17.31210151532458],[74.28806377633641,17.33107977152054],[74.28013237641976,17.33643668296531],[74.28909151998833,17.356218447448736],[74.28100242351852,17.359750061844835],[74.2612136400422,17.35339391121156],[74.2549042238295,17.36140052768134],[74.26010286331193,17.361728979567868],[74.2582520553489,17.371900102722115],[74.26460563004602,17.376837372452954],[74.26034875196811,17.3821661728588],[74.26834725244325,17.387005006663315],[74.28423741675672,17.420143380265124],[74.2976431598963,17.425837356371293],[74.3302742847255,17.41943009959726],[74.34694818600525,17.42098305195139],[74.34369337323692,17.40970113575092],[74.39502392783506,17.40839313520737],[74.41744645045182,17.402437483225164],[74.43152270600089,17.390658090762948],[74.4683988655193,17.393671870691346],[74.4732473201444,17.387922832318708],[74.49774526996943,17.383088947045405],[74.52209769990493,17.405246551009146],[74.52758667309054,17.419146667754497],[74.54563158405522,17.42172348998253],[74.58349571072311,17.413526349239607],[74.58351740683383,17.431720140089404],[74.58888457565344,17.44637762933242],[74.59581523707224,17.448734952804518],[74.60421502935785,17.44665563441307],[74.62412566031927,17.415555332729408],[74.6246835671113,17.40064369918829],[74.65975971749769,17.397966628904292],[74.67085575100626,17.388210231134327],[74.68573417784957,17.395085037202165],[74.68933614366112,17.407815667044524],[74.68151199899614,17.421916211192716],[74.69376808721822,17.43074752887287],[74.69585951342168,17.4413978260302],[74.69436511833582,17.479127757882544],[74.68502045198328,17.487278770588],[74.71089737415991,17.48619893656128],[74.72566162692722,17.47772330430758],[74.75431347016932,17.47535318527487],[74.80632045707472,17.45343514310981],[74.81642906691455,17.467789795056934],[74.8214357930146,17.466580452422818],[74.83091913139926,17.485099730533225],[74.86000778493985,17.511020925380187],[74.86316734305043,17.528023541581426],[74.85689422416507,17.559694924136306],[74.8758043358176,17.569892849417208],[74.88051131746353,17.577505162704515],[74.88027812379894,17.6045759583642],[74.9056510093545,17.62876311723212],[74.89783776394884,17.640036022542855],[74.89911763325999,17.648192870785984],[74.89093645498197,17.65891475534314],[74.88382853080479,17.683656303077267],[74.8738228086077,17.68236214946407],[74.86415485295743,17.694573916210768],[74.8716013243174,17.726339734230457],[74.85814638583962,17.730386925343904],[74.84879388258453,17.724847397402403],[74.84726495086927,17.731673736964762],[74.83744185437283,17.726879488436094],[74.81424085712071,17.752784048175332],[74.78716570632257,17.76232799175237],[74.77933479644517,17.775603804615177],[74.7665829935948,17.769341488407356],[74.76717580263058,17.759272502264963],[74.76419103421642,17.76230685423606],[74.76298688210393,17.757875946904583],[74.7609480908879,17.768467642392515],[74.75637959442447,17.758700927466627],[74.75169502933814,17.762567052199824],[74.75475744722714,17.76953215219796],[74.73931872317483,17.76775294578865],[74.74050446970546,17.775098270029137],[74.75090031495911,17.772448430216762],[74.74526115423778,17.78383968321966],[74.74986565338118,17.78467869718364],[74.7556354003987,17.77358430099766],[74.7528360262929,17.78780809268711],[74.7357071561695,17.79141922127395],[74.74083142323121,17.795904701991265],[74.74092006089862,17.79811394333465],[74.74414630454599,17.798746752624478],[74.74576077474092,17.801119946022336],[74.73778510944032,17.79632660427151],[74.73544618839294,17.792772417035508],[74.72554036065208,17.796974665245433],[74.72663218562478,17.79292838778577],[74.71410794669713,17.78589105957459],[74.71252093171223,17.795345304570223],[74.70915002965972,17.787241761046438],[74.69771716744548,17.788737016973137],[74.70606479725744,17.795483555684378],[74.69797053188147,17.791619337956607],[74.69227137717388,17.79781970054737],[74.70197724891567,17.798507531884248],[74.6962809328844,17.80028050126441],[74.70241803246265,17.809011124862145],[74.69489813370967,17.803766461847026],[74.69688030590993,17.81320582023014],[74.6941013891381,17.80461836803485],[74.6887270149316,17.803750501198785],[74.69025673446936,17.808446262288868],[74.68285328791991,17.812184619983217],[74.68829739385032,17.816226436004122],[74.68138371687861,17.818543848374375],[74.69159653308807,17.822324457013433],[74.68204909721292,17.827068789061006],[74.68933989322913,17.83000313825334],[74.68325714621713,17.82881000406657],[74.67696655240458,17.83503498106212],[74.68081939701379,17.839201586184885],[74.67688797227511,17.840560125524902],[74.6784521368141,17.849886649859066],[74.67311843922198,17.856535991929345],[74.66682976600751,17.85633631238235],[74.66551291305613,17.863558193859177],[74.65317570157397,17.862676992149535],[74.64908599817385,17.849273133951105],[74.64412789159189,17.847911599065547],[74.6524370420687,17.84423090903173],[74.63818353454101,17.84102690035541],[74.64828970455653,17.83831312949035],[74.63610288632432,17.83595119057874],[74.64244225147027,17.830886472069963],[74.63606727261491,17.829535931741308],[74.6260980498661,17.84089842091084],[74.63041881073711,17.833685735247403],[74.62680329473778,17.83035382453825],[74.62333853939931,17.83626304785833],[74.6179590160496,17.83106070228921],[74.61348006904359,17.833802632611313],[74.62108122849888,17.845167531952917],[74.60702378097687,17.8446086200437],[74.61160280928871,17.862034144626968],[74.63613576017214,17.87289310495498],[74.63210224010483,17.885100187299045],[74.63500953691056,17.90160121091679],[74.64374313596917,17.91594457630998],[74.65294145688051,17.920483949789254],[74.66678593181493,17.973488232661165],[74.66787298044528,17.988952094825876],[74.66242833822065,18.004225753629036],[74.68677698175723,18.020364323856633],[74.71104740359215,18.028756786450554],[74.70244354371842,18.037946996660985],[74.69096068037713,18.038806961465518],[74.68412046134114,18.05962445553577],[74.66583165328522,18.069524526386072],[74.65771484109392,18.069049698969945],[74.64149103799234,18.043863970999418],[74.6290054338084,18.056946047192262],[74.62161394563202,18.04912907331951],[74.60968943905604,18.046257200621547],[74.59001104056186,18.05553244853705],[74.5823963875127,18.046065203643167],[74.55849062598759,18.069719020481937],[74.54744693192075,18.068187479757693],[74.53248774473676,18.057216139657424],[74.50050437260104,18.060176556155994],[74.46006958559362,18.045918528087302],[74.43690461437767,18.064157933228426],[74.39330940148713,18.072962470833502],[74.38085573600485,18.070177740352975],[74.35395291801079,18.09719670203661],[74.32686430056825,18.085229819653684],[74.31959095791971,18.072599119746577],[74.30032058680398,18.06749075627052],[74.29455435130087,18.07394135663873],[74.26353476636211,18.080248080755016],[74.23341179619666,18.100930575244274],[74.20895281888195,18.09738968996536],[74.18650633819652,18.112021557249534],[74.16510320669619,18.106788839104585],[74.14789143644512,18.121277238741648],[74.13716361518496,18.116665586224634],[74.11879365422462,18.132854621675065],[74.1021583068402,18.123234933293066],[74.07768281579561,18.121572076518216],[74.06944188338153,18.13328161333276],[74.05394616391939,18.140097887589754],[74.0282812369633,18.13214850316506],[74.00829223787476,18.14707439808298],[74.0047732269881,18.1588226059283],[73.98623101047875,18.15240734078298],[73.97064683391059,18.158038163704898],[73.94367235011981,18.180240018814352],[73.93656457506299,18.172530987503663],[73.92206667906562,18.171467031733425],[73.90258447083286,18.158879565888192],[73.89384169638191,18.181879799692513]]]},"properties":{"district_name":"Satara","state_name":"MAHARASHTRA","district_lgd":494,"state_lgd":27,"dtcode11":"527"}},{"type":"Feature","id":51,"geometry":{"type":"Polygon","coordinates":[[[73.20477787069079,18.069345530685307],[73.19176806091103,18.05787761210833],[73.17331812024598,18.05882695453578],[73.15206100989508,18.03327647216015],[73.14854833662271,18.020485045555002],[73.13266350201381,18.013415930944785],[73.11505753843966,17.979939094609964],[73.08550614203496,17.989797672358787],[73.04580686503945,17.983267587395773],[73.03078628698898,17.969280150952258],[73.03595800306401,17.95656482637054],[73.03140227525404,17.956790822846372],[73.02874280477054,17.950012184789767],[73.0383080551361,17.93446277230398],[73.05560727188849,17.931998605605376],[73.0527713785714,17.904654322196077],[73.06358120703382,17.891412955727528],[73.0717434084015,17.89347468753397],[73.07519696174836,17.87438687688434],[73.09382715117181,17.841305972220713],[73.08816808917368,17.838292222450832],[73.09421094290221,17.82440327285657],[73.08897814498113,17.808267759257667],[73.09565590459628,17.811311034928284],[73.112604191788,17.789109408024213],[73.11483053686229,17.78320944971732],[73.10943472436152,17.788093635761],[73.12669537913375,17.75204258830053],[73.1253275665529,17.742587831901904],[73.13420724425316,17.718043876229814],[73.14057291207061,17.721427406990074],[73.14469386516456,17.722262371870357],[73.13509141735975,17.715283982671913],[73.13514594599582,17.708663694624235],[73.13972963656396,17.705419325493764],[73.13998836124726,17.70255632016598],[73.13050169729942,17.706000113971186],[73.1170072230677,17.697931764523],[73.11476368423885,17.68442066282845],[73.12134183416373,17.6660196138395],[73.13250495745099,17.654802391578713],[73.13557335093326,17.64456423560407],[73.13681453070345,17.64838254365437],[73.14485623026228,17.638524997159806],[73.13267084394462,17.64399650383109],[73.12686328234517,17.637552636727047],[73.13764004831359,17.61086607616417],[73.16651855356987,17.58318850306422],[73.17197324165436,17.58320720992868],[73.16761596426701,17.587288807932985],[73.17705617363659,17.58256444369698],[73.17043191857806,17.569805299626108],[73.16797526702449,17.57708444533387],[73.15625173783205,17.566557055880246],[73.15274453170655,17.573742771672983],[73.14368429712574,17.57028474402623],[73.13756628584895,17.556463931595047],[73.1549512899144,17.529071825919335],[73.16210299977513,17.529960698393893],[73.17843506873307,17.50867557834748],[73.17679513848638,17.515223207786473],[73.17895935248237,17.512926573464057],[73.18181460090052,17.503892204275108],[73.1830943471425,17.508985670060035],[73.18496481653213,17.509903264696057],[73.18371139272463,17.502648370851166],[73.18136456111286,17.503096721586164],[73.17863414617983,17.50747643505203],[73.19435682410018,17.464832402044763],[73.1840597809514,17.45559988869584],[73.18702118957488,17.44227938657178],[73.21164120248072,17.43752526786285],[73.19782837339712,17.43773296101271],[73.18826786972957,17.431191974497068],[73.1874120106224,17.414484526235537],[73.17663913615581,17.40430154170268],[73.17523510440105,17.407730422981604],[73.16771630428764,17.40437055993622],[73.1763802282162,17.389066312609412],[73.18399577059748,17.384802896760032],[73.19762380454902,17.386030496875552],[73.19820918182248,17.390279538829127],[73.2023357592684,17.38431150669433],[73.20746507216708,17.386122639249045],[73.20981445409595,17.371525130833643],[73.21721097193962,17.369992024468154],[73.21708111327877,17.358213539652102],[73.22612840223798,17.35397113866776],[73.21504688280945,17.345594212116506],[73.23064234670916,17.335412083722023],[73.21906474254644,17.3291785790219],[73.23080683093264,17.318841468453975],[73.24068687073662,17.31753988660536],[73.24424806561075,17.321617551796567],[73.24208310511476,17.313270299854867],[73.24668554711613,17.308051700934833],[73.23993413013925,17.30300496241637],[73.2414281964417,17.294590195438445],[73.24938970788669,17.296110529283844],[73.24939242978199,17.28093475525053],[73.23499142607119,17.285900531269743],[73.22664900019964,17.281618993168916],[73.22322045595031,17.30239173548881],[73.21081103429238,17.30358497443808],[73.20505052824413,17.298903294695915],[73.19660286204213,17.306773957244804],[73.18978663970233,17.298775687107703],[73.20437787964087,17.289250107409117],[73.2045383537849,17.269563533540015],[73.2116480251853,17.274487674218307],[73.20668300606724,17.2815883925115],[73.22352746777506,17.265537479458523],[73.22234979709883,17.25596482635069],[73.22835949041698,17.250883389167594],[73.22412116973621,17.247569869011404],[73.23142381273436,17.2457950532778],[73.2327281880865,17.231014942674918],[73.24481945162361,17.22250660425709],[73.24390878540267,17.19836881418117],[73.24961695021254,17.20432772524959],[73.25512073302394,17.201799170956125],[73.24763319248576,17.19547278504426],[73.23650505498557,17.20106515616086],[73.23137473597377,17.198177781597032],[73.25226978394271,17.190215065054286],[73.26686598078496,17.152826692230583],[73.268372659434,17.15341973706096],[73.26729828513396,17.153775092156092],[73.26469108402364,17.158465160308733],[73.26426186359099,17.162268669991516],[73.26975628505879,17.155254661418038],[73.2685117437928,17.15261316915601],[73.27415628362606,17.15283526466743],[73.27525104159818,17.156839642075425],[73.27653815222887,17.156660800630803],[73.27545060233858,17.152747406398476],[73.27201400648933,17.151524745035175],[73.26792769961926,17.151263760510567],[73.26394289968137,17.154562737803662],[73.27319721348263,17.120138668419358],[73.26749898942971,17.11240464430335],[73.2778633873602,17.113312868991873],[73.28460312713668,17.100817720173662],[73.28163116780016,17.111600730750702],[73.28956618702911,17.115258093665865],[73.2831234644215,17.110819852153572],[73.28690218544332,17.0870062301273],[73.28388685185165,17.08006334995249],[73.29113028868603,17.07829464986516],[73.28755908747802,17.0531155186954],[73.276841877118,17.035666081945486],[73.26720994121568,17.038949203407515],[73.26959895681487,17.043090812520543],[73.26526601478861,17.047422338360146],[73.25828128826447,17.048376582842522],[73.25564769015949,17.02709796873559],[73.25869653360623,17.019962023672104],[73.26754817398812,17.025232213656558],[73.27523695960781,17.024033207672108],[73.28300986077572,17.013073371435034],[73.2814958716369,16.99824991710565],[73.26901840708778,16.99844941824528],[73.27152928903674,16.98657954151869],[73.27874756406003,16.993075736310438],[73.29604329534915,16.98437252831449],[73.2924376572247,16.95620363360663],[73.28198364156484,16.95040226737978],[73.28805048480302,16.934418531542622],[73.28258508610541,16.928448381132036],[73.28718150580114,16.916660893977845],[73.27676606290129,16.892019156307125],[73.29439795904106,16.89875346806942],[73.30324780099576,16.89138115189605],[73.28623157691406,16.880244868490827],[73.29551271620637,16.860464334111644],[73.30026407732228,16.860475879026044],[73.28819380741338,16.857353560512102],[73.29346472444522,16.85531282737009],[73.28828149286655,16.84427956328764],[73.29394512100126,16.83930269192365],[73.29575001966339,16.816463467449207],[73.31852307568381,16.805545896808283],[73.30517172014483,16.76612304920953],[73.30547514230169,16.73023971964475],[73.31925801436722,16.70647871048285],[73.31856566750636,16.696451758881445],[73.33014069889414,16.687090047720076],[73.33846248237876,16.68707114459061],[73.34106825426947,16.697147117396177],[73.34466156750825,16.690734129666716],[73.34121397627993,16.680277531544572],[73.32929815102283,16.685347713089534],[73.3329433608339,16.650468345262606],[73.32156414241516,16.643752773760696],[73.32317546042172,16.636051966465423],[73.32895585696699,16.641299048338226],[73.34139565605456,16.63830426058864],[73.34139617617912,16.628733311157593],[73.33025024754471,16.62021105516274],[73.3496172001299,16.62357114653025],[73.35185069848878,16.614984626623073],[73.33951032583515,16.604202512059274],[73.31975721805208,16.607647911478278],[73.31863341305521,16.593648993683686],[73.3220463778226,16.583739262890134],[73.33035250457014,16.57740134554298],[73.3311504358162,16.56173424199268],[73.34549922405279,16.541144039864115],[73.3464917232029,16.52982560836889],[73.36436973976423,16.51325420782595],[73.39941300462468,16.50987383232738],[73.41709853288185,16.514564651787442],[73.45138802228573,16.49617934400678],[73.46790038671445,16.493893417473096],[73.49641187088837,16.519904927659883],[73.51289461876051,16.513481102362412],[73.51993810588404,16.52407561024638],[73.54352320837856,16.514977181650714],[73.57846937254335,16.544849533563788],[73.5917548106051,16.540494005420424],[73.59917033051197,16.543710993717113],[73.61190719348085,16.557013886507338],[73.62038523801084,16.582196414399817],[73.63216062514797,16.577861266838386],[73.63660583233023,16.563299104219173],[73.64486967627566,16.561530854829076],[73.64988113290399,16.566196389136625],[73.64813549789783,16.575257015346594],[73.66549593214187,16.58078981370783],[73.66042202822824,16.588941669130204],[73.67041413106732,16.583750493103558],[73.67678098466097,16.609934627896063],[73.69119435996987,16.624474854946218],[73.70020776357825,16.624957387770014],[73.70882043682325,16.60235560338061],[73.73040890693638,16.607742197708596],[73.7416468068862,16.598927344758202],[73.76717633527112,16.602438329932035],[73.76893562017803,16.624375751475334],[73.76026600901541,16.628965556913357],[73.75266900247168,16.641144375288356],[73.76432541313935,16.643386242679465],[73.77171375182233,16.665035143445184],[73.78385171517782,16.658736149581724],[73.79521143386668,16.662959523308217],[73.83091584619984,16.648415799855737],[73.85486015623043,16.6517219648345],[73.85344679816636,16.6586304276378],[73.86346059801451,16.669534442932907],[73.85008511193035,16.673432305964564],[73.85859258257409,16.68146719381689],[73.84356986653323,16.692485629861945],[73.82572668843527,16.697449540968986],[73.81676502599059,16.708316057040193],[73.81093986280149,16.70764760924525],[73.81733277831816,16.715053409494466],[73.82493317240882,16.713605256779204],[73.83618247108129,16.73386251618075],[73.83443916181335,16.74185782670507],[73.82747071276215,16.743001451752054],[73.83173714801633,16.747494084834493],[73.82881883337365,16.75389776660943],[73.81249899946987,16.76855729249552],[73.79161502233852,16.76233245010991],[73.78165067025519,16.778638898858627],[73.7607843396293,16.770366399994657],[73.75371184051536,16.78500137319559],[73.76120149478936,16.801890425667974],[73.74973341592101,16.804262483904328],[73.75139214700832,16.810665825740344],[73.73891176922271,16.820431376435703],[73.73421682679822,16.822439345268748],[73.73368313768792,16.816039934362994],[73.72674269810723,16.816608376038044],[73.7293698238506,16.821178425049556],[73.70996967132913,16.82934920586731],[73.72295914864077,16.840302274857244],[73.7273544193747,16.833632105102073],[73.73149320043375,16.835035952208944],[73.73694354067226,16.844720413521046],[73.7524012578046,16.83516658569906],[73.76531157916666,16.848697076909918],[73.76765442136028,16.854142839550484],[73.76347763886974,16.859675343413834],[73.7680080287988,16.867738295127022],[73.74661551628343,16.884799969946243],[73.74953299908618,16.901182547532994],[73.74628284048933,16.9039003053916],[73.7393983443913,16.897775464248248],[73.7372743955813,16.9137629510113],[73.74129173070216,16.916623966231263],[73.74649922128506,16.904652398650917],[73.75379034967791,16.9073840946362],[73.76113878699265,16.901885340595413],[73.76481811391983,16.91017608610945],[73.77258506285071,16.90696995056093],[73.78050073596167,16.910976957632773],[73.78811785758126,16.90676729595777],[73.78984085414395,16.921004864676338],[73.79587138747839,16.92852338786044],[73.786747359936,16.94156580836079],[73.76281452767982,16.960222842925486],[73.76885013380064,16.971675065177383],[73.77745199761782,16.97473841175435],[73.78593879712855,16.993176426502664],[73.80977032367522,16.98775269149274],[73.83138702244786,16.99029816136976],[73.83392007841127,17.00128743424006],[73.82733630593103,17.01226961671042],[73.8327549428265,17.02434340881918],[73.82071681823169,17.038016747179633],[73.8306893207296,17.050776257110833],[73.83028590350519,17.05809783761568],[73.81469429247971,17.064240461732755],[73.80281375035204,17.061127959394433],[73.80539792854,17.08424591612371],[73.79211919999511,17.09584322327726],[73.78816487091166,17.09264262152796],[73.78348398442637,17.096193978879533],[73.77823706588735,17.10812381384518],[73.76701002656931,17.108759417765242],[73.74811078453173,17.128102763173462],[73.74420040911681,17.130305320077145],[73.73690198730219,17.120710649354525],[73.72506838484306,17.125121791119643],[73.71025626534583,17.14258853905717],[73.69256647009104,17.137100970020693],[73.68798618952772,17.14113931508262],[73.68610034098039,17.15833338547048],[73.70537410952454,17.165524334913844],[73.7072892548282,17.170669675777095],[73.69339962248277,17.179911937144105],[73.70311972982685,17.186089181914934],[73.71493680148811,17.206933050054026],[73.70523003232935,17.224643279287406],[73.69294772767402,17.23059111472124],[73.69009983286476,17.240847974439795],[73.69410630555721,17.261722320018084],[73.68880434903733,17.268205132547678],[73.68611214574155,17.289680099694536],[73.67797034062241,17.294340403448377],[73.68431196682793,17.30798539258911],[73.68500021467614,17.32018839088405],[73.67783769448923,17.32448234573253],[73.68657884658278,17.343405959408866],[73.68389771951445,17.352036081511955],[73.67683600826875,17.36811528335258],[73.66036416774078,17.381713159358352],[73.65849524075847,17.37606379893444],[73.6516529825468,17.385631557060172],[73.64611214872153,17.382892015044376],[73.64109927634829,17.39096150387535],[73.64799827035668,17.39694496853436],[73.65245552394691,17.38802593129818],[73.65931018429941,17.39436156306608],[73.66629050907869,17.392216563953433],[73.6896099258448,17.422551145534545],[73.70319066529326,17.424150400782544],[73.70883545216321,17.43363366780301],[73.70064214842547,17.45322667515941],[73.70649616280657,17.465404834542895],[73.70072458053089,17.476385594500236],[73.69474620517849,17.47744715715547],[73.69374467975643,17.48719271972708],[73.70758225383283,17.494215395201635],[73.70864636398244,17.499645447635466],[73.70173141230133,17.5056244430601],[73.72026245826014,17.519312051655625],[73.72127303061542,17.526704363954597],[73.72769376515981,17.52450652191304],[73.74000155501975,17.533361018820944],[73.74509791412055,17.555729157730482],[73.71502918243533,17.573658306750747],[73.72633970758261,17.589520821532233],[73.72391666020718,17.598603265373395],[73.71292480791537,17.60821599236895],[73.71998061722964,17.62074458109644],[73.70689863500331,17.62716784168188],[73.69036288563112,17.62797413415795],[73.70021988454639,17.644999430786303],[73.69616238305424,17.65090267652762],[73.70023233609456,17.65838600602584],[73.69049019936475,17.674087005775682],[73.6805593346786,17.678062211552522],[73.68691559444008,17.686718512787213],[73.65895334112922,17.69661458044562],[73.65038297853411,17.709022544932516],[73.63433896335515,17.69683452515022],[73.61444603100145,17.713677664550442],[73.60430816752437,17.70475618548628],[73.59010251325186,17.70285682727913],[73.5684697418222,17.72420719456337],[73.59240125175829,17.776394772941597],[73.58175756221608,17.789035566951927],[73.59116813796102,17.788301146554172],[73.60320439675499,17.795154257766438],[73.59522354188701,17.80334615432191],[73.59610292787146,17.818749735607224],[73.58431125517654,17.829314596320486],[73.58624025429852,17.841321007692862],[73.59607158834612,17.851282278227355],[73.58793118459884,17.85284388913493],[73.57554156091147,17.866358206783364],[73.57693030873,17.877585155759512],[73.56994227371064,17.878793950954595],[73.55053266642084,17.865267864088384],[73.53362411081581,17.88318686433162],[73.52247126066216,17.873000392435106],[73.52172856861954,17.864093164240547],[73.50614244719877,17.85129426198053],[73.49823049580802,17.85189419507925],[73.48921912598546,17.867096399173672],[73.46099941820907,17.867077329470888],[73.44982825679665,17.85583616343482],[73.45093701680914,17.85146870052956],[73.44516348429097,17.851353204248888],[73.43843931231834,17.859637554289],[73.44319807285724,17.870033450974663],[73.4384094289621,17.878813289559005],[73.43669734423511,17.90364438000579],[73.42619358795967,17.90936931958724],[73.42326150483859,17.89734105334317],[73.40836333931357,17.889527171584902],[73.40623620687423,17.883781463724702],[73.3916927923431,17.880386699401168],[73.37111452537768,17.887980833317435],[73.36778395408815,17.906454879229056],[73.37616184724374,17.91332699138612],[73.37389008424701,17.925298498953524],[73.3614929731017,17.93700100657904],[73.36105054384115,17.95509767015267],[73.3505593549965,17.958702068428575],[73.34148293546926,17.972186913287416],[73.3594765220885,18.005095915436478],[73.34568756303865,18.025849701563782],[73.33443458666342,18.0112124806108],[73.32784354411758,18.02503150154357],[73.31699744168397,18.027931169140253],[73.3057422716228,18.02175884454307],[73.3005246839761,18.024037333690853],[73.28990503604585,18.03608024768182],[73.29484173577457,18.058093681722827],[73.28726478052631,18.071309766097325],[73.27690212622579,18.06650460517825],[73.26285403196253,18.070427262512503],[73.25310692754921,18.061905350334865],[73.22652581961461,18.05654382822315],[73.21471748406951,18.0590861932542],[73.20477787069079,18.069345530685307]]]},"properties":{"district_name":"Ratnagiri","state_name":"MAHARASHTRA","district_lgd":492,"state_lgd":27,"dtcode11":"528"}},{"type":"Feature","id":53,"geometry":{"type":"Polygon","coordinates":[[[74.90802057552946,17.628117208484056],[74.89096556399042,17.618289209147143],[74.88027812379894,17.6045759583642],[74.88051131746353,17.577505162704515],[74.8758043358176,17.569892849417208],[74.85689422416507,17.559694924136306],[74.86316734305043,17.528023541581426],[74.86000778493985,17.511020925380187],[74.83091913139926,17.485099730533225],[74.8214357930146,17.466580452422818],[74.81642906691455,17.467789795056934],[74.80922189416985,17.454850250828784],[74.78577804546552,17.459342927892784],[74.75431347016932,17.47535318527487],[74.72566162692722,17.47772330430758],[74.71089737415991,17.48619893656128],[74.68502045198328,17.487278770588],[74.69436511833582,17.479127757882544],[74.69585951342168,17.4413978260302],[74.69376808721822,17.43074752887287],[74.68151199899614,17.421916211192716],[74.68933614366112,17.407815667044524],[74.68573417784957,17.395085037202165],[74.67085575100626,17.388210231134327],[74.65975971749769,17.397966628904292],[74.6246835671113,17.40064369918829],[74.62412566031927,17.415555332729408],[74.60421502935785,17.44665563441307],[74.59581523707224,17.448734952804518],[74.58888457565344,17.44637762933242],[74.58351740683383,17.431720140089404],[74.58349571072311,17.413526349239607],[74.54563158405522,17.42172348998253],[74.52758667309054,17.419146667754497],[74.52209769990493,17.405246551009146],[74.49774526996943,17.383088947045405],[74.4732473201444,17.387922832318708],[74.4683988655193,17.393671870691346],[74.43152270600089,17.390658090762948],[74.41744645045182,17.402437483225164],[74.39502392783506,17.40839313520737],[74.34369337323692,17.40970113575092],[74.34694818600525,17.42098305195139],[74.3302742847255,17.41943009959726],[74.2976431598963,17.425837356371293],[74.28423741675672,17.420143380265124],[74.26834725244325,17.387005006663315],[74.26034875196811,17.3821661728588],[74.26460563004602,17.376837372452954],[74.2582520553489,17.371900102722115],[74.26010286331193,17.361728979567868],[74.2549042238295,17.36140052768134],[74.2612136400422,17.35339391121156],[74.28100242351852,17.359750061844835],[74.28902301805803,17.356753801200654],[74.28013237641976,17.33643668296531],[74.28806377633641,17.33107977152054],[74.29220711904048,17.31210151532458],[74.26217853037033,17.306804792139598],[74.25553923661565,17.293007286903958],[74.262493112298,17.2884911355561],[74.25715771688999,17.284794564938196],[74.26394463438858,17.256368867399814],[74.28854362042858,17.24633763824541],[74.28483838878348,17.232393215709653],[74.27180293120406,17.229172208535985],[74.26605976264084,17.22189498950853],[74.2685928096211,17.21546035634755],[74.28420640691313,17.207634023383164],[74.2855830786793,17.194543578477923],[74.27754658575587,17.17848473102867],[74.27677910560132,17.185577722411576],[74.26614357366019,17.187447106253916],[74.24808493374302,17.18317510378357],[74.25422693902104,17.17136260529624],[74.24771828366487,17.168793964508144],[74.2473578687931,17.160132988352217],[74.238148322534,17.16019962274556],[74.2327682359406,17.15439686301053],[74.24710995174097,17.15461419854657],[74.24652322429968,17.14121380047372],[74.22380695707656,17.13860865164822],[74.19911827066223,17.15023353637979],[74.17713502871096,17.149384369770658],[74.17584347141964,17.142797307789444],[74.1668527978829,17.140276005665967],[74.15700097595858,17.125219026831076],[74.12902793477946,17.11461062121556],[74.11093529991696,17.12492010223148],[74.09974201749068,17.115959408288457],[74.09557875195024,17.10161167936488],[74.07811682065547,17.101343491546086],[74.07446752979808,17.097526966068287],[74.05155852184423,17.10517255649651],[74.0489825183254,17.096937314804844],[74.0449342587009,17.099513118860216],[74.03097209907435,17.090689460245404],[74.00516645552058,17.11196110503676],[73.9838242360847,17.118090115253793],[73.97953459465177,17.131829581267546],[73.94042106683222,17.133474137333423],[73.89966780190375,17.159689712340274],[73.8839707313589,17.154985253144716],[73.88137473942665,17.169976263889865],[73.86966884057001,17.190944596810137],[73.8494418876442,17.198408863977388],[73.83399868459189,17.226255345917735],[73.80868245218804,17.23173995835269],[73.80005974565968,17.243610160544307],[73.76565540574839,17.25012244996874],[73.74589499466204,17.27750957487389],[73.73099953126938,17.27346948751323],[73.71939167454283,17.25990076938266],[73.70632703429307,17.260961173321913],[73.70214179326584,17.265930371699067],[73.6935040669059,17.260753383689543],[73.69009983286476,17.240847974439795],[73.69294772767402,17.23059111472124],[73.70523003232935,17.224643279287406],[73.71493680148811,17.206933050054026],[73.70311972982685,17.186089181914934],[73.69341598080409,17.179796629047694],[73.7072892548282,17.170669675777095],[73.71375573338351,17.174387638781603],[73.72071140928968,17.16920239476064],[73.74243655088677,17.176429178741017],[73.7424070349415,17.15922890388069],[73.74653484487598,17.15451867088854],[73.77187457630933,17.147836852235066],[73.77687406558148,17.1534101698155],[73.76753151745636,17.17354246121237],[73.77578011519478,17.182146861735706],[73.80096149250818,17.170472114033302],[73.82055329790055,17.169649613302848],[73.84912672809982,17.151377874332663],[73.85643561708412,17.13851348058745],[73.87596278599688,17.1269866751887],[73.87127815084195,17.123157462443956],[73.87323998338755,17.116710222906413],[73.9026754162722,17.09738361167378],[73.90477447995222,17.083009871008354],[73.91465955301675,17.075116590417746],[73.91418697809189,17.070696341544398],[73.92971363104081,17.074481561284635],[73.93851060534445,17.064029520672282],[73.95786466441037,17.05701380323171],[73.97359539842218,17.035844073326096],[73.9793509924824,17.034211652774847],[73.97877291581729,17.00905906201147],[73.96925009467928,17.00655232130086],[73.9742085875368,16.988459960123],[73.98564557571314,16.986963383425117],[73.99131898290806,16.996913736192603],[74.02368236037526,16.984333305371067],[74.0206484163858,16.968632421897613],[74.0264189997349,16.962644292301675],[74.01956221666339,16.9589669417258],[74.02789228800482,16.950235436111285],[74.0228275783481,16.940583712095677],[74.03588947065143,16.938923243389535],[74.03856256678111,16.922920671935138],[74.04821301875809,16.92171412916988],[74.0524514490333,16.914626728756296],[74.06526556082842,16.909864700187118],[74.0657251928267,16.902181612317374],[74.08192432639392,16.907707557844734],[74.09109804963614,16.91801128840536],[74.10034469362152,16.909879942980808],[74.12032831000485,16.912746392236013],[74.13520074867849,16.888564622446626],[74.14606746385456,16.883110453806935],[74.17452801984007,16.902373497899255],[74.19121114322456,16.893908116244287],[74.21047240183002,16.893168710953102],[74.21529504606038,16.90923572738317],[74.22235184801303,16.913289612785963],[74.2311708651771,16.90326119974601],[74.23229271633822,16.890548476681786],[74.23871034720328,16.88574858476355],[74.24949472729203,16.887389563589096],[74.25822293556064,16.90716426361919],[74.28204319274205,16.918262183152866],[74.29262978626313,16.896561502574183],[74.31370107201269,16.891373260279728],[74.32668540916426,16.877298217592074],[74.3370555419395,16.880524234740257],[74.35381397019592,16.872398628363154],[74.35507276143723,16.86111011147186],[74.36229701744371,16.853508879482728],[74.4020565067161,16.882675369897807],[74.4035173649974,16.876105735277196],[74.41337705526529,16.879052437448603],[74.41597830413858,16.87565209040574],[74.41396983016512,16.86383276875337],[74.40442872112452,16.851578459477306],[74.40720082417495,16.84652225195827],[74.4218926412893,16.84349241464268],[74.43726046221455,16.850749420063902],[74.45841003703946,16.85210672638508],[74.46841140689898,16.867281390928827],[74.47498346714455,16.868121120005135],[74.49630273372661,16.8562519304446],[74.49373671677876,16.841858324982258],[74.49904418176797,16.8292562105334],[74.5144886200038,16.840743913324577],[74.51299006751482,16.851991151736293],[74.5171127633404,16.85873462045742],[74.51841142989888,16.852260714041027],[74.53483895653385,16.84540339868619],[74.55417245945112,16.824704240613524],[74.56051919437569,16.806100324424488],[74.60353031009207,16.799666977850723],[74.62691564703036,16.788305007470807],[74.64086853334821,16.773656461845423],[74.64393157017646,16.75336926576934],[74.69898670343592,16.734332087492614],[74.69231224962101,16.71534171118704],[74.73216960495368,16.718332475166115],[74.75284201266595,16.730865645997895],[74.77204709961673,16.750690390179233],[74.79582646279142,16.747755166833837],[74.79882140372789,16.75366343358981],[74.84458924243872,16.761823621048194],[74.84989692751516,16.772763640007238],[74.86575809061804,16.76336846729194],[74.86943515828229,16.774073967367904],[74.91951971634371,16.772499550153782],[74.91089241583096,16.789550300299272],[74.91036914538132,16.835149018813592],[74.90159212625342,16.862557212080663],[74.92657327447989,16.863545338893562],[74.92562446579194,16.87203677895853],[74.93529736936279,16.871072103152724],[74.93599970459128,16.879243218737866],[74.96043647734881,16.880954131580335],[74.9636544636821,16.909717861354604],[74.95550659942636,16.905213537247562],[74.95493376443092,16.910176357703183],[74.94443099450567,16.91084329019833],[74.93273245913942,16.918912020386504],[74.93429198208334,16.92423465040547],[74.92185239320153,16.929867836223547],[74.923241442854,16.93931261544446],[74.9317838651488,16.944761217490996],[74.96462042570037,16.926782663565803],[74.96023184202541,16.937261866302894],[74.96758907564337,16.941613711738526],[74.9644312908072,16.947639283613157],[74.99298475235602,16.952076488082035],[75.0266609376609,16.944142537316477],[75.02530995322027,16.928008781753192],[75.0446141971104,16.94173586808943],[75.06211043506588,16.941527834538082],[75.07442686402392,16.950021683063614],[75.0894080284913,16.951588448467632],[75.09638247379704,16.9137500557103],[75.11755597165626,16.913451511713234],[75.12039620563277,16.902537442379113],[75.1349156055014,16.89471104155571],[75.13655613133113,16.874495285507077],[75.17664821285432,16.867714593241907],[75.18905951019453,16.875287753438705],[75.18191942992345,16.84341021044797],[75.21427366074444,16.841707203123164],[75.22771094822521,16.84318350153],[75.23773223193795,16.867948549828082],[75.26479054112113,16.86280763982717],[75.28210063377668,16.880298112742548],[75.29000636163919,16.904033151768317],[75.28297238587787,16.909723579448098],[75.27945384660673,16.92333540488387],[75.27967408027672,16.956563008271107],[75.35012120722743,16.95782325790921],[75.36861338398218,16.9719580083603],[75.3922049552451,16.980097257392547],[75.42794719114328,16.966501391259413],[75.4416725997767,16.982237761257522],[75.46562105912554,16.988371647266792],[75.46625130095923,16.981318429651736],[75.48330491651632,16.97600141594345],[75.48914572476443,16.944429972367253],[75.50972912200845,16.950257445129697],[75.52938182599055,16.969406840607657],[75.56771912316636,16.96575300868303],[75.56728638942262,17.009052850425885],[75.57316451278932,17.00961304510774],[75.6069543035366,17.004572532388416],[75.60792949125288,16.971004225053708],[75.63399801599473,16.97026637358688],[75.6421235104033,16.95455855662242],[75.67519932195938,16.965553132521357],[75.677147518079,16.969010009414102],[75.66614078878774,16.979778756572752],[75.66976010376241,17.038166691912593],[75.65006032446614,17.03224452906829],[75.64106500394442,17.037587810788764],[75.65037383829694,17.05726114216622],[75.66046175724087,17.06450872096229],[75.67678162617892,17.065421945219992],[75.67880473101343,17.07715681276559],[75.67235543722956,17.11600126676585],[75.65041406575367,17.115697723908784],[75.6495989317699,17.134381627316674],[75.62832780949722,17.162698859996805],[75.6254445956259,17.174004921454],[75.62850258841382,17.18866235285608],[75.63999812428882,17.188869519841464],[75.64265942014895,17.19765245427547],[75.66197949864262,17.21458173920192],[75.65778441567312,17.263211275751605],[75.65423711504151,17.273818586834313],[75.62791785972404,17.274342940970524],[75.6302881813822,17.280842634690973],[75.6224768152521,17.29510628825075],[75.60449969115874,17.305144703107107],[75.59221494937404,17.303252513580983],[75.58022537333044,17.29265217452679],[75.54380690095772,17.27791158294228],[75.52451174801827,17.256355187654467],[75.51694743925258,17.240189282676116],[75.47183270629598,17.242757004581048],[75.46722336882648,17.244157466293917],[75.4656172996761,17.25220551111739],[75.4440869361888,17.254913258222157],[75.42990499115159,17.267263158393593],[75.4211846655996,17.2655298172606],[75.4085892073379,17.240594388667272],[75.40932780575775,17.22974646405585],[75.40184046105234,17.210981634396422],[75.40871916930502,17.191252563292455],[75.40592377114264,17.185237173152522],[75.36969385514804,17.190579260169446],[75.36581340890345,17.23649163543329],[75.3343192269321,17.23939241356939],[75.33008110118577,17.218728052412317],[75.31819580966517,17.221593892020376],[75.28720117902672,17.215591424692462],[75.28394982926379,17.19296800907208],[75.30405548177846,17.17028881238157],[75.29621232966038,17.14580903149054],[75.2701912305756,17.147802955559857],[75.26885908290814,17.1845387231272],[75.24335516549199,17.17928599324702],[75.22249903433783,17.183223475581595],[75.21416078563237,17.199839786794293],[75.21983583584591,17.20823819749465],[75.2387893927205,17.2153300773342],[75.23904052035145,17.240267464631707],[75.24744302914243,17.25676178432365],[75.22617941948046,17.253405230587248],[75.20415614680351,17.26368191262978],[75.204022687695,17.27073912304443],[75.19326346402747,17.26807168934701],[75.18878675292821,17.249018055977146],[75.17936710779212,17.235680469367114],[75.14292321758843,17.243739832788037],[75.11496383529321,17.239957469199705],[75.10065255082138,17.242705210574123],[75.09345079312122,17.25098567370952],[75.07967016235236,17.246803264146592],[75.07603639078984,17.23963573467737],[75.07788027633526,17.22159044870188],[75.01451404864476,17.22562356203403],[75.00931450006725,17.209004772737533],[74.98391221804235,17.20298451545194],[74.97773443556149,17.192428900105455],[74.95023585307442,17.20236907495761],[74.93914598200867,17.192871231934916],[74.95052092354835,17.192235019967924],[74.95231191449325,17.18693687257895],[74.94584115816059,17.184894681135656],[74.94834953560654,17.174712303594344],[74.93334522874079,17.168597254761185],[74.9207255734586,17.16646776735286],[74.91843839806653,17.17383729430795],[74.90012055376569,17.176946282445023],[74.89955515143093,17.184751406160604],[74.89497398782366,17.176714132232245],[74.8860369167599,17.18016650812433],[74.89311108674029,17.18401326528629],[74.88608446368957,17.18972668763331],[74.89467258058798,17.19460345359939],[74.88549951670917,17.195466935811012],[74.87869773478758,17.18725094495431],[74.87579524396862,17.19492269371369],[74.87127584852027,17.190024956049083],[74.8709113184662,17.1978322215931],[74.86293212817644,17.196343046941415],[74.87020373617814,17.20221461746968],[74.86904482502,17.209856955289588],[74.86790497970543,17.205058736564176],[74.86298285783715,17.211187241280626],[74.85392268883338,17.203202819479635],[74.8592998675802,17.209386413765547],[74.8576847703612,17.21124990409703],[74.84847671530547,17.203909184797627],[74.85802290252238,17.215465389782832],[74.86703663221921,17.217218667852443],[74.87643926775534,17.21177732687797],[74.875910359479,17.220718604921462],[74.88227800538672,17.21785180959639],[74.88521643061368,17.221005276688985],[74.88526646048683,17.234410455254068],[74.89494244977067,17.236729854580123],[74.90047512419821,17.26341290413333],[74.90838140721954,17.274196411383308],[74.93626778343163,17.27506904992294],[74.9366965708763,17.28489570101117],[74.95931143986341,17.2933274556029],[74.97159383884184,17.325831537916777],[74.96742361944277,17.33482194802555],[74.97027676490488,17.344290368406593],[75.00783544461324,17.368001679091396],[75.00246342848432,17.386298330553604],[74.9937419827332,17.392177916765924],[74.99767809937256,17.406312290856008],[75.00600047125371,17.41345024758458],[75.02263307608153,17.407565306640993],[75.03475152174084,17.418609506292928],[75.0324101752422,17.446067057262265],[75.04212060144246,17.467174016410063],[75.03906044371472,17.48663476030613],[75.03109064081968,17.495694214047262],[74.9919033316709,17.47607515327804],[74.9796851110313,17.464619729449176],[74.96849840157795,17.470281622527523],[74.95986777280709,17.49205275899854],[74.9370669911837,17.5095245062879],[74.94301906925446,17.52164654904956],[74.95962588524714,17.522263310787807],[74.98407673370686,17.539267851798055],[74.9850467956361,17.544866162661055],[74.96118020604727,17.56449921454703],[74.96040285969592,17.591627888062057],[74.95282027919737,17.58721397958397],[74.94576941510873,17.590569002502534],[74.91993907776612,17.576168488171138],[74.91538292325635,17.57987693452464],[74.91516754228552,17.600951728632477],[74.9234742834807,17.618827042012203],[74.90919192116779,17.61958217607029],[74.90802057552946,17.628117208484056]]]},"properties":{"district_name":"Sangli","state_name":"MAHARASHTRA","district_lgd":493,"state_lgd":27,"dtcode11":"531"}},{"type":"Feature","id":54,"geometry":{"type":"Polygon","coordinates":[[[73.77600343188281,17.182063462094586],[73.76753151745636,17.17354246121237],[73.77687406558148,17.1534101698155],[73.77207665772238,17.147836929489504],[73.76289794703372,17.153118099926022],[73.74856613336273,17.152547610998468],[73.7424070349415,17.15922890388069],[73.74243655088677,17.176429178741017],[73.72971884179638,17.16928839134585],[73.71359829554508,17.174387750355386],[73.70537410952454,17.165524334913844],[73.68610034098039,17.15833338547048],[73.68798618952772,17.14113931508262],[73.69256647009104,17.137100970020693],[73.71025626534583,17.14258853905717],[73.72506838484306,17.125121791119643],[73.73690198730219,17.120710649354525],[73.74420040911681,17.130305320077145],[73.76701002656931,17.108759417765242],[73.77961204612582,17.10697007612988],[73.78797699815142,17.09271250171842],[73.79211919999511,17.09584322327726],[73.80539792854,17.08424591612371],[73.80281375035204,17.061127959394433],[73.81469429247971,17.064240461732755],[73.83028590350519,17.05809783761568],[73.8306893207296,17.050776257110833],[73.82071681823169,17.038016747179633],[73.8327549428265,17.02434340881918],[73.82733630593103,17.01226961671042],[73.83405183790727,17.000073759343582],[73.83138702244786,16.99029816136976],[73.82191487886827,16.98740634925476],[73.78593879712855,16.993176426502664],[73.77745199761782,16.97473841175435],[73.76885013380064,16.971675065177383],[73.76281452767982,16.960222842925486],[73.786747359936,16.94156580836079],[73.79587138747839,16.92852338786044],[73.78984085414395,16.921004864676338],[73.78988804354414,16.90997381054394],[73.78811785758126,16.90676729595777],[73.78050073596167,16.910976957632773],[73.77258506285071,16.90696995056093],[73.76481811391983,16.91017608610945],[73.76113878699265,16.901885340595413],[73.75379034967791,16.9073840946362],[73.74649922128506,16.904652398650917],[73.74129173070216,16.916623966231263],[73.73682932707042,16.903120621568664],[73.7393983443913,16.897775464248248],[73.74628284048933,16.9039003053916],[73.74953299908618,16.901182547532994],[73.74661551628343,16.884799969946243],[73.7680080287988,16.867738295127022],[73.76347763886974,16.859675343413834],[73.7675818671297,16.853923679026643],[73.7524012578046,16.83516658569906],[73.73694354067226,16.844720413521046],[73.73149320043375,16.835035952208944],[73.7273544193747,16.833632105102073],[73.72295914864077,16.840302274857244],[73.70996967132913,16.82934920586731],[73.7293698238506,16.821178425049556],[73.72674269810723,16.816608376038044],[73.73368313768792,16.816039934362994],[73.73421682679822,16.822439345268748],[73.73891176922271,16.820431376435703],[73.75139214700832,16.810665825740344],[73.74973341592101,16.804262483904328],[73.76120149478936,16.801890425667974],[73.75371184051536,16.78500137319559],[73.7607843396293,16.770366399994657],[73.78094708457185,16.77876053614844],[73.79246638717431,16.762018789286326],[73.81343703286595,16.768155369674695],[73.82899937318619,16.75363583801097],[73.83173714801633,16.747494084834493],[73.82780137363508,16.74247970963935],[73.83720175619649,16.737425704554358],[73.82493317240882,16.713605256779204],[73.81733277831816,16.715053409494466],[73.81093986280149,16.70764760924525],[73.81676502599059,16.708316057040193],[73.82572668843527,16.697449540968986],[73.84356986653323,16.692485629861945],[73.85859258257409,16.68146719381689],[73.85008511193035,16.673432305964564],[73.86333864901972,16.66895599177651],[73.85344679816636,16.6586304276378],[73.85650976672264,16.655327864863786],[73.8483884270223,16.64174577206302],[73.86219540178519,16.611847267595902],[73.85857301996215,16.602478950698607],[73.84080883881195,16.58636337763211],[73.84623339740179,16.5736951768011],[73.83077446395053,16.557912046483885],[73.830796472675,16.549335848379048],[73.82120622399174,16.550534711903275],[73.81431515402248,16.54395059713648],[73.84480000241534,16.52731944886298],[73.83912845742799,16.507628557685482],[73.85898760324557,16.484330605340727],[73.86234844237025,16.474130595550506],[73.88351167428239,16.475868998837054],[73.88756044684493,16.46223150549806],[73.88705233187247,16.448780202375772],[73.88412633843072,16.45037589612403],[73.87810686245912,16.440803875189722],[73.87091617290156,16.441420228396865],[73.86502033296084,16.428132046290315],[73.85005635056991,16.42002661046897],[73.84980962198891,16.41459820127972],[73.83397729570498,16.40157492448823],[73.83676760670792,16.392438190951033],[73.85616587905548,16.385830375727778],[73.86378242126166,16.369637264057527],[73.85041905345071,16.35534893901671],[73.8426991510879,16.355345651486747],[73.8377230853868,16.346433966274247],[73.83161822454746,16.3448644616999],[73.84692288223012,16.326924954441193],[73.8474324084559,16.320831232979174],[73.83818631244283,16.315917510746665],[73.84753485502584,16.31164349151521],[73.8453491766845,16.29992066069963],[73.85497448571496,16.315981396863062],[73.86255995519547,16.308225796553618],[73.88608431810209,16.328999761068136],[73.88860522165635,16.3223310341253],[73.89625946974829,16.329920343142465],[73.90397126571395,16.327213922212604],[73.90076232721222,16.30603848613572],[73.88802885807848,16.298868243202136],[73.88826968203311,16.289682977349905],[73.87872266746785,16.279355025193897],[73.89401312278588,16.261904952714865],[73.89065181653724,16.25605876037203],[73.90821166689292,16.25407332070733],[73.9046933522006,16.250755035557216],[73.9164545208034,16.245039491727972],[73.89801858846688,16.237140666982352],[73.88860029439701,16.22849298528635],[73.89534021383658,16.233056277962316],[73.91032085009458,16.23347018694541],[73.91365023111634,16.229624431172667],[73.94058257493717,16.24331600705596],[73.94397575700535,16.237909150670045],[73.93642156955796,16.234515189964505],[73.92852073392052,16.221093280718307],[73.91859827207553,16.217859659344803],[73.92360921756249,16.217230601057075],[73.92668222658868,16.20989187605605],[73.92178407716206,16.201910943205046],[73.9364995487145,16.20824439882013],[73.95436864410675,16.20782551130285],[73.95559856888474,16.20187874782192],[73.93694681091131,16.18577398382262],[73.94585896001414,16.17855523605158],[73.94315974985912,16.174558538520557],[73.92831120547376,16.17031836420389],[73.9208337018123,16.17499663086294],[73.91617352688422,16.17238800423707],[73.90748419770112,16.159150114626996],[73.91588220503421,16.153356001380004],[73.90792510521561,16.13691223572866],[73.86592179953499,16.14694730868095],[73.86301218238084,16.138477169528766],[73.8441189689372,16.152432679579245],[73.85246073095372,16.137030040069558],[73.84570185706166,16.130967554142238],[73.84825856836146,16.116951364450646],[73.83316541631748,16.093732399026184],[73.84215211840238,16.086206131924538],[73.84267929293023,16.077718168493817],[73.85959531263694,16.069378973549902],[73.85597090062137,16.079139103469103],[73.84354797369143,16.084697491125798],[73.84197656334135,16.090989248689006],[73.86075382134983,16.106243761617424],[73.87256949523254,16.106358083635044],[73.86333224313344,16.095117046798002],[73.87404630489839,16.096326814317],[73.89802055577736,16.088264236334446],[73.90507242687742,16.099595995906],[73.93282487326384,16.095289066768483],[73.95512557175168,16.099444095590584],[73.96269011138439,16.093865420607752],[73.99443356596558,16.092531143278517],[73.99654411730145,16.08917269791456],[73.99050034459636,16.0797592493179],[74.00513871913786,16.077743000437618],[74.00745093506845,16.071705215530418],[74.00388139394707,16.062769945196873],[73.99465063397251,16.060801354337258],[74.00018839735618,16.053674705187856],[73.99870980183954,16.038985644610907],[74.04420403886768,16.030756996239617],[74.05058340778986,16.03252221129271],[74.05174087535534,16.042592309597776],[74.05998282915391,16.050848201809973],[74.07328869310864,16.023763168888944],[74.0895630524961,16.016281751801102],[74.09483696900269,16.00719795935003],[74.07991721426644,16.000683494623377],[74.06215129038458,15.98311768552118],[74.05378036725729,15.963497253850079],[74.04504228470707,15.956549252830655],[74.06226990662964,15.94166145989363],[74.07338712510756,15.948329210179624],[74.09412900043907,15.897625077105285],[74.08769996456313,15.873009613405154],[74.0934614318087,15.872201815935114],[74.0308067407901,15.83439473258192],[74.03416454630408,15.833287024997851],[74.03097454967846,15.817685668492713],[74.03458222248705,15.802453145807773],[74.06690871153539,15.814678773797919],[74.0655514739221,15.826250123879426],[74.08415667760421,15.837903846037058],[74.10315506849632,15.840615570485644],[74.1084772559747,15.822093318460698],[74.14549583709321,15.832410418719064],[74.14298459941138,15.821549049889724],[74.15875936883843,15.822181802640282],[74.15361644466657,15.786960973369524],[74.1731122273416,15.773416852128365],[74.19921322168942,15.785137307550814],[74.21317668656808,15.780084524319285],[74.2284068397777,15.78836647069007],[74.23356827732925,15.787022572696888],[74.2347124758797,15.779222015203636],[74.2275763562807,15.76909499456874],[74.2276971787881,15.756609148889474],[74.23828624986271,15.744089617891152],[74.25409163656958,15.745178589496057],[74.2683849655155,15.754765028600934],[74.28552110750113,15.741662031814613],[74.30796438659084,15.748508959947015],[74.30980861169945,15.754923098365435],[74.3186841158269,15.758405824817345],[74.3231354602992,15.772704624721298],[74.3457498190432,15.764583130253182],[74.36913941309763,15.788225166580446],[74.37036590181965,15.810740534731362],[74.36041346588857,15.816887393766208],[74.37080303371499,15.83059402713806],[74.3774636849156,15.832251885681572],[74.37999474751742,15.838293373310188],[74.38110290655695,15.835411427890126],[74.38315140406961,15.849132113321799],[74.34506865530935,15.850466490390545],[74.33827564992806,15.854945948953327],[74.36343312397005,15.87509801374283],[74.36476195146422,15.893888570425379],[74.36868165318839,15.894386389418216],[74.36616963217566,15.89134035702768],[74.37681975006205,15.882409029070919],[74.38820634275096,15.854279687140194],[74.39760253916317,15.851173380146767],[74.40623653302309,15.855403537443078],[74.40643613149271,15.864474036733816],[74.3928589341014,15.878416479201466],[74.39680498071793,15.880386969678636],[74.39348460800186,15.900062553194074],[74.38693204119792,15.905007900983756],[74.43089731776472,15.956608488205992],[74.4440218208467,15.986427604761701],[74.44484986631603,16.00306662809638],[74.46329937219649,16.039208649707888],[74.4565714246047,16.041075663872213],[74.46309205630028,16.04163629514424],[74.46229003682136,16.04985435917597],[74.4297715274911,16.059168002496875],[74.40559586713889,16.051852631209563],[74.38106896101898,16.035500020838484],[74.37347892360523,16.03646019416998],[74.36912670822457,16.039236591049704],[74.3774131412061,16.055136948799596],[74.36140634951761,16.053852330916623],[74.3715930094809,16.068260541644246],[74.37229671014862,16.078226433777623],[74.38370253576778,16.082941398750368],[74.39093680170144,16.080501051525],[74.39011317235004,16.089478492433717],[74.40703417052005,16.09352416848834],[74.41004971072427,16.102136253543847],[74.4276968665458,16.11198086477634],[74.45875829770543,16.103810958244388],[74.47280424589344,16.09062019474147],[74.48438141077999,16.091484493530952],[74.49130762643642,16.10432119531925],[74.49091276925834,16.11673328630726],[74.48518236126371,16.14231907625195],[74.47990944458203,16.147140539802113],[74.48844436594425,16.157277660841906],[74.4938635957278,16.1864635284245],[74.50631655962589,16.190258671402002],[74.5080722746279,16.20227309475201],[74.49600330547949,16.214315157355802],[74.50317920247923,16.22542015423777],[74.49042456993574,16.23490356520568],[74.48055739670154,16.250139719976943],[74.46869853900651,16.240199598297632],[74.45617225371663,16.24387872134953],[74.45491322532007,16.25340691758083],[74.43563026431563,16.251160606479058],[74.43585011530332,16.258848460777827],[74.41768966662003,16.25801444210456],[74.41447403297451,16.282664537935652],[74.38268756256589,16.277371438758987],[74.38071549551424,16.261981642864782],[74.37308848344342,16.261649322115026],[74.35937719183472,16.290597705091848],[74.3456772917621,16.293775623515106],[74.34317658233542,16.290363681916816],[74.35379042714894,16.282835175243736],[74.35054041318084,16.275380109370058],[74.34386467567339,16.27809012485192],[74.33851463592964,16.27141777726414],[74.33340757879212,16.275984892055952],[74.33423005111342,16.26881227556387],[74.32501428132603,16.271769614162658],[74.32090643465212,16.28448862229013],[74.32585605395123,16.285599854041454],[74.32804128762655,16.29325918536811],[74.34209343059676,16.291190367684006],[74.34262864684305,16.2980403835765],[74.33598817270205,16.30710508068012],[74.33199769002167,16.305265336563302],[74.3332988799478,16.313464029978597],[74.32523735636727,16.313694809750892],[74.33137430592689,16.320679275484878],[74.32882591931482,16.32376012960615],[74.31668773227882,16.32657413555307],[74.32258591592412,16.3343810897803],[74.31540150559042,16.340092373401568],[74.32711570218534,16.342521870625287],[74.31772096373885,16.353065008619478],[74.32484872092085,16.359948212486394],[74.31727417495418,16.38101560022987],[74.32492206027898,16.3783000906643],[74.32757444664813,16.391510953269425],[74.3359507300227,16.393753303457245],[74.34737817898903,16.368327920465553],[74.353490757255,16.366430893871946],[74.35365724831483,16.381889663672364],[74.36298723350068,16.395535582785527],[74.36377531561796,16.405102978722034],[74.33513577031212,16.401419008876736],[74.32893499275663,16.419059023277452],[74.33681767883203,16.42881792226801],[74.3327758062292,16.4368617934678],[74.33631569216645,16.445682073435034],[74.32979340487582,16.447210022584642],[74.33267346296553,16.45476966866298],[74.31253848764332,16.45324619868885],[74.29712980235584,16.464547622433237],[74.28935781926613,16.46298118420872],[74.29097797759343,16.504912200214886],[74.27974371312554,16.504835360994065],[74.27446457920378,16.485636880618152],[74.26085338776552,16.48010696915349],[74.24745636187745,16.49692331245357],[74.27829940181175,16.50492459777456],[74.27618605402043,16.52131811231397],[74.26982912052245,16.522182562249554],[74.26421475240464,16.539840065217163],[74.27245397352812,16.547758285943992],[74.28117241441466,16.541107281281782],[74.28322158386716,16.524599121550654],[74.29167901565461,16.533892098021653],[74.3014543577106,16.529279363712078],[74.3062253721683,16.503703081196292],[74.31520536114304,16.504607698364175],[74.31579639600615,16.554464211647026],[74.32525583381437,16.556307024061777],[74.33977306335326,16.54776710112131],[74.34579771362088,16.55501005003473],[74.35520326419017,16.55507278982187],[74.35632896014066,16.5597569002143],[74.35800768682786,16.538351886716644],[74.37991433212981,16.528602314958977],[74.38723160598899,16.536207130607625],[74.38698403838151,16.559947878004035],[74.39298876311786,16.564893071286303],[74.39670788900541,16.58327688815846],[74.42222688015201,16.584520952710317],[74.42642023925448,16.595749115966274],[74.43551964846651,16.601069190893853],[74.46679252238278,16.606831608134115],[74.46589027966421,16.62473003233288],[74.45486397069305,16.6473041587363],[74.45842665766882,16.648690341160297],[74.45647951886632,16.65505495449654],[74.47179366365668,16.664063268885215],[74.47607786848552,16.645872896440984],[74.48911473641995,16.630153831111777],[74.54456908189,16.63547774531673],[74.5435724675576,16.59532818096665],[74.55885280784554,16.59466287451123],[74.56697356364094,16.58539837862152],[74.55546609903728,16.572402196060747],[74.55586076307758,16.562988344289533],[74.572459660421,16.55350262884699],[74.5746741100043,16.558952354632247],[74.58472070644513,16.559135449366654],[74.58795650457387,16.566112365790858],[74.60110042384237,16.564908138500503],[74.61636823712367,16.574840878565844],[74.61887701701488,16.58408192529981],[74.62841163752417,16.577520645919183],[74.63573030916194,16.583622414047568],[74.63343171438595,16.60036859469719],[74.63938438714143,16.610131373372255],[74.6600651222364,16.602908903932452],[74.67390873119487,16.60921162293154],[74.68851178757266,16.608481264551624],[74.68765020889211,16.617895027936626],[74.65912848122902,16.631677100139278],[74.65355656479656,16.638838756198954],[74.66524239079818,16.665680501151183],[74.67958300706069,16.666179495516868],[74.67910164032409,16.673104306781116],[74.68962851923496,16.67703455540956],[74.68894091997042,16.681550613362887],[74.68116405453712,16.680917932051415],[74.68090338230631,16.685900498742487],[74.68947692853077,16.68647290621547],[74.68862703064383,16.71279448124536],[74.69944128869894,16.733755917894904],[74.64393157017646,16.75336926576934],[74.64086853334821,16.773656461845423],[74.62691564703036,16.788305007470807],[74.60353031009207,16.799666977850723],[74.56051919437569,16.806100324424488],[74.55417245945112,16.824704240613524],[74.53483895653385,16.84540339868619],[74.51841142989888,16.852260714041027],[74.5171127633404,16.85873462045742],[74.51299006751482,16.851991151736293],[74.5144886200038,16.840743913324577],[74.49904418176797,16.8292562105334],[74.49373671677876,16.841858324982258],[74.49630273372661,16.8562519304446],[74.47498346714455,16.868121120005135],[74.46841140689898,16.867281390928827],[74.45841003703946,16.85210672638508],[74.43726046221455,16.850749420063902],[74.4218926412893,16.84349241464268],[74.40720082417495,16.84652225195827],[74.40442872112452,16.851578459477306],[74.41396983016512,16.86383276875337],[74.41597830413858,16.87565209040574],[74.41337705526529,16.879052437448603],[74.4035173649974,16.876105735277196],[74.4020565067161,16.882675369897807],[74.36229701744371,16.853508879482728],[74.35507276143723,16.86111011147186],[74.35381397019592,16.872398628363154],[74.3370555419395,16.880524234740257],[74.32668540916426,16.877298217592074],[74.31370107201269,16.891373260279728],[74.29262978626313,16.896561502574183],[74.28204319274205,16.918262183152866],[74.25822293556064,16.90716426361919],[74.24949472729203,16.887389563589096],[74.23871034720328,16.88574858476355],[74.23229271633822,16.890548476681786],[74.2311708651771,16.90326119974601],[74.22235184801303,16.913289612785963],[74.21529504606038,16.90923572738317],[74.21047240183002,16.893168710953102],[74.19121114322456,16.893908116244287],[74.17452801984007,16.902373497899255],[74.14606746385456,16.883110453806935],[74.13520074867849,16.888564622446626],[74.12032831000485,16.912746392236013],[74.10034469362152,16.909879942980808],[74.09109804963614,16.91801128840536],[74.08192432639392,16.907707557844734],[74.06533099231706,16.90236894593718],[74.06526556082842,16.909864700187118],[74.0524514490333,16.914626728756296],[74.04821301875809,16.92171412916988],[74.03856256678111,16.922920671935138],[74.03588947065143,16.938923243389535],[74.0228275783481,16.940583712095677],[74.02789228800482,16.950235436111285],[74.01956221666339,16.9589669417258],[74.0264189997349,16.962644292301675],[74.0206484163858,16.968632421897613],[74.02368236037526,16.984333305371067],[73.99131898290806,16.996913736192603],[73.98498337092336,16.986703938434594],[73.97293684977556,16.989906459423665],[73.96925009467928,17.00655232130086],[73.97877291581729,17.00905906201147],[73.97943491848616,17.033959699342503],[73.95852804599313,17.056399846816404],[73.93851060534445,17.064029520672282],[73.92858707630089,17.07495274435457],[73.91418697809189,17.070696341544398],[73.91465955301675,17.075116590417746],[73.90477447995222,17.083009871008354],[73.89903236241786,17.10188122938739],[73.87323998338755,17.116710222906413],[73.87127815084195,17.123157462443956],[73.87571366430397,17.127332380054707],[73.85643561708412,17.13851348058745],[73.84726311824566,17.15271032524546],[73.82055329790055,17.169649613302848],[73.80096149250818,17.170472114033302],[73.77600343188281,17.182063462094586]]]},"properties":{"district_name":"Kolhapur","state_name":"MAHARASHTRA","district_lgd":480,"state_lgd":27,"dtcode11":"530"}},{"type":"Feature","id":59,"geometry":{"type":"Polygon","coordinates":[[[73.77197166802189,16.66494261945986],[73.76432541313935,16.643386242679465],[73.75266900247168,16.641144375288356],[73.76026600901541,16.628965556913357],[73.76893562017803,16.624375751475334],[73.76717633527112,16.602438329932035],[73.7416468068862,16.598927344758202],[73.73040890693638,16.607742197708596],[73.70882043682325,16.60235560338061],[73.70020776357825,16.624957387770014],[73.69092955908201,16.62437556382822],[73.67678098466097,16.609934627896063],[73.67041413106732,16.583750493103558],[73.66042202822824,16.588941669130204],[73.66549593214187,16.58078981370783],[73.64813549789783,16.575257015346594],[73.64729417263362,16.56308708504987],[73.63660583233023,16.563299104219173],[73.63216062514797,16.577861266838386],[73.62038523801084,16.582196414399817],[73.61190719348085,16.557013886507338],[73.60045601461796,16.544515400542917],[73.5917548106051,16.540494005420424],[73.57846937254335,16.544849533563788],[73.54352320837856,16.514977181650714],[73.51993810588404,16.52407561024638],[73.51289461876051,16.513481102362412],[73.49641187088837,16.519904927659883],[73.48109606151975,16.507785757404733],[73.47560962517652,16.497241494061917],[73.46476705941016,16.493456425897982],[73.4382978878482,16.501847228460022],[73.41709853288185,16.514564651787442],[73.39941300462468,16.50987383232738],[73.37208619978283,16.510995359161473],[73.3464917232029,16.52982560836889],[73.34549922405279,16.541144039864115],[73.33238521329335,16.561980239525937],[73.33188653512292,16.5569737598679],[73.32614539226067,16.557852702797835],[73.32072313156132,16.550533922277282],[73.3174573530583,16.556373131936404],[73.31444444491784,16.540974310156063],[73.31060356047836,16.541337316385203],[73.31816577527113,16.530143317274383],[73.31582870744819,16.51285009831966],[73.32118880652651,16.516195457587646],[73.3251490195751,16.513080907776164],[73.33117459959904,16.48869540682547],[73.34068457213351,16.478338580009893],[73.3518747796266,16.44362831218325],[73.366313745243,16.44112540659242],[73.37806590823511,16.45360698830114],[73.38560361069872,16.449250703823527],[73.37878489373738,16.450090434816804],[73.36716527357221,16.436367193053073],[73.35577285081708,16.442153227217577],[73.36615303035046,16.396675011575443],[73.3789311727033,16.395975923132205],[73.38648477085586,16.40414175369146],[73.39925456426644,16.402234289984428],[73.40595656312291,16.416050863876347],[73.41149346232723,16.413271612934736],[73.41610936468486,16.419940111795402],[73.41409199918667,16.412617983330808],[73.4266161006721,16.410568867986772],[73.46335383070353,16.41629979198425],[73.46724355295174,16.4258110641849],[73.47293406137474,16.428537903265838],[73.47202156259058,16.435875569094048],[73.47405858232887,16.439162181583427],[73.47360292807066,16.428327572527177],[73.46457437437499,16.416176742872935],[73.47296595695721,16.415000696583085],[73.48038716230151,16.410637946003266],[73.48868133337092,16.41229420653247],[73.49159427698653,16.418555120475705],[73.49919348080944,16.418159751778646],[73.49204427365508,16.417749511270323],[73.48953367647208,16.41180274745126],[73.48156513301505,16.40920783570577],[73.46949273769214,16.41440956950372],[73.4294222157358,16.406135096890555],[73.40813606375005,16.40671155736466],[73.40023602851157,16.388605864523264],[73.38764671562473,16.394267920510575],[73.37243050247166,16.37615523602376],[73.37169178277924,16.38879299158286],[73.3667251062695,16.37868590471093],[73.37130209181237,16.373711901832838],[73.36821584161888,16.36393732463772],[73.3840638201483,16.35892324003429],[73.39491200218181,16.367829759433462],[73.39277346293494,16.360767480299103],[73.40333413736514,16.359601426452958],[73.4209144711059,16.372497937154904],[73.43871807931392,16.371898487923588],[73.42166159453781,16.371176914281122],[73.40876283808676,16.357317503569718],[73.39766413298852,16.35435153143395],[73.38900483268868,16.360992197376348],[73.38536852338551,16.337115323641086],[73.39248776004703,16.329646382099742],[73.39614245516918,16.318352885408423],[73.39287442638637,16.313611090902345],[73.40486515676508,16.2971769969851],[73.41018842491677,16.27422150331609],[73.41704467977888,16.292654506817282],[73.42223359410002,16.28470296760063],[73.43113503438637,16.289540769335446],[73.43343554257386,16.28500757033571],[73.44246673731645,16.293358552169927],[73.44747135596887,16.307509597952905],[73.44929643169057,16.308965515936382],[73.44306068002611,16.293124609892075],[73.4343205870463,16.284232539088364],[73.4144650416764,16.284495811947195],[73.41169281286184,16.272680104309757],[73.42793130880823,16.202263320217],[73.43775367946593,16.202619381776184],[73.45661721167431,16.12877752887425],[73.46241977864076,16.089655930824176],[73.45810448940817,16.080495316641194],[73.46393555632531,16.079842722208376],[73.46627786671627,16.072251803417895],[73.4622902173223,16.063528204586927],[73.45637674974076,16.062434459696316],[73.45720701404885,16.053806191889993],[73.46804898063886,16.05323043989035],[73.46693132730508,16.04644776175093],[73.483295167878,16.036238728820955],[73.49105660205132,16.00931409159366],[73.48967022758177,15.98793406888819],[73.50342125257383,15.964616755732216],[73.50309173076467,15.952972302132336],[73.51044575739708,15.937335121082569],[73.51951422683406,15.941121928242524],[73.53132832956331,15.9329314933073],[73.53475442590351,15.938322555177022],[73.54034257579143,15.93719500020015],[73.5501084019936,15.927282702294034],[73.56786465640972,15.919522960820247],[73.57002749239008,15.912614704053775],[73.58867796128104,15.90975293799237],[73.6060693451816,15.88124221091298],[73.61368228334689,15.854680760579337],[73.61966995716078,15.858138991608374],[73.62665630424573,15.851733083918656],[73.6393032413631,15.819561676501413],[73.63647556493594,15.816116134969922],[73.64927981861909,15.803160397987526],[73.66594425974061,15.755008638635513],[73.65350693102008,15.743736024423724],[73.66462649769413,15.739868696596588],[73.67549245199721,15.726910859518043],[73.68838338951207,15.729251446760713],[73.69426325920365,15.722765676516888],[73.7111703936739,15.725822928016502],[73.72829774384783,15.719750994073122],[73.74251119370034,15.735606512193694],[73.78547175402917,15.725451836860719],[73.79260582996093,15.736030089697216],[73.80085142912294,15.735050283288654],[73.80975747956329,15.742723873437429],[73.82476696342,15.740964823986017],[73.83082086013836,15.752630199354932],[73.82991714867431,15.76475199548389],[73.83779668615465,15.767100450554075],[73.84328681457373,15.781125743949175],[73.85167304409515,15.780778327567573],[73.84669229367985,15.786194562412165],[73.8550919772693,15.800073851419164],[73.86292098361659,15.798580230432579],[73.86726237070482,15.79652888097307],[73.8657418157796,15.784685189260864],[73.87960362819902,15.774061319515546],[73.87207097875886,15.758690673041384],[73.87524066986583,15.750693010123202],[73.93869751241573,15.742677183994847],[73.9430263428529,15.725384320783347],[73.95176469849099,15.716317928499983],[73.94859570357833,15.701979410322421],[73.94368084908072,15.698453224628167],[73.95931178116278,15.699186700948136],[73.96389282798906,15.690978880953995],[73.96284237313007,15.673325029344964],[73.96777061881369,15.659981212148894],[73.96089792657848,15.64514510923846],[73.96763194767988,15.630211484293076],[73.9789189944589,15.626983702921184],[73.99077593155587,15.61148617167201],[74.0211460057981,15.60612508840725],[74.0309576793174,15.622693275765332],[74.07008169766286,15.628305063889199],[74.11308477435576,15.646045585892717],[74.1183538327733,15.652040596990107],[74.09429452491163,15.663108013420393],[74.08812969344223,15.672285016301851],[74.10891503196211,15.67272313495294],[74.12583775220253,15.680996462072484],[74.13219693777692,15.702432663035045],[74.12223302766472,15.720760050431986],[74.15104220454063,15.73583644311139],[74.16162394087094,15.751322996141747],[74.18959257311865,15.752150543542752],[74.20150034767416,15.758649100225588],[74.20892820504315,15.780938383472447],[74.19921322168942,15.785137307550814],[74.1731122273416,15.773416852128365],[74.15361644466657,15.786960973369524],[74.15875936883843,15.822181802640282],[74.14298459941138,15.821549049889724],[74.14549583709321,15.832410418719064],[74.1084772559747,15.822093318460698],[74.10315506849632,15.840615570485644],[74.07361551098874,15.834401225527857],[74.0655514739221,15.826250123879426],[74.06690871153539,15.814678773797919],[74.03458222248705,15.802453145807773],[74.03097454967846,15.817685668492713],[74.03416454630408,15.833287024997851],[74.0308067407901,15.83439473258192],[74.0934614318087,15.872201815935114],[74.08769996456313,15.873009613405154],[74.09412900043907,15.897625077105285],[74.07338712510756,15.948329210179624],[74.06226990662964,15.94166145989363],[74.04504228470707,15.956549252830655],[74.05378036725729,15.963497253850079],[74.06215129038458,15.98311768552118],[74.07991721426644,16.000683494623377],[74.09483696900269,16.00719795935003],[74.08913081641904,16.016699608127343],[74.07328869310864,16.023763168888944],[74.05998282915391,16.050848201809973],[74.05174087535534,16.042592309597776],[74.05058340778986,16.03252221129271],[74.04420403886768,16.030756996239617],[74.03846491990976,16.03418878646974],[74.02393982741715,16.031498153073393],[74.0164628178291,16.038233867046678],[74.00189957119144,16.036854373840626],[73.9979799566038,16.045129067803046],[74.00018839735618,16.053674705187856],[73.99465063397251,16.060801354337258],[74.00388139394707,16.062769945196873],[74.00745093506845,16.071705215530418],[74.00513871913786,16.077743000437618],[73.99050034459636,16.0797592493179],[73.99666837047491,16.089784863050944],[73.99206206571782,16.093092720533726],[73.96269011138439,16.093865420607752],[73.95512557175168,16.099444095590584],[73.93282487326384,16.095289066768483],[73.90507242687742,16.099595995906],[73.89802055577736,16.088264236334446],[73.87404630489839,16.096326814317],[73.86333224313344,16.095117046798002],[73.87256949523254,16.106358083635044],[73.86075382134983,16.106243761617424],[73.84197656334135,16.090989248689006],[73.84354797369143,16.084697491125798],[73.85597090062137,16.079139103469103],[73.85959531263694,16.069378973549902],[73.84267929293023,16.077718168493817],[73.84215211840238,16.086206131924538],[73.83343667699057,16.093093020896912],[73.84825856836146,16.116951364450646],[73.84570185706166,16.130967554142238],[73.85246073095372,16.137030040069558],[73.8441189689372,16.152432679579245],[73.86301218238084,16.138477169528766],[73.86592179953499,16.14694730868095],[73.90792510521561,16.13691223572866],[73.91588220503421,16.153356001380004],[73.90748419770112,16.159150114626996],[73.91599921239661,16.1721472299294],[73.94315974985912,16.174558538520557],[73.94585896001414,16.17855523605158],[73.93694681091131,16.18577398382262],[73.95544447008426,16.2011319492374],[73.95520071313022,16.206808554387255],[73.9364995487145,16.20824439882013],[73.92178407716206,16.201910943205046],[73.92668222658868,16.20989187605605],[73.92360921756249,16.217230601057075],[73.91859827207553,16.217859659344803],[73.92852073392052,16.221093280718307],[73.93642156955796,16.234515189964505],[73.94397575700535,16.237909150670045],[73.94058257493717,16.24331600705596],[73.91365023111634,16.229624431172667],[73.91032085009458,16.23347018694541],[73.89534021383658,16.233056277962316],[73.88860029439701,16.22849298528635],[73.89801858846688,16.237140666982352],[73.9164545208034,16.245039491727972],[73.9046933522006,16.250755035557216],[73.90821166689292,16.25407332070733],[73.89065181653724,16.25605876037203],[73.89401312278588,16.261904952714865],[73.87872266746785,16.279355025193897],[73.88826968203311,16.289682977349905],[73.88802885807848,16.298868243202136],[73.90076232721222,16.30603848613572],[73.90397126571395,16.327213922212604],[73.89625946974829,16.329920343142465],[73.88860522165635,16.3223310341253],[73.88608431810209,16.328999761068136],[73.86255995519547,16.308225796553618],[73.85497448571496,16.315981396863062],[73.84557443193691,16.299883517632804],[73.84678152513362,16.313304078952132],[73.83822755409754,16.315692144377238],[73.84817323829094,16.32270026834951],[73.83718569521753,16.34256084342619],[73.83161762896441,16.344900612675083],[73.8377230853868,16.346433966274247],[73.8426991510879,16.355345651486747],[73.85041905345071,16.35534893901671],[73.86378242126166,16.369637264057527],[73.85616587905548,16.385830375727778],[73.83676760670792,16.392438190951033],[73.83397729570498,16.40157492448823],[73.84980962198891,16.41459820127972],[73.85005635056991,16.42002661046897],[73.86502033296084,16.428132046290315],[73.87091617290156,16.441420228396865],[73.87810686245912,16.440803875189722],[73.88412633843072,16.45037589612403],[73.88705233187247,16.448780202375772],[73.88756044684493,16.46223150549806],[73.88351167428239,16.475868998837054],[73.86234844237025,16.474130595550506],[73.85898760324557,16.484330605340727],[73.83912845742799,16.507628557685482],[73.84480000241534,16.52731944886298],[73.81431515402248,16.54395059713648],[73.82120622399174,16.550534711903275],[73.830796472675,16.549335848379048],[73.83077446395053,16.557912046483885],[73.84623339740179,16.5736951768011],[73.84080883881195,16.58636337763211],[73.85857301996215,16.602478950698607],[73.86216718390548,16.613432008159208],[73.85326103105719,16.624834184865428],[73.8483884270223,16.64174577206302],[73.85137331131915,16.649403564048182],[73.83091584619984,16.648415799855737],[73.79521143386668,16.662959523308217],[73.78385171517782,16.658736149581724],[73.77197166802189,16.66494261945986]]]},"properties":{"district_name":"Sindhudurg","state_name":"MAHARASHTRA","district_lgd":495,"state_lgd":27,"dtcode11":"529"}},{"type":"Feature","id":134,"geometry":{"type":"Polygon","coordinates":[[[73.47697575521282,19.73187178348686],[73.4741442672339,19.721330761962495],[73.46322980210887,19.717602849314105],[73.45735962523922,19.723153531722645],[73.45596206943928,19.714679502946733],[73.4479717939389,19.719071699664955],[73.44127721965825,19.708427062022302],[73.43452265947622,19.71088713987257],[73.43031443056083,19.70218166175826],[73.41289167659222,19.707964678797858],[73.41491134087921,19.698236301188533],[73.3971351690166,19.700555186522383],[73.3880639956506,19.694005354260923],[73.3824822462591,19.699309418217684],[73.38149926386114,19.6897753755768],[73.36833411291087,19.689349931785188],[73.36929585823721,19.67815298742869],[73.35971212413638,19.673240876694972],[73.35483054054194,19.676894658052316],[73.35811257855158,19.68549280830671],[73.34711329270081,19.693921169769858],[73.33551526084851,19.695893831248593],[73.32848111620395,19.691801159199528],[73.3250517428096,19.68372088240235],[73.32208511138101,19.685323313006926],[73.32075273104994,19.674611907422808],[73.30473912923323,19.68614805824614],[73.28541633333583,19.692631344937432],[73.27895697572579,19.683569106090822],[73.27840991339588,19.66712456543386],[73.27210270344554,19.6643527381545],[73.27039138767645,19.65769432952955],[73.28480811909127,19.624932331101657],[73.27863365139379,19.62198675382304],[73.25687422559389,19.62898825674111],[73.25043867693216,19.622590707548788],[73.24854099577593,19.610046391952746],[73.23913497808272,19.61126473510084],[73.23506703637035,19.616922763056724],[73.22897797510022,19.60335708937676],[73.19458249257765,19.599190817833357],[73.21082051241693,19.560643477966686],[73.17918726764634,19.53781858110869],[73.16596910082296,19.52184078552985],[73.13395107437853,19.51660021479399],[73.13009380915982,19.510285971322865],[73.13302077727366,19.50054644014815],[73.10037981948534,19.495885260141495],[73.07215987006218,19.479366205107162],[73.05669911572583,19.479060009984455],[73.04844470858248,19.492681678853163],[73.03897717515693,19.497158192972552],[73.02903071841237,19.4905909920835],[73.01743493953484,19.506380103044535],[73.00998121966883,19.50096895467848],[73.00312405391502,19.50247912541356],[73.00082676259453,19.495822299746898],[72.98960485894496,19.490208364596135],[72.99456293318755,19.48226664026783],[72.99211615322065,19.468280928261553],[73.0145144374944,19.45028864732868],[73.01548804237912,19.44351129043107],[73.00064777866405,19.423211208842076],[72.97504608591743,19.410369198969747],[72.97691663885041,19.39823737567604],[72.95789926925129,19.40003156357234],[72.96066937894011,19.385435185349348],[72.95050927766816,19.379248062027933],[72.94752894154162,19.37081729167024],[72.94197186797265,19.331266438766892],[72.94578268490125,19.313163379840372],[72.95952731838005,19.29980507410732],[72.94517564834801,19.296427545999553],[72.93747213844253,19.288000585933197],[72.90243812533119,19.286896155812563],[72.85470747041948,19.319013994176913],[72.83123859015976,19.314548898642812],[72.80764845709962,19.302072207343432],[72.79298856161888,19.31014184213917],[72.7868815133818,19.307075048465197],[72.78411813926098,19.280942032504793],[72.77963828226157,19.277812850956575],[72.78425607826782,19.263759018147915],[72.80016421787015,19.261835771406645],[72.82369482766124,19.245055461028283],[72.83719666448505,19.252798598509088],[72.8391771757004,19.26596762322836],[72.86020445208584,19.268695521258245],[72.88842090706257,19.250837078055888],[72.90492870445641,19.247515581235778],[72.90587628245238,19.238440183890436],[72.91562363659735,19.23079671320456],[72.91995032814586,19.21686935369297],[72.9349286153094,19.205138504107687],[72.93491901321732,19.191534790990552],[72.96682845580179,19.177045241729928],[72.98005057431412,19.15489639354587],[72.96607261601667,19.09386900956183],[72.9666318316541,19.068250489262944],[72.97678243144529,19.03859081847339],[72.95608893308676,18.98736263737717],[72.99914723191516,18.986823013850586],[73.04310613852823,19.007290052148907],[73.04886473565651,19.026764864994316],[73.04299494416405,19.0681761910856],[73.04807605705787,19.098129743041223],[73.07791381930711,19.113814154343693],[73.08041035785595,19.11078297960623],[73.09449877569566,19.11384711629613],[73.09923471992468,19.10553605792546],[73.11399542614325,19.110755484208028],[73.11777565723307,19.106165589956007],[73.12189600126925,19.11039667363789],[73.13022448169433,19.108480984492868],[73.14316727625555,19.126810005120248],[73.15281438739797,19.11317369773723],[73.1763941682728,19.10883742338165],[73.17885742154537,19.115704003361277],[73.19493720404569,19.126721727572903],[73.21404437552877,19.097657943752687],[73.22859359407497,19.086072353768184],[73.23591702588541,19.070493387063937],[73.2510361868518,19.06107398148466],[73.26479835275,19.066068611055783],[73.26436945840581,19.07192187128201],[73.27951039722964,19.08612598937666],[73.2979127244897,19.082936525105904],[73.29715554890974,19.071706863769595],[73.30475114779343,19.07785625326672],[73.3187785664321,19.079740279846853],[73.32081692106686,19.087420289103626],[73.30728327220392,19.106267294238474],[73.3156636581844,19.10684986893483],[73.32588045213393,19.119268865694494],[73.35399789839329,19.130549843154206],[73.37296523722094,19.126626044001075],[73.40372156996736,19.133609907972716],[73.42963306740097,19.125620329397417],[73.44267349266394,19.132782380193497],[73.45736368382765,19.131207999994846],[73.46689049168889,19.136081936049067],[73.47514712216258,19.13453872385296],[73.48510399487286,19.123713151303647],[73.4898642564966,19.129805693363945],[73.5232184451795,19.130294207009285],[73.53454786728709,19.126987337504165],[73.54165543483309,19.117770258922448],[73.54565058515969,19.140728947981863],[73.53689894793014,19.14865883651485],[73.53331444716433,19.14544314488906],[73.52960775036703,19.15619672699423],[73.54037503192266,19.159167530029645],[73.5341491482516,19.178211389660188],[73.54351191835207,19.174080275157777],[73.5427432075056,19.185031920902087],[73.56427604405486,19.182537834918755],[73.56463275517272,19.18815290028619],[73.5756758626397,19.19177677578525],[73.58470531914222,19.188921950519667],[73.59590759011125,19.19490041505964],[73.60871882460249,19.193205920065367],[73.61195939727693,19.210721545591205],[73.62307860911648,19.216253404989892],[73.62981897322211,19.2038809809954],[73.66064073476227,19.239358103662042],[73.68496237134815,19.24187513239688],[73.69352445596789,19.251779946866225],[73.6902303724486,19.268693293580853],[73.66772999464278,19.29083775201747],[73.67210056529967,19.301970044143935],[73.68133089318455,19.30380705846377],[73.6842627993375,19.310796023831884],[73.70701341813707,19.324499552020935],[73.74159863742403,19.33481689770061],[73.7478625315097,19.334830831374713],[73.7425084691101,19.32295680098802],[73.7735676652613,19.33074643220194],[73.77262572958361,19.341747242410765],[73.78281496681346,19.331858183327018],[73.78804904842711,19.336585649366828],[73.79504472002469,19.330382508676188],[73.79414014797463,19.36010215209803],[73.78905441324868,19.361208691061133],[73.77916401047956,19.386437993776827],[73.76999689165132,19.38547066883512],[73.7694353359026,19.392821864462828],[73.75260788020142,19.396149209516306],[73.75084025892866,19.407546735835094],[73.72708978108187,19.41679158080653],[73.73044796748157,19.430600543678896],[73.70951756092475,19.430875414570455],[73.70666802579179,19.426300893798295],[73.70206025049255,19.4336452542757],[73.6929375291006,19.433847521415764],[73.68439732564453,19.44505942058598],[73.68340170934044,19.457298511676214],[73.67406910826045,19.46092160870471],[73.69443842080257,19.46924382784665],[73.69600416098662,19.47868448869558],[73.71375027791476,19.48416100011838],[73.7087954726415,19.49497650343582],[73.68634246479722,19.50030144602813],[73.69049461548268,19.50538622283743],[73.68003951016638,19.51850083532067],[73.675184666723,19.509302194718554],[73.66423840123689,19.51180514299426],[73.65772594061715,19.53665693366076],[73.63893600558337,19.538919818037247],[73.63256855281342,19.532686460635272],[73.63181971988755,19.541527521200283],[73.62260734752854,19.54192693407966],[73.62822073827934,19.56920375903961],[73.61811725153153,19.582327472244504],[73.61613368604426,19.578586460876785],[73.61467495856677,19.57712749130784],[73.61448218280174,19.594668868954688],[73.5920271717144,19.601637312590523],[73.58843031013025,19.606899337715753],[73.57588968683014,19.60242558881157],[73.5848806424379,19.611252861993194],[73.57821744541178,19.61784194317849],[73.5631004808263,19.619387384508027],[73.5592298935919,19.645338848379502],[73.54373106865386,19.658897193214205],[73.54415242164124,19.666156421608694],[73.53334842953319,19.677631363547395],[73.52920851569857,19.6970890137667],[73.51551203641058,19.69734809722992],[73.52019761928815,19.706596332066812],[73.48097037912669,19.724923582563036],[73.47697575521282,19.73187178348686]]]},"properties":{"district_name":"Thane","state_name":"MAHARASHTRA","district_lgd":497,"state_lgd":27,"dtcode11":"517"}},{"type":"Feature","id":172,"geometry":{"type":"MultiPolygon","coordinates":[[[[72.87328873220265,20.226717964169346],[72.8587285290572,20.224503405019195],[72.86117672656562,20.207371236704514],[72.83902389796008,20.208886889745262],[72.8308824018614,20.196527122819063],[72.83694482089682,20.188216819527707],[72.81602880984245,20.18420408987881],[72.820083007331,20.17517911610929],[72.81631480378452,20.156444388265324],[72.82236197212137,20.154743412830204],[72.82446250903843,20.141780806161847],[72.8058398726499,20.15422873558919],[72.78526423325667,20.14488054064159],[72.79410202521017,20.123103367047662],[72.7747989078074,20.13190402285702],[72.73773204763228,20.12784442775279],[72.73501776015351,20.092309747540032],[72.72995077326756,20.09368922703764],[72.72697095097737,20.080909610624165],[72.71191596116329,20.07980301519517],[72.70876057482893,20.073695978316206],[72.71745599548798,20.028152726442706],[72.71448394452331,20.022452429913773],[72.72239594262645,19.994613288668848],[72.71647127664657,19.973070526574215],[72.72198153361622,19.97120844345531],[72.7255971358538,19.988370253133777],[72.73038326985605,19.987137308155006],[72.7318031326211,19.977868217911933],[72.72481863426903,19.975767063956408],[72.73255456706804,19.97179376390361],[72.73528841356547,19.98617872257946],[72.74008748420616,19.988500264499915],[72.73720905925364,19.984646228885236],[72.74165648078308,19.969486941154152],[72.7459359541853,19.98060839071897],[72.76575985011112,19.982164742958805],[72.7624646481893,19.977325247931933],[72.7683797713659,19.977911130739653],[72.7676908192385,19.968574407425596],[72.77259910345818,19.967660916874873],[72.76855460597805,19.964374205641814],[72.77659958259103,19.961224973640405],[72.75343540638411,19.96154260689732],[72.7562756080213,19.95648447450746],[72.74694873010799,19.951943240115586],[72.75812059130801,19.9481364866568],[72.76023410708429,19.952833511374198],[72.77053959978664,19.95398095100196],[72.76815274283909,19.945480801767236],[72.7746457711026,19.9438045670579],[72.76836438592001,19.935448566754207],[72.76192203431663,19.936136458101302],[72.76746210277727,19.932961244975925],[72.76565755355982,19.919622125302354],[72.77426700724281,19.915105115699156],[72.7682892876606,19.911145991159252],[72.77261157297262,19.911122994805986],[72.76934887658935,19.907574097231702],[72.77515440799624,19.90033904632661],[72.76590328590916,19.901401808279463],[72.75856201625209,19.881901259760983],[72.75389766236133,19.887544237862762],[72.75778547299464,19.89884844840583],[72.75053862525711,19.91668531296806],[72.74715013239467,19.917699389063763],[72.7438043643055,19.902080423847245],[72.74007299438061,19.910903234907643],[72.73744579767035,19.907389703218723],[72.73420573613728,19.90999673107393],[72.73899809276952,19.92382053051055],[72.7361070132496,19.91951345185409],[72.73483460983677,19.924003277079525],[72.72934073184969,19.921206572028705],[72.72834920467676,19.93540935389305],[72.72206602196532,19.935442353027153],[72.72485290679376,19.941714185527264],[72.71830301427444,19.945530625793307],[72.72595829003905,19.95414849328619],[72.71097244894231,19.96041683092348],[72.71828781747477,19.963651419396797],[72.71073669238419,19.96328716188569],[72.71303528087195,19.96635142253412],[72.72075395972932,19.968121330498974],[72.7054553818445,19.966588373315275],[72.69794323375577,19.959587709402367],[72.70215634950628,19.96057639400783],[72.70356066333207,19.95842726344923],[72.68996142397864,19.958630179778595],[72.68274182843184,19.94567087067777],[72.68584398689073,19.94150537681029],[72.68158679170752,19.939808882624174],[72.68169466589843,19.943474306611833],[72.66374776741944,19.93370644024976],[72.67603950079197,19.920574061416016],[72.67698514381684,19.916823953407476],[72.67342344588617,19.92220939412528],[72.6781702327807,19.900925225765214],[72.68204522355659,19.908947908299325],[72.68492744119621,19.910755129559213],[72.68589509653879,19.909667986177507],[72.68024170829999,19.898248453218372],[72.68058451888717,19.866253519505367],[72.6880516991094,19.875130595689612],[72.68965381836747,19.86690924148565],[72.69545940008003,19.865135021130317],[72.70143553772905,19.880440481335903],[72.70014322854784,19.85911755612621],[72.68653799204156,19.859124586482015],[72.68401143538922,19.868026957691406],[72.67208418086678,19.85465903791245],[72.68255198297129,19.8521751976708],[72.67844277894295,19.84818100892401],[72.67509313552165,19.848560303770395],[72.67760066585627,19.85299634342445],[72.67116080168792,19.85091744744393],[72.66915729988953,19.8444316871873],[72.65833369486388,19.847846476261772],[72.6546083840756,19.83628170064975],[72.66747121240688,19.820806245698186],[72.67582759899625,19.81799830576938],[72.67687850930105,19.825501466937432],[72.68025928024528,19.824260806740124],[72.67595794813724,19.815355522407906],[72.69130217121828,19.795545204943604],[72.68520456337653,19.75783283407462],[72.69130906399144,19.73864282808875],[72.70408042406386,19.736020743765938],[72.7042229831062,19.727106253221514],[72.69465330404634,19.726981255772756],[72.7079001522801,19.711112625016504],[72.71354025623249,19.694969252364242],[72.7113284171534,19.6872073394363],[72.71545507544772,19.684117447050678],[72.71091209113835,19.684246510023424],[72.71039995710332,19.69173215532015],[72.7068091339945,19.67992139024143],[72.70857813507953,19.671802108364652],[72.71407591624651,19.6692630809866],[72.71152484187513,19.655288539567277],[72.71844398599364,19.634640195035697],[72.72379211771576,19.63289148914839],[72.71600693567957,19.646227448060923],[72.73382025018425,19.62918842049543],[72.73188384894434,19.648523331834596],[72.74789762054259,19.647252700658868],[72.75382604507362,19.626546136307002],[72.75026522659361,19.619263056097694],[72.72553295122675,19.628714624720686],[72.7294434218631,19.601625299139936],[72.73943424190796,19.598798998257347],[72.74528130512536,19.61389011145011],[72.75076900090664,19.616728200944458],[72.7560285506569,19.616274454183998],[72.7585368238983,19.608418965344647],[72.75735382890737,19.617346648225368],[72.76659402837888,19.61564202553952],[72.7624697865527,19.622207235539143],[72.77122366238393,19.622522718032787],[72.77250501750858,19.63566265343391],[72.77295668594185,19.627383175030552],[72.77878211952387,19.62702245738326],[72.77414445278356,19.62110124301186],[72.78003927493306,19.617362699286602],[72.77542473352312,19.617763016584362],[72.77233111355105,19.60826104955445],[72.7857764948525,19.607852348759444],[72.78214583595242,19.601702872029218],[72.78906432789404,19.59722678422171],[72.78512197065841,19.594412482701618],[72.77824965481732,19.601205385488782],[72.77175746917352,19.599531452538383],[72.76772215247563,19.586446303903458],[72.75999186199488,19.60052212865212],[72.74944602593658,19.597518831521047],[72.7422729792912,19.58950767983724],[72.73902010329061,19.59450844140981],[72.74709649309075,19.598436824359723],[72.71585242634904,19.592242797091583],[72.71627385389657,19.572893935537532],[72.72018777675855,19.566772886031966],[72.71908023037005,19.57123520274179],[72.72669352606482,19.56682516718837],[72.72253470898164,19.565782718390683],[72.72372743003214,19.56074807894308],[72.72024824146202,19.5652323906081],[72.72395582399818,19.545265781066572],[72.7187314711391,19.53968728987554],[72.72351670413111,19.54083807343062],[72.73243313101132,19.52685190049229],[72.73869038295378,19.529082568026244],[72.73739822558785,19.522200336629172],[72.746184704874,19.51422008819466],[72.76780594193542,19.507549709987266],[72.77277043733568,19.487553911150066],[72.76276617759585,19.47439211605808],[72.74426993147286,19.46191840359086],[72.76073292179863,19.418385060411367],[72.7623525141873,19.396884577104824],[72.76913294315463,19.39651659673697],[72.76863049475496,19.406386229138825],[72.77456581205914,19.411603815947924],[72.771229366686,19.415481518377316],[72.77087936239003,19.416808101670693],[72.771381082256,19.417776982180726],[72.77489697598865,19.412944024065272],[72.77434347812803,19.409917184022024],[72.7696518675549,19.406335932163188],[72.76972309946534,19.39512677728146],[72.75854573518589,19.383658645439198],[72.75839420826209,19.374262756707886],[72.77519255585311,19.357260408314797],[72.77471418769294,19.363052825183306],[72.76802655649114,19.372534586283372],[72.76878020887851,19.374739728720854],[72.76844422279258,19.372200518621348],[72.77475699511118,19.363863076413143],[72.77920994217793,19.351520323636564],[72.79999732256847,19.32992005478903],[72.7946029500671,19.3074445845621],[72.79808620620885,19.304295193448592],[72.80764845709962,19.302072207343432],[72.83123859015976,19.314548898642812],[72.85470747041948,19.319013994176913],[72.89864159071728,19.287368774714707],[72.93552368630307,19.28781191861333],[72.94517564834801,19.296427545999553],[72.95952731838005,19.29980507410732],[72.94578268490125,19.313163379840372],[72.94180779517757,19.33263788886711],[72.94813459019774,19.373565489104532],[72.96066937894011,19.385435185349348],[72.95789926925129,19.40003156357234],[72.97691663885041,19.39823737567604],[72.97504608591743,19.410369198969747],[73.00064777866405,19.423211208842076],[73.01623953880983,19.445325937711257],[72.99211615322065,19.468280928261553],[72.99456293318755,19.48226664026783],[72.98960485894496,19.490208364596135],[73.00082676259453,19.495822299746898],[73.00312405391502,19.50247912541356],[73.00998121966883,19.50096895467848],[73.01743493953484,19.506380103044535],[73.02903071841237,19.4905909920835],[73.03897717515693,19.497158192972552],[73.04844470858248,19.492681678853163],[73.05669911572583,19.479060009984455],[73.07215987006218,19.479366205107162],[73.10037981948534,19.495885260141495],[73.13302077727366,19.50054644014815],[73.13009380915982,19.510285971322865],[73.13395107437853,19.51660021479399],[73.16596910082296,19.52184078552985],[73.17918726764634,19.53781858110869],[73.21082051241693,19.560643477966686],[73.19458249257765,19.599190817833357],[73.22897797510022,19.60335708937676],[73.23506703637035,19.616922763056724],[73.23913497808272,19.61126473510084],[73.24854099577593,19.610046391952746],[73.25043867693216,19.622590707548788],[73.25687422559389,19.62898825674111],[73.27863365139379,19.62198675382304],[73.28480811909127,19.624932331101657],[73.27039138767645,19.65769432952955],[73.27210270344554,19.6643527381545],[73.27840991339588,19.66712456543386],[73.27895697572579,19.683569106090822],[73.28541633333583,19.692631344937432],[73.30473912923323,19.68614805824614],[73.32075273104994,19.674611907422808],[73.32208511138101,19.685323313006926],[73.3250517428096,19.68372088240235],[73.32848111620395,19.691801159199528],[73.33551526084851,19.695893831248593],[73.34711329270081,19.693921169769858],[73.35811257855158,19.68549280830671],[73.35483054054194,19.676894658052316],[73.35971212413638,19.673240876694972],[73.36929585823721,19.67815298742869],[73.36833411291087,19.689349931785188],[73.38149926386114,19.6897753755768],[73.3824822462591,19.699309418217684],[73.3880639956506,19.694005354260923],[73.3971351690166,19.700555186522383],[73.41491134087921,19.698236301188533],[73.41289167659222,19.707964678797858],[73.43031443056083,19.70218166175826],[73.43452265947622,19.71088713987257],[73.44127721965825,19.708427062022302],[73.4479717939389,19.719071699664955],[73.45596206943928,19.714679502946733],[73.45735962523922,19.723153531722645],[73.46322980210887,19.717602849314105],[73.4741442672339,19.721330761962495],[73.47632116274677,19.732260640657234],[73.48331252153265,19.724122331220098],[73.48679738026887,19.729083662610766],[73.50326983434617,19.73323244333095],[73.50350924255591,19.750679158254687],[73.50028585734776,19.75916422386349],[73.49356430845577,19.76239276912055],[73.48009278078963,19.758332170377606],[73.4484381794715,19.76637798286805],[73.4400118374777,19.806937978287642],[73.44208809742422,19.82603339665241],[73.42021217091174,19.834832089033863],[73.41668181969288,19.84803912377811],[73.4197849725868,19.849982158770572],[73.41385761525432,19.858065315095054],[73.41749835864178,19.867221704491158],[73.43693505013741,19.87344576196801],[73.4210180782992,19.916175418615904],[73.43936245164701,19.93439269073537],[73.43977549162474,19.955709286363973],[73.448598729074,19.95374031241811],[73.45532034803462,19.9586679742555],[73.44828846265298,19.966485088549963],[73.45106465932614,19.98216445085323],[73.43871628537832,19.979926278780113],[73.42576214240006,19.985284782329057],[73.4149699137307,20.011626434223935],[73.40658793593552,20.01842122835803],[73.39077700033513,20.013325606154407],[73.37410538436944,20.021919524205607],[73.36624673721103,20.020056047059633],[73.3575002320567,20.040367070764823],[73.34657095011937,20.03616722391014],[73.33224190505605,20.045575011464205],[73.33115294121752,20.04154123074251],[73.31403639148824,20.04955793629631],[73.30836116430658,20.056148201291222],[73.31379363705408,20.091101105368352],[73.29439078958676,20.098176597213424],[73.27143997673456,20.096041746880054],[73.26944123870214,20.10919035357739],[73.25361588603974,20.112552402457833],[73.24506018215345,20.12760074230072],[73.22478950462951,20.123689661718984],[73.22486932982397,20.139960957544805],[73.21791234507242,20.136409440662867],[73.21065759036372,20.120451524271626],[73.21509694232697,20.118060404744625],[73.21066490893836,20.085810519879836],[73.19730600036446,20.07556140162302],[73.18929291843567,20.07734591739746],[73.18748804851963,20.05875081975323],[73.19230409192926,20.049487504853765],[73.17887755458752,20.047146503428984],[73.16614131594777,20.05470438992384],[73.15721991509584,20.06279045050729],[73.15503387922497,20.075176374805388],[73.14959949576084,20.078207104005966],[73.14672307135649,20.073382129569016],[73.13782776925851,20.078673416432725],[73.13715059943438,20.08597017004738],[73.11202786773602,20.074188979057837],[73.10371219099868,20.089530848493197],[73.06429430048615,20.098514077299093],[73.05585257484312,20.098996269262575],[73.0526971561694,20.06446101129011],[73.04501107447874,20.065215150404903],[73.00130682318067,20.11167468657601],[72.99990961413046,20.122469490232493],[73.01261023097595,20.129552818147786],[73.01146013947728,20.134606660107472],[72.99819388134513,20.142788619478583],[72.99249566358041,20.11766868289225],[72.97757024137302,20.11274990172883],[72.96439200915559,20.12595439848203],[72.9604446671684,20.13402639549916],[72.97401672350136,20.15830214708457],[72.97342887047101,20.173154877221048],[72.97756909691935,20.179392552142797],[72.96172837318417,20.184252949460976],[72.96265793187386,20.209681051219334],[72.89940670560769,20.22760217324953],[72.8896046620282,20.219998563960264],[72.87328873220265,20.226717964169346]]],[[[73.00166161100552,20.21574306757694],[73.00857769995378,20.228879663489174],[73.00573845053077,20.231888374468696],[72.98977413208722,20.238718949017564],[72.97948801245228,20.233953982035477],[72.97487975206279,20.225644707676487],[72.97931027807836,20.21549901195071],[73.00166161100552,20.21574306757694]]]]},"properties":{"district_name":"Palghar","state_name":"MAHARASHTRA","district_lgd":665,"state_lgd":27,"dtcode11":"732"}},{"type":"Feature","id":481,"geometry":{"type":"Polygon","coordinates":[[[74.39522524927337,22.033763367772472],[74.38714176547741,22.031763699239924],[74.39595122546517,22.030304409755626],[74.39808101512116,22.02282650045787],[74.38416395721008,22.01743849807727],[74.37562149898267,22.000442097406342],[74.3444715523265,21.975117083226184],[74.31218499968071,21.973377979292685],[74.30071428335872,21.966978809523752],[74.28933461757896,21.939811024824778],[74.28099466836265,21.93296055507582],[74.19289645995266,21.925817706517332],[74.18165987603473,21.929262850867655],[74.15724752846978,21.950669127909894],[74.1467272665493,21.952820768848575],[74.14705298489154,21.948417269745676],[74.14000496936066,21.94675164360029],[74.13664605263067,21.95112765236124],[74.12826016896062,21.949709579788227],[74.0492819573523,21.92586194511403],[74.0287180086342,21.911269597750053],[73.92957391336972,21.86443398161623],[73.887504684822,21.854538762164747],[73.87279463460229,21.84174587031049],[73.8166627761517,21.840795460529282],[73.79565065973497,21.8245611830719],[73.80393779340244,21.81961574638113],[73.80794679125917,21.809845335165722],[73.82696585957248,21.81014570559507],[73.83236047911052,21.801486047337903],[73.82641884934482,21.7978716430686],[73.82734897936305,21.792728506776637],[73.8377166309915,21.789308276101604],[73.82885973097359,21.78600941424352],[73.83428780736608,21.774902049917536],[73.82407719292742,21.760976788075766],[73.86648054445519,21.718903157552017],[73.88104149769391,21.714622386184658],[73.89168055462419,21.691708422256287],[73.89436020665885,21.67590267987284],[73.88796121044602,21.65315247240005],[73.85968925934768,21.64198388929199],[73.85196511064852,21.646101294308508],[73.84958016262095,21.638649706958812],[73.83863476131415,21.63300269846425],[73.83042581611068,21.64229288531898],[73.82484736443455,21.639701336217776],[73.81431004620178,21.644095802914286],[73.78018799288542,21.62815581322035],[73.78141110214531,21.618517708883317],[73.79766510031858,21.60464633718254],[73.81394999874097,21.600706424918542],[73.83476556646848,21.520207530138748],[73.85198430495119,21.497825539987065],[73.86938958309426,21.500952316233718],[73.87268404300767,21.50633154167927],[73.86636551518305,21.50695366557479],[73.86447621710504,21.512219308703664],[73.87670031452325,21.51168243541457],[73.87797418847819,21.504271801425574],[73.8925434870659,21.50911216174768],[73.9053623886781,21.51568650816507],[73.90523612687166,21.524556964408486],[73.91568598602672,21.51912933116494],[73.92599191980187,21.525250284021123],[73.9319039716385,21.511980650960606],[73.94556343764187,21.51648699775734],[73.95180137580572,21.51261925897296],[73.95699064675803,21.54080482494859],[73.96049961178488,21.540477974912182],[73.96615948316509,21.52153519655375],[73.98232753592183,21.521823871783834],[73.97400697953587,21.542633126259382],[73.99301499048636,21.542677980951417],[73.99817633191817,21.538686692993227],[74.00522172436843,21.553386358223506],[74.0299549573394,21.545414908950995],[74.03787016871631,21.550681225785798],[74.03697733405374,21.54495014098357],[74.04316309447263,21.54227497672981],[74.04424794672214,21.547118195131137],[74.04727998807981,21.543770668283905],[74.05409309236725,21.547711326800126],[74.05451895938893,21.558584654049387],[74.05994724778385,21.55023424033563],[74.072233543654,21.54782755619954],[74.08183848518203,21.548544805372334],[74.07925421626426,21.55406472846037],[74.09688425468804,21.550725570831577],[74.09740490205704,21.55520026424665],[74.10299458267417,21.55611180684619],[74.10988318317474,21.555867827332435],[74.11306218262467,21.548358567493448],[74.11897939079108,21.556214319208724],[74.1201576804065,21.551323500308907],[74.13665391648264,21.546343325807573],[74.13915413273423,21.555323701267284],[74.15400158476822,21.55675009296309],[74.15771974317025,21.568696465257762],[74.1758163270267,21.568692658280778],[74.17514266781872,21.556363383841568],[74.18264400019142,21.542241066148872],[74.19313541451318,21.53945105481662],[74.19694059092012,21.531990915808866],[74.22761472781808,21.54872383658301],[74.22898414928156,21.554097745638234],[74.23634608647836,21.548290795956458],[74.23596948755844,21.539335981003237],[74.2633746506459,21.539831355001276],[74.26841958029836,21.552537409664325],[74.27787040595791,21.55329103669694],[74.27610212083016,21.561924335031264],[74.29491585313413,21.56901679899728],[74.30288957807372,21.56663078084344],[74.30307054548432,21.55206361428051],[74.32195224611935,21.548479456957743],[74.33035623802887,21.55274603204035],[74.33170849987384,21.54394860161596],[74.32638858872639,21.542331179339204],[74.33058253353042,21.535259003417394],[74.32559617672942,21.535907133572568],[74.32076511348822,21.529046663787692],[74.32064057914208,21.49843419262615],[74.30393411303496,21.499379839953676],[74.30399711368246,21.48795002034542],[74.25578108824295,21.476617287271257],[74.25342143048555,21.467578140700795],[74.23562355891893,21.467485866943655],[74.2343946294743,21.482220176803114],[74.21420004015322,21.48161502319184],[74.20914123871614,21.46206189968786],[74.18769827322116,21.45809871823399],[74.18228503070895,21.46911952999349],[74.16098477517326,21.46877744259343],[74.14749438288617,21.46134637158384],[74.14814516380048,21.457972814235788],[74.13588470168129,21.456065882997308],[74.13377773282679,21.465794300619944],[74.12522193910895,21.466583922500305],[74.11693270068878,21.46188913394779],[74.11631588597368,21.452274590978927],[74.1007077180992,21.447638139245562],[74.09463425158242,21.455664580914643],[74.07234627054406,21.45695658906763],[74.07548296203906,21.45973272980945],[74.07281170116747,21.468704093858133],[74.06258682058376,21.474345544505905],[74.06126082368108,21.461822303595756],[74.0455712405941,21.44600929311157],[74.04951053547299,21.44014048152531],[74.04467272768063,21.419124012992018],[74.00266622579424,21.42134066949238],[74.00242891155743,21.417338456355296],[73.98226878161067,21.40783475650305],[73.9767283241795,21.411748926094138],[73.9702575714401,21.397634730055895],[73.95929768030777,21.395337140245314],[73.95183702634607,21.395201184515336],[73.94696351321615,21.404855245190504],[73.9387451904994,21.404841383460457],[73.94388768886985,21.399788989701793],[73.94898780652179,21.350984780908593],[73.9421654909094,21.32544275826402],[73.9425415014328,21.30013211184862],[73.93305070343807,21.291034368496486],[73.92205172391279,21.289453805238786],[73.89724955512521,21.27205956367332],[73.87942578423063,21.26577250104802],[73.8497585931892,21.274639619984274],[73.82658785568745,21.267642723015538],[73.8226856720096,21.27067009684746],[73.828285094856,21.239790983603314],[73.8116297878043,21.231035257143724],[73.81055414238816,21.207423603583827],[73.81525619228319,21.19715702341706],[73.82587121388976,21.19993503914964],[73.82572126350927,21.186960543380053],[73.81969412670492,21.186538406810506],[73.81568687517314,21.173884198326473],[73.80275228312874,21.174842984953376],[73.78475062424835,21.18391090107377],[73.78116748443017,21.170906843328183],[73.77214973567077,21.164562031595636],[73.74024114289254,21.16753330856016],[73.7401388445446,21.171037770173054],[73.72832212681958,21.16174891098261],[73.73692882177635,21.153058711113314],[73.73161181578054,21.14077885875595],[73.71877833451123,21.139568259913126],[73.70113867243583,21.1461262737104],[73.70159095980834,21.153560076943876],[73.66754697458175,21.154550840878656],[73.66472944103245,21.147117858172372],[73.64313766691568,21.139382475431457],[73.62720760123389,21.143169887062673],[73.62904882147788,21.154741017232578],[73.60756940414531,21.158801908260084],[73.60650315420871,21.178674611523967],[73.59965407419078,21.181615274635913],[73.59362386245324,21.174218882614653],[73.57718896783626,21.170581447363972],[73.58305475913073,21.160840766499195],[73.57665528321756,21.15649758739196],[73.57829372495586,21.150304829060012],[73.59856548225476,21.156453833321727],[73.60490231684655,21.143838298723402],[73.6174118970654,21.14251706386729],[73.61168657533189,21.137901489897303],[73.61823889509913,21.11827375309128],[73.63080585610503,21.123096054539847],[73.64616227201944,21.1210650732884],[73.65168060843673,21.1074089185724],[73.67698853861073,21.108369135230795],[73.68874073034893,21.100603117217563],[73.70290705278501,21.11820582699261],[73.705286539954,21.10823522572889],[73.72948039298734,21.099675593599944],[73.74356566043535,21.114985151990798],[73.73299703681325,21.098448287065118],[73.72973560705451,21.082238564793187],[73.7600247817172,21.069204270926818],[73.78014597328968,21.064328050337675],[73.80758399854682,21.08462894068041],[73.8107309380226,21.05929037045389],[73.7953488662237,21.04431734754543],[73.81481402173743,21.023290959617974],[73.84927991331362,20.999614556628753],[73.85614789478348,21.016866158515093],[73.85450840920282,21.03274708707421],[73.88285227403294,21.029990417809227],[73.90732524530314,21.036156915926792],[73.90755649411516,21.042403246377482],[73.90990415307533,21.037875711589756],[73.93196051968732,21.038767422266698],[73.9483034438872,21.032552811991277],[73.95528199808705,21.039404032760906],[73.95348118136957,21.051926720803316],[73.94602303550415,21.06084731041579],[73.955959324218,21.06845555270931],[73.94826463487028,21.08315914902225],[73.97437855687338,21.105412590737537],[73.97416519531531,21.112216689133472],[74.00045048802684,21.120840227173343],[74.00880762740441,21.100356449067217],[74.01558702510576,21.102334681334074],[74.00949871752216,21.127517042778802],[74.0157773628431,21.131287872907897],[74.01894175209327,21.142038315254265],[74.03589428562132,21.14511934861946],[74.04996015574741,21.136500541499533],[74.04827060525936,21.127173919688175],[74.06874723413861,21.12561507214877],[74.08420358223846,21.14001724398055],[74.05725717349527,21.16911928190229],[74.1197455189811,21.21351368533983],[74.14562672073178,21.207854145691545],[74.14886365433102,21.21142608244446],[74.14312855353735,21.218945927668596],[74.15631687563206,21.224756509118503],[74.1577245428688,21.230911695168206],[74.16481318560672,21.224953548753433],[74.15954258029024,21.21888949856557],[74.16319212357422,21.214435808045152],[74.17887178297224,21.209265359173777],[74.18637474399054,21.220060926645267],[74.18976409833733,21.216830692879093],[74.21227825360467,21.221856335437735],[74.21948080092398,21.240327928131247],[74.23157082119273,21.23944032072734],[74.24612046823529,21.248137628063166],[74.27198845217487,21.248978851758324],[74.28457700329032,21.239972282122153],[74.29943607503249,21.23859038572448],[74.3170165138762,21.24803466919083],[74.31734224030328,21.233082260849184],[74.33797942597155,21.231483497931283],[74.33775164106328,21.228367539255714],[74.3567337005835,21.2315565082821],[74.3558404401195,21.25204865643362],[74.38795596790824,21.255838719785025],[74.39709353665518,21.263790692269723],[74.41198532414171,21.266194330573892],[74.40968816397526,21.257231388212112],[74.43133250570578,21.261324246051306],[74.43154003540103,21.255699395623004],[74.43791789874682,21.254514004690083],[74.441458451234,21.24679461583963],[74.43268094252427,21.24498884054696],[74.43503918992668,21.236767334136676],[74.48980917006719,21.242446568606518],[74.49123128401033,21.255452894777477],[74.48705462009741,21.255500817273962],[74.50060979618785,21.27325940743474],[74.50065879928658,21.283860660689545],[74.4919780463195,21.298395677024967],[74.47418780504289,21.296435600307902],[74.47347830664836,21.305766148538492],[74.48182718422025,21.308748600192978],[74.47623823303509,21.349423543329898],[74.49015065653762,21.349868572808376],[74.49153667617264,21.371388816077086],[74.50837015417945,21.38928351293208],[74.50278445489563,21.394149146176982],[74.49315041513893,21.391655957087984],[74.50174088023344,21.415550031987934],[74.49573598571556,21.42568452573047],[74.51571929936662,21.42929257777973],[74.53454101679516,21.42624725788348],[74.57028465316687,21.40193810570886],[74.59719865159293,21.416235349652816],[74.6177194048206,21.412473834125286],[74.63538408677331,21.401268510069364],[74.66633646245748,21.407739127208327],[74.6859570067524,21.403793028398756],[74.6925377842495,21.410915665171583],[74.69792282505168,21.42318410835927],[74.69187958145432,21.434322460394785],[74.70460219265121,21.452167292321022],[74.69958923763296,21.468819107373935],[74.72545478983302,21.4769499184889],[74.73276946127285,21.471571155145615],[74.7317747360975,21.47896283474709],[74.75312754936552,21.478853435822256],[74.76103397072738,21.517145215122685],[74.7535963145353,21.529486727710097],[74.7597775618182,21.53745709566339],[74.7584574488806,21.57661394397294],[74.77523491064127,21.61529893900882],[74.68745577124378,21.63154401418198],[74.67746319050099,21.64538344630388],[74.66489342495473,21.6472860770859],[74.66417640047472,21.652296972014756],[74.58211038279084,21.664856539832357],[74.58061199738852,21.683185278759204],[74.55418998109074,21.681301015426115],[74.55759501103921,21.70421127878836],[74.54725578749625,21.719492133525435],[74.51299514389447,21.718514472163417],[74.50541575421181,21.726149872798004],[74.51089416949787,21.73514935637909],[74.50879436470778,21.74969335366766],[74.51415551930656,21.76561691796191],[74.49825402364405,21.790027149571994],[74.51013086561109,21.82923007205198],[74.51376127118624,21.889989274161454],[74.52291862173406,21.899112300363466],[74.5240274670865,21.91157135676866],[74.50934811140174,21.920660402428204],[74.5126832299632,21.931915438142017],[74.50851173495646,21.937362784575015],[74.49997236334032,21.93939286278045],[74.49525843951389,21.946814148937047],[74.48471073136653,21.945818907099905],[74.49051376815187,21.951238224152014],[74.4887702037624,21.95617490713574],[74.46913918421293,21.959641370262965],[74.46975881963803,21.967100706592312],[74.45341785556212,21.961943304822853],[74.43942980738746,21.976728559177257],[74.4415031729621,21.990043988012747],[74.43237059435654,21.99940796313089],[74.45223034923187,22.00423341047212],[74.43877642135881,22.020847029822377],[74.44353799631952,22.023224861752098],[74.43172335010948,22.030224518898144],[74.40180657025122,22.023215538925747],[74.39522524927337,22.033763367772472]]]},"properties":{"district_name":"Nandurbar","state_name":"MAHARASHTRA","district_lgd":486,"state_lgd":27,"dtcode11":"497"}},{"type":"Feature","id":487,"geometry":{"type":"Polygon","coordinates":[[[77.47911897672064,21.769965028182533],[77.4562273080484,21.760169158346475],[77.40419828367249,21.752396977301814],[77.34559392559007,21.757681658929418],[77.32433901162004,21.752639278980443],[77.28054099147768,21.758661824603116],[77.27990562116206,21.74914622656202],[77.28717646290083,21.74467334619802],[77.2840226369401,21.736713776522148],[77.29107582586869,21.732756302218867],[77.28724378444488,21.722160525900836],[77.27156113096201,21.72807215855001],[77.25995143628238,21.713978636457302],[77.22693816094478,21.716764271216114],[77.22766777441517,21.699411252428625],[77.21290580875856,21.694979507315335],[77.21039535530602,21.68964038300406],[77.18816027605473,21.701682762143886],[77.19147896981957,21.720724018339023],[77.17605974639547,21.725728143919795],[77.16951441911442,21.72213397547085],[77.16514786572348,21.71071191234352],[77.14774213393122,21.71249418227526],[77.12960170959393,21.722213239526422],[77.08656376479327,21.71439617853011],[77.07324859069897,21.71942737146451],[77.06235697332488,21.70708406347781],[77.00517613864227,21.678273643691206],[76.97315486478811,21.651335819665558],[76.9288340547948,21.624304389820384],[76.90193087028814,21.596857492824295],[76.85445142026248,21.613332175480615],[76.84466824130396,21.607515496403863],[76.83935835266014,21.593331037018483],[76.83285185326064,21.58896512455525],[76.79568294087596,21.59421727177971],[76.78132891276631,21.564712622598133],[76.78166172330774,21.55156962888262],[76.78925112381594,21.53637874898503],[76.76334362927523,21.520762017509966],[76.7728119334553,21.50571262533573],[76.78768045188102,21.501143872091074],[76.79555015460565,21.489410322854066],[76.7857965257284,21.46502279245195],[76.74428110406174,21.43979068869357],[76.73872083159205,21.429749024469906],[76.74020758920132,21.41125938945319],[76.68265532540327,21.37837004630838],[76.62149647306319,21.332228399623503],[76.66262859797115,21.280434539652116],[76.68604520077291,21.28859978549339],[76.71456314832528,21.28428372657202],[76.72406541331465,21.289277495979082],[76.73658663390296,21.261505862988905],[76.74878567461292,21.250607233795066],[76.74110758343672,21.241196268406014],[76.74590751466341,21.22310005193082],[76.75247731834101,21.217405534791386],[76.76065150952275,21.21976788752336],[76.76756725172132,21.191200534832156],[76.78262435706786,21.193540930617356],[76.78150631835683,21.187346851569362],[76.79059351407425,21.186989859189183],[76.79065364729935,21.183205661156336],[76.81621186248456,21.187745003112358],[76.83155273215462,21.18512553302728],[76.84749207833163,21.194625617828],[76.85418240986918,21.188360770492537],[76.91648351680544,21.20068654491088],[76.96398863529203,21.194865832338824],[76.973836441747,21.19688424327976],[76.97194188223638,21.200649125491786],[76.99840601245297,21.19575713761256],[76.99823741035225,21.20146301393377],[77.00694881653178,21.206282624161627],[77.00624015626539,21.228688598556097],[77.01373038635951,21.23714246287111],[77.0212276574488,21.23635191706877],[77.024326497531,21.24498140730466],[77.03344477495723,21.24745014746968],[77.04579997071136,21.24323360786994],[77.05047213006364,21.232723480800843],[77.05833841380029,21.232851092281877],[77.06672390670317,21.22008834167075],[77.07544228021607,21.221499500158064],[77.07991114453132,21.2163767415343],[77.09379631763969,21.22597027092944],[77.11055242285279,21.218752928909332],[77.1181224215475,21.219596901151043],[77.12021374803795,21.224457458545906],[77.13094112014043,21.220150307246733],[77.16601717350878,21.236909997812855],[77.16600058162548,21.242880044482185],[77.190399761685,21.2419106775624],[77.19089514573326,21.228297860857186],[77.17443037853985,21.222678770629706],[77.17800276013419,21.21814863775258],[77.17595631078038,21.207697884278073],[77.18227964189683,21.206611418768674],[77.18457347380516,21.199602496839468],[77.17891238341112,21.19060250905043],[77.17219511678805,21.191749207887963],[77.16703401161315,21.186639743451398],[77.160312089022,21.167125643212362],[77.16733261790179,21.16516080103041],[77.16615358358298,21.157745746239723],[77.15996511025193,21.145342153819435],[77.16600032650393,21.143900512426068],[77.16350251683897,21.13576854154674],[77.19250650236741,21.13474020751876],[77.19649639215972,21.138702336143233],[77.19662091482776,21.121044646992036],[77.17221307500893,21.11888492065959],[77.17120852226434,21.094584198978293],[77.17744055220858,21.08501718951867],[77.1762903735733,21.072250727627534],[77.14984080504745,21.070000785233393],[77.14984569547585,21.033434955820198],[77.17305030844697,21.023635668359457],[77.17208660838658,21.013595940209857],[77.16562235495826,20.99862239562528],[77.16746152794171,20.988803706208877],[77.13323652140555,20.988871579837898],[77.13474323149565,20.974229914301684],[77.16068417121267,20.971693054270943],[77.14414222166837,20.924148523291763],[77.13507871183009,20.920511271871785],[77.13720872247161,20.897916209759032],[77.12943878754075,20.863321730663205],[77.15297223690646,20.858512212982593],[77.16036947250402,20.87006809383139],[77.16997657448034,20.859624198360855],[77.1687017492095,20.854238894775413],[77.1801110513088,20.849570435276675],[77.19753394900782,20.85358815372078],[77.21118569938118,20.848399561156565],[77.21564479541605,20.85736666411481],[77.22168008712656,20.858329928045155],[77.24566084001155,20.852656071930006],[77.2521307896571,20.855735850510783],[77.25851464835908,20.84581774554614],[77.27139140237388,20.853545998076452],[77.28624522346323,20.846659395941753],[77.30505995289718,20.850374758703307],[77.31501023287159,20.857530709867113],[77.3179161651364,20.851126797342882],[77.32635732663745,20.853674023867846],[77.33698221893232,20.843574705853094],[77.36189518862197,20.84738918698909],[77.37508755044053,20.842278279205605],[77.38826299698226,20.84587758516936],[77.39295282978944,20.84113861025623],[77.39938344220869,20.84641571843403],[77.41827481949595,20.843303685839476],[77.42489002312966,20.848736876282878],[77.4349436309213,20.842920176050033],[77.43702179080462,20.853471359127482],[77.4435733505971,20.851579426699015],[77.45421205448949,20.85787895592312],[77.46484893839508,20.88031730263595],[77.46617257362688,20.87615528189896],[77.47920681578577,20.879418526504466],[77.4753787107795,20.86108355205551],[77.49872355346142,20.86003259422429],[77.49903335545345,20.856610761614306],[77.52896904844171,20.848930207175663],[77.54102457340359,20.855512458956294],[77.55089386127196,20.854331562541287],[77.55281856465025,20.823386646319914],[77.55976907524355,20.82408957275084],[77.56881770538752,20.809812601195556],[77.59255446865485,20.810868604461213],[77.59233485302575,20.804886740899295],[77.60992891751565,20.799743118740455],[77.61085547223907,20.77850511677326],[77.61958821071164,20.779185412606985],[77.61430483764005,20.75937857622669],[77.6197715892005,20.756955885180606],[77.61343428209483,20.742672636874282],[77.61084684122578,20.7177218841051],[77.63426140664849,20.712308683889866],[77.6309100896658,20.70379584975138],[77.63808882534185,20.69000741796015],[77.6321473455948,20.671947524001396],[77.63509743005585,20.658841553883303],[77.65421545408593,20.661469516428134],[77.64803936942094,20.648658965449318],[77.65908712746615,20.645785472464947],[77.65814670365309,20.63626373518522],[77.64859295621478,20.622685241694835],[77.64706104209279,20.60517896282673],[77.62765915672117,20.56685895628342],[77.6593007342643,20.564275113731675],[77.6659303872994,20.579719680909204],[77.69091636217387,20.578267406436936],[77.69112349571205,20.571578277993783],[77.70418409444135,20.565667376714856],[77.74148707678891,20.56121393382595],[77.75169515977511,20.54452306867197],[77.77885936505896,20.53997658527463],[77.7919917005519,20.56042080795521],[77.80547040485882,20.564189695124593],[77.81069610069927,20.584235477113296],[77.84005635717106,20.564720861848304],[77.84780639262175,20.570752158214518],[77.84608723366192,20.588005748336087],[77.86725706639479,20.595380832887763],[77.86601908911858,20.610399998888784],[77.87845822794444,20.609362310946914],[77.88578631572302,20.624547797282546],[77.89471843437461,20.624963813904674],[77.91751952142513,20.60715499918747],[77.91447781239837,20.589953641826707],[77.91873379485594,20.585453088195866],[77.91258749293591,20.566967537837048],[77.92348886331906,20.56444011039454],[77.92477423481132,20.558771766408128],[77.93277207592303,20.575625056093656],[77.94613605279173,20.579939205637636],[77.95144210652761,20.575528540802875],[77.97309566676961,20.587469495871716],[77.97717174991344,20.60431304751283],[77.98506685340104,20.613154131948065],[77.99024528707777,20.612892906532572],[77.99527656143957,20.624584705812193],[78.02034921745077,20.62605231873893],[78.0187298828786,20.629526713258837],[78.02596312742779,20.63258385263185],[78.018758231014,20.640284809483703],[78.02702821404608,20.65823504345408],[78.03648112379712,20.659179227442813],[78.0366452846271,20.66562177558159],[78.06765580017473,20.671902578537832],[78.07851428498621,20.663656664574614],[78.08356493600871,20.671992650995094],[78.08918231168607,20.671199020944215],[78.09903141710495,20.665690945668974],[78.09352394850598,20.640969952845357],[78.11075953129861,20.639454603235876],[78.1126511506233,20.647182271690834],[78.12942640971488,20.646767333806558],[78.13192373788281,20.65337475117947],[78.12544773359228,20.658383422336676],[78.12802434886385,20.662461556161205],[78.15691780927295,20.65868140855491],[78.15772966440593,20.66609480774299],[78.1708574948477,20.669917494693973],[78.17940234439044,20.66743372729623],[78.18226379747229,20.677352942648522],[78.20569088810495,20.673952981147497],[78.21194390449088,20.691355837948134],[78.22981307174832,20.69175811067805],[78.25504760956359,20.683086026090397],[78.25890145848928,20.697643076094025],[78.2771293535824,20.695799340887042],[78.29294675525621,20.709419180064906],[78.29510263019138,20.706204848009182],[78.29071165699777,20.703036039485063],[78.29724862904834,20.698895719709697],[78.29878811776484,20.714247814658734],[78.3120525675883,20.737305178283485],[78.30553811989513,20.743030469805802],[78.30664307194913,20.764150665543728],[78.29295720176465,20.774687941380144],[78.29591314054638,20.792641795000815],[78.2928716129793,20.79978740650434],[78.29653459146667,20.812132337369434],[78.30874477577774,20.811663299182733],[78.31739775373457,20.81814291300346],[78.31331637412384,20.83192753942743],[78.30481707365762,20.834516495462925],[78.2984075455964,20.82693317467601],[78.29208818772845,20.82702045127799],[78.29263109265524,20.84027604785269],[78.27909604062383,20.84287478522892],[78.27607665293525,20.861175321613633],[78.26083450811487,20.872241926383843],[78.2572799922149,20.885998274102466],[78.22234958270361,20.89990429879492],[78.2130184620472,20.9087264457298],[78.20553636440138,20.899304581690163],[78.18176107149318,20.904147385407196],[78.17386554939067,20.914850424476548],[78.17680108563569,20.923455090794423],[78.1680860628388,20.93134223493794],[78.16847673476597,20.941839612015425],[78.1429334190381,20.952356670674174],[78.14960735362678,20.96533706071782],[78.14771523843203,20.987331922979855],[78.1344859369907,21.00440330195827],[78.1453378641006,21.02437712825553],[78.13602783588709,21.03767206526873],[78.14313068458291,21.039125998049066],[78.15017520926058,21.048040734861686],[78.1454125536266,21.05872252346476],[78.15096635463298,21.076200266367483],[78.14526303892903,21.102205618836848],[78.1322295217106,21.10456844483353],[78.12790207557725,21.11495334562864],[78.14440937979599,21.13889493082042],[78.09207641044368,21.178346568941837],[78.09843496629905,21.18787386128046],[78.09656607075777,21.199226497959433],[78.0708736921849,21.221007097139296],[78.0716473877829,21.236988413667635],[78.05806464059978,21.239584960347543],[78.05271333782473,21.255856088412603],[78.06092375716358,21.277621200578583],[78.07442714807283,21.275492749759533],[78.08076437882167,21.282203620773775],[78.07890804981288,21.290802868206356],[78.06609566008817,21.301381235217196],[78.07941200558558,21.33093878096078],[78.07281395079066,21.351693940400082],[78.07527857489238,21.35627087358726],[78.10325210924658,21.356291219629448],[78.12541726363615,21.346318564480498],[78.14757532941978,21.342915597801888],[78.15687684250273,21.331144144091777],[78.21384461296962,21.33274794677077],[78.23280216016067,21.32712698265535],[78.24756830477997,21.329361648606817],[78.2509727849595,21.338712125810343],[78.26906648791885,21.34573693185512],[78.27275795917039,21.351643638019425],[78.28745650556455,21.35041357658393],[78.30702760658629,21.356949037217813],[78.31885649378846,21.36808934742669],[78.3376138810629,21.374408560173507],[78.34508432755949,21.38569822186013],[78.34720853508429,21.380126910306778],[78.3628937586472,21.38314070411316],[78.36507787212334,21.393765651843278],[78.37403311161371,21.39529113443362],[78.38258283900842,21.38697058180885],[78.38918096207532,21.39121204242369],[78.40943129455472,21.380921022425795],[78.40695661022012,21.387539757350954],[78.41962059107338,21.390569037307145],[78.42142338138952,21.394204861451428],[78.41578530044316,21.39378175956733],[78.42127674130086,21.3995873794703],[78.44761022862737,21.40303519063004],[78.44915133970126,21.409057183134472],[78.4415176145203,21.41642234537197],[78.43835741680924,21.470740710317283],[78.42800349054006,21.476985769473526],[78.4331264074339,21.491502716506947],[78.43019001958601,21.49680909223391],[78.43613450779092,21.49965645079836],[78.43231138034967,21.514459604388243],[78.43868356724116,21.51766373533524],[78.43025323133759,21.526045984413116],[78.4345010876351,21.534752262912125],[78.42449369457157,21.544259190646013],[78.42581614941707,21.569465064879324],[78.41896013530345,21.570715464746655],[78.42738128233997,21.59907626715544],[78.40693853072673,21.608772509751898],[78.39464883652988,21.60777625972734],[78.39066565266114,21.614572821984872],[78.37265794632225,21.613430889151598],[78.38185072013671,21.591686775170544],[78.37803843266596,21.5833969996756],[78.36329234922357,21.574863289158284],[78.35565007657269,21.572962345277606],[78.34295930436443,21.58861632870646],[78.32680851363415,21.57457278302485],[78.3064624917124,21.569358634626788],[78.30299382690583,21.583728145121956],[78.28116512123458,21.585225298576432],[78.27524612721741,21.59180117429371],[78.26649712654323,21.591718882510317],[78.2602801972789,21.579073731544653],[78.27401926120294,21.568715293794213],[78.23971408990917,21.562472098102692],[78.22340991723405,21.552552857335392],[78.18197846828352,21.55663138181001],[78.17429645057122,21.54656269127944],[78.17559970931742,21.527474321787093],[78.17134400443928,21.524959234790302],[78.18273780251509,21.51119138984349],[78.17457481152832,21.507417530481916],[78.1763372917427,21.49913486495538],[78.09877079068823,21.458084236194715],[78.08208365542768,21.444775845502157],[78.04601275650975,21.433384734247383],[78.02979870282392,21.421423570384576],[78.00136390692751,21.414478377526777],[77.98466574664353,21.403149816822193],[77.942500616651,21.396547066819256],[77.94109557878308,21.38570323394911],[77.88314473159515,21.375942979526815],[77.88386833623461,21.38415494281878],[77.85681908656106,21.388498073317415],[77.82247277422388,21.407235122666105],[77.80118102842889,21.4095169957238],[77.79663910862311,21.388952346387057],[77.7640074591778,21.38138043498252],[77.76133358510705,21.38500487732785],[77.75006266308738,21.38280656419733],[77.73705408040632,21.362179080210545],[77.70988958586497,21.357327707819298],[77.7069002629923,21.375440897320352],[77.69740868525987,21.374140159085876],[77.69543771684782,21.3778591121316],[77.69695377121346,21.392594697186933],[77.69182975568003,21.397530388881062],[77.66955857223917,21.368815706620325],[77.66424411566211,21.374506504183714],[77.66635076291975,21.384069550684355],[77.65598618981777,21.38597035161052],[77.65365262542446,21.391193401700445],[77.64310016608755,21.38686814265682],[77.60561648762058,21.390791891186414],[77.6077178797338,21.36464281339176],[77.58735892836016,21.362668332692696],[77.57344807151951,21.370892375826653],[77.5634760100944,21.36906508492703],[77.55644940051842,21.383755738386437],[77.56187630371119,21.395951216578126],[77.54768523628225,21.405428405751863],[77.54830421593721,21.411348911332222],[77.53205747345653,21.41906710716522],[77.52316864551679,21.388875707107147],[77.51442416516512,21.375929985036667],[77.48773873407994,21.37430665429849],[77.48757044818619,21.40634785075905],[77.47167571593947,21.43593739427398],[77.47342952202148,21.454551303822555],[77.45987117577643,21.46642195991239],[77.44172921801496,21.471417692418452],[77.43872623625839,21.478561066581232],[77.44323181292272,21.487157793513056],[77.42236507176673,21.516941534960417],[77.42561451889787,21.537783525514637],[77.4402977337451,21.544688855979217],[77.44972121738238,21.54136895554422],[77.45636184333863,21.546207052226308],[77.45461279922593,21.553739536679046],[77.47435633366305,21.549382994855655],[77.5029673017631,21.552295453585938],[77.52039799324555,21.541435220438782],[77.57511625288359,21.526410497388255],[77.59504023281012,21.526623135036075],[77.61177491320367,21.538540759525908],[77.6086075065125,21.54815897340838],[77.59535536091347,21.55939670309106],[77.5769749893773,21.55490435234038],[77.57259303616745,21.616940490600093],[77.57556451400697,21.62076549434406],[77.56342763312142,21.64422766336344],[77.56183673651617,21.665727724426034],[77.55059162129801,21.68243994063528],[77.54380608271336,21.70383652711769],[77.53307371867281,21.7118460756711],[77.52606222235319,21.71152132814965],[77.5254927937693,21.724354505809984],[77.5118243482064,21.732320234055795],[77.50259553218612,21.74582532617648],[77.47949423265922,21.7541240111164],[77.47797786837478,21.762808531324616],[77.48338944002059,21.76592536506436],[77.47911897672064,21.769965028182533]]]},"properties":{"district_name":"Amravati","state_name":"MAHARASHTRA","district_lgd":468,"state_lgd":27,"dtcode11":"503"}},{"type":"Feature","id":489,"geometry":{"type":"Polygon","coordinates":[[[74.86310430826694,21.63410123938479],[74.85660923094626,21.62648821258888],[74.83121345272401,21.618141540306656],[74.82894144538552,21.60974159799878],[74.81946716830714,21.608546105155327],[74.80205464255636,21.615245900667713],[74.797961847155,21.6097656326972],[74.78295954173572,21.610634039467737],[74.77523491064127,21.61529893900882],[74.7584574488806,21.57661394397294],[74.7597775618182,21.53745709566339],[74.7535963145353,21.529486727710097],[74.76103397072738,21.517145215122685],[74.75312754936552,21.478853435822256],[74.7317747360975,21.47896283474709],[74.73276946127285,21.471571155145615],[74.72545478983302,21.4769499184889],[74.69958923763296,21.468819107373935],[74.70460219265121,21.452167292321022],[74.69187958145432,21.434322460394785],[74.69792282505168,21.42318410835927],[74.6859570067524,21.403793028398756],[74.66633646245748,21.407739127208327],[74.63351762117492,21.401447944889387],[74.6177194048206,21.412473834125286],[74.59719865159293,21.416235349652816],[74.57028465316687,21.40193810570886],[74.53454101679516,21.42624725788348],[74.51571929936662,21.42929257777973],[74.49573598571556,21.42568452573047],[74.50174088023344,21.415550031987934],[74.49315041513893,21.391655957087984],[74.50278445489563,21.394149146176982],[74.50837015417945,21.38928351293208],[74.49153667617264,21.371388816077086],[74.49015065653762,21.349868572808376],[74.47623823303509,21.349423543329898],[74.48182718422025,21.308748600192978],[74.47347830664836,21.305766148538492],[74.47418780504289,21.296435600307902],[74.4919780463195,21.298395677024967],[74.50065879928658,21.283860660689545],[74.50060979618785,21.27325940743474],[74.48705462009741,21.255500817273962],[74.49123128401033,21.255452894777477],[74.48980917006719,21.242446568606518],[74.43503918992668,21.236767334136676],[74.43268094252427,21.24498884054696],[74.441458451234,21.24679461583963],[74.43791789874682,21.254514004690083],[74.43154003540103,21.255699395623004],[74.43133250570578,21.261324246051306],[74.40968816397526,21.257231388212112],[74.41198532414171,21.266194330573892],[74.39709353665518,21.263790692269723],[74.38795596790824,21.255838719785025],[74.3558404401195,21.25204865643362],[74.3567337005835,21.2315565082821],[74.33775164106328,21.228367539255714],[74.33797942597155,21.231483497931283],[74.31734224030328,21.233082260849184],[74.3170165138762,21.24803466919083],[74.29943607503249,21.23859038572448],[74.28457700329032,21.239972282122153],[74.27198845217487,21.248978851758324],[74.24612046823529,21.248137628063166],[74.23157082119273,21.23944032072734],[74.21948080092398,21.240327928131247],[74.21227825360467,21.221856335437735],[74.18976409833733,21.216830692879093],[74.18637474399054,21.220060926645267],[74.17887178297224,21.209265359173777],[74.16319212357422,21.214435808045152],[74.15954258029024,21.21888949856557],[74.16481318560672,21.224953548753433],[74.1577245428688,21.230911695168206],[74.15631687563206,21.224756509118503],[74.14312855353735,21.218945927668596],[74.14886365433102,21.21142608244446],[74.14562672073178,21.207854145691545],[74.1197455189811,21.21351368533983],[74.05725717349527,21.16911928190229],[74.08420358223846,21.14001724398055],[74.06874723413861,21.12561507214877],[74.04827060525936,21.127173919688175],[74.04996015574741,21.136500541499533],[74.03589428562132,21.14511934861946],[74.01894175209327,21.142038315254265],[74.0157773628431,21.131287872907897],[74.00949871752216,21.127517042778802],[74.01558702510576,21.102334681334074],[74.00880762740441,21.100356449067217],[74.00045048802684,21.120840227173343],[73.97416519531531,21.112216689133472],[73.97437855687338,21.105412590737537],[73.94826463487028,21.08315914902225],[73.955959324218,21.06845555270931],[73.94602303550415,21.06084731041579],[73.95348118136957,21.051926720803316],[73.95528199808705,21.039404032760906],[73.9483034438872,21.032552811991277],[73.93196051968732,21.038767422266698],[73.90990415307533,21.037875711589756],[73.90755649411516,21.042403246377482],[73.90732524530314,21.036156915926792],[73.88285227403294,21.029990417809227],[73.85450840920282,21.03274708707421],[73.85614789478348,21.016866158515093],[73.85043612772931,20.99812322680071],[73.86885718935461,20.985106985815474],[73.89222239235245,20.97931436468464],[73.90113548199136,20.982149278752022],[73.90821122582011,20.967039232786274],[73.90781759214745,20.959583681922016],[73.892149450948,20.955554585469862],[73.8880429715099,20.93343690993198],[73.91738216338659,20.907626150128134],[73.92557117407561,20.888347439193485],[73.92248538292125,20.86224606332996],[73.92919463208035,20.842199119658044],[73.9451347202658,20.838259618176806],[73.96112216044646,20.841571145970644],[73.96642127829001,20.852162346683258],[73.98826574130969,20.84602831956279],[74.00135789695658,20.834334840520683],[74.02004474222666,20.833844993630166],[74.01713450254007,20.845807260870075],[74.02616456810031,20.85157284265189],[74.03657500109587,20.836321899348853],[74.0451770149317,20.834826291922834],[74.0620195793976,20.848689108082482],[74.07720051211622,20.848808926056478],[74.09644777227462,20.84114649604524],[74.10258885857611,20.844227610013924],[74.10340791729935,20.855304037158998],[74.12853859279977,20.864268198464494],[74.1464998400688,20.84998443852856],[74.15820425041704,20.851154333229037],[74.15762057455275,20.862016429429097],[74.19196583047115,20.85433053335679],[74.20082911930733,20.859275053111734],[74.223913992241,20.856471528262873],[74.23397464462107,20.84811769174059],[74.2430581563475,20.84953452600669],[74.24953208103815,20.860736345080294],[74.26435581754865,20.851337255635666],[74.29061710907243,20.85654721671803],[74.31486336083628,20.84217657819481],[74.32557322926549,20.84826105728452],[74.33166798585452,20.835567067353747],[74.33801638805222,20.83674459159041],[74.33861376951279,20.850078888632275],[74.3486410611582,20.848990064029884],[74.34896445915204,20.858292749110003],[74.3574425315298,20.856751192734595],[74.3574121505069,20.851776462759588],[74.35151184144762,20.85018371055711],[74.3589680801897,20.843963213335115],[74.38040077883929,20.83985874869706],[74.38551060548282,20.84275071450807],[74.38250821661438,20.848873757811027],[74.38824291406449,20.851268127632327],[74.38734999765522,20.856994535348264],[74.39303530752765,20.8538973509956],[74.39697603701602,20.859874463337885],[74.39556605841408,20.848432301591604],[74.40299284229629,20.837187862804587],[74.38982829142061,20.83951282173534],[74.38727451401853,20.83556785570996],[74.40090111605554,20.82839225014908],[74.41175747096146,20.8131701248396],[74.438248215565,20.80046977888255],[74.43905721495366,20.810195912309144],[74.44836394635009,20.816515894639245],[74.45623130087857,20.81164389867786],[74.47449566487731,20.820632699464042],[74.47860357173833,20.833776634203044],[74.48513966793152,20.829334544878687],[74.48233546268612,20.82411511525455],[74.48623208758897,20.81895505786352],[74.49150790313409,20.815002385794195],[74.5053972399338,20.818819471602662],[74.51164730355735,20.8083800691069],[74.52609062240963,20.815811743887483],[74.53775488794612,20.836407206766047],[74.54227359528491,20.829676772428076],[74.56418727170059,20.82346573095486],[74.57269838141953,20.831413911626615],[74.5782170385354,20.815597827665908],[74.61902614813182,20.804475952486833],[74.6320117438231,20.79140602168873],[74.63347974999915,20.782650552913797],[74.66491771090844,20.775029038134093],[74.66284702770321,20.762559330105237],[74.653131273595,20.75708508921543],[74.66070905978488,20.73924531214101],[74.65309207111599,20.72667885574857],[74.65865334880048,20.719864589960444],[74.64976113690707,20.69388696304573],[74.67360379897,20.694137033076046],[74.70936759712997,20.68595740084984],[74.72426713438243,20.675443594982553],[74.73218639985622,20.677118468090452],[74.7303338994672,20.672566602787608],[74.73636465468552,20.665657644514116],[74.74480440403491,20.67038953430886],[74.7487992776804,20.6651974910651],[74.76136438186866,20.66801103983063],[74.76121017616867,20.66342697163584],[74.76976768926195,20.662483754597243],[74.77077906021952,20.66766790414218],[74.772425007382,20.662587143286927],[74.77979268750842,20.66671069208158],[74.78845048043519,20.660679217095414],[74.80196206038657,20.659973064867472],[74.80006939901611,20.63814739092881],[74.80988833541451,20.63795950280998],[74.82253691555054,20.627368900589083],[74.83078402657716,20.633535023161294],[74.84018945048395,20.63118774071863],[74.84050307660416,20.636775776012172],[74.85443423087867,20.63475106167383],[74.87329100865442,20.642790563669173],[74.89095449405119,20.642653742672934],[74.89987057957158,20.65584405780535],[74.93269804827413,20.656276535377877],[74.94253087532174,20.682106518164982],[74.95566614740736,20.691164825572667],[74.94984028622726,20.70570997815757],[74.9562176294485,20.71491492797713],[74.94831945192597,20.721652716800364],[74.96178809600002,20.720897796175066],[74.97917884389337,20.729735241359577],[74.98169833709262,20.73560017946309],[74.98608949174593,20.733372302092807],[74.98974928570563,20.739527109466444],[74.98823946564805,20.766824976992726],[74.95925554848307,20.801770533203435],[74.96742617784471,20.819041461640683],[74.98305374214279,20.821520887107432],[74.98317107739025,20.831122561600818],[74.97841364725626,20.84293106054308],[74.9697875100618,20.846589560601807],[74.9641197344054,20.857187812815603],[74.96859612121287,20.87805529165556],[74.95890132929179,20.891166478919633],[74.96131951139164,20.901119187306676],[74.95364400017691,20.900743392169804],[74.9479743003292,20.913996546478575],[74.93370985401627,20.917393651882346],[74.93385276070663,20.926385442832853],[74.91296696718177,20.927493020526263],[74.9113363066505,20.96283305298753],[74.92872669611603,20.962020281889156],[74.9311428767694,20.968775877120937],[74.92761711684003,20.978929441171605],[74.91552669232938,20.99058899481285],[74.91830536296284,21.013193092478375],[74.91080000254442,21.030157813727893],[74.892775498608,21.038638772435412],[74.8895697401424,21.051335749718707],[74.86306446349252,21.053145625523157],[74.85833388310404,21.06029142618923],[74.85451937859119,21.051011230802004],[74.8392087183658,21.054593258819423],[74.84561103115864,21.07039886810676],[74.86850908954747,21.07711757452821],[74.87333797527243,21.08970156682858],[74.86919422832646,21.102063949907272],[74.88577791719213,21.11463407993459],[74.88479710602223,21.126981889631836],[74.89458432560286,21.149206700097842],[74.91222849632267,21.16366736245099],[74.93192706738492,21.164004628262152],[74.93637466049256,21.172371350022043],[74.94850052354117,21.177752196072785],[74.96368710576456,21.194113054037988],[74.96203948054914,21.198834154614957],[74.95067052897576,21.20008010275609],[74.95977682377445,21.210823173247295],[74.94696082102563,21.218164341847388],[74.94392913629916,21.225712313644465],[74.97176490951297,21.22107284738286],[74.98596678277644,21.199113783787688],[75.0058874703775,21.18634712381743],[75.01788224586994,21.192532420199328],[75.03659757492106,21.191117598567956],[75.04161358780455,21.20841555013241],[75.05576510959803,21.21231582810649],[75.0577522656515,21.22008941187659],[75.08839328885144,21.228036874718587],[75.08908096986265,21.233315934350525],[75.09776702827983,21.232160230394577],[75.10532826570558,21.237500779183573],[75.11460077757789,21.260200930339916],[75.12967659662843,21.27115120616065],[75.12875129056329,21.28417895399424],[75.13948667384149,21.290883087565255],[75.14293794456921,21.329014640094126],[75.12089379774001,21.3424971930926],[75.1291324080091,21.349853172257134],[75.14299791160599,21.34510588421499],[75.1483208222282,21.34807192657381],[75.14764427134334,21.35297058750665],[75.1349517051994,21.36131070077946],[75.13875782663402,21.38169152208291],[75.1510409262984,21.387763707414596],[75.15940038153279,21.402594305539953],[75.17406510994975,21.40137778569104],[75.18458225741115,21.409952734933828],[75.20636759152217,21.413314190577033],[75.1800332148635,21.430500151073453],[75.13387270816895,21.445342876961472],[75.10769820737633,21.462239986523063],[75.08867054038913,21.500728340956837],[75.08989173623749,21.515345109377304],[75.05165974407088,21.5664957176398],[75.02003897150972,21.568598482142814],[75.02136454081433,21.573607271195968],[74.9793096610566,21.595185699095943],[74.91042645160823,21.614522958612373],[74.90177538077475,21.62918697379833],[74.87189931256513,21.6317716570486],[74.86547127022592,21.628506499531277],[74.86310430826694,21.63410123938479]]]},"properties":{"district_name":"Dhule","state_name":"MAHARASHTRA","district_lgd":474,"state_lgd":27,"dtcode11":"498"}},{"type":"Feature","id":492,"geometry":{"type":"Polygon","coordinates":[[[79.2317789503664,21.722208108865694],[79.23727853355383,21.713231953803632],[79.22075282644819,21.692695100135293],[79.22170944149593,21.67686449414015],[79.23107577072155,21.67017102410548],[79.23119773049612,21.656797534850313],[79.22399921212086,21.655250998444266],[79.22390582416224,21.64862521354716],[79.15501507156043,21.66002256592267],[79.15953422626022,21.651835463586867],[79.15389051557199,21.646378671442616],[79.16265726426123,21.645433270638726],[79.1683544543533,21.637164418419406],[79.15145415965563,21.640257310261607],[79.1421893813796,21.629876340754052],[79.1381663724994,21.634433562239447],[79.13015921855316,21.6257395218318],[79.11203341878871,21.623830401636905],[79.10023813576466,21.617395887954324],[79.10691115766502,21.604816800876343],[79.09329037671107,21.601519977641882],[79.09363880805695,21.597998600129603],[79.08932703662698,21.597498024183444],[79.08827936564708,21.603763834530028],[79.07648044264953,21.60539029048929],[79.01227300467916,21.59940367079916],[79.0028307085232,21.60630906079913],[78.99841820361056,21.619018857644775],[78.97531615938024,21.61762273718323],[78.96491396573252,21.60486927092692],[78.94328050978659,21.591934639405526],[78.91654533898412,21.590895219535213],[78.9137486571292,21.57093598714125],[78.93164963822248,21.561731810001945],[78.91757500682742,21.560990571548352],[78.90657936005182,21.553228781778024],[78.92963387262381,21.540289099627994],[78.92722531687056,21.522170817642788],[78.93416920328693,21.523153197286508],[78.94418621012065,21.51580552608135],[78.93671033779975,21.48571502628249],[78.92307879592698,21.48743943033835],[78.89927491682985,21.50045437831151],[78.89087039132103,21.48518319925119],[78.86807801703041,21.49398821344423],[78.85591343120318,21.494522856005457],[78.84109994267345,21.486897382572238],[78.80027380281588,21.490146911460617],[78.78021779300045,21.47873811424818],[78.77619358576766,21.46444200570409],[78.76689050692119,21.48902643021183],[78.75086344384997,21.492975469274004],[78.74466901738352,21.47962788759265],[78.74571779598614,21.47022297420044],[78.73365980604716,21.46954027594574],[78.72816716953182,21.462183494622888],[78.69988030909471,21.473563762531757],[78.70179334425578,21.476145957820222],[78.68851712380715,21.477766035080965],[78.68838417494175,21.48192060625209],[78.66696426021694,21.47698602610724],[78.64329816651468,21.48541297280065],[78.62835808200524,21.47549618108921],[78.60868844567834,21.488889359781822],[78.58543024909885,21.486719279074872],[78.5679916165093,21.50567298031986],[78.57015657251368,21.514251141778747],[78.56002769578272,21.51327196214412],[78.54084813895231,21.523541348682752],[78.51184098147262,21.528513709168855],[78.5049179180045,21.526616274306328],[78.50079758744306,21.516906784424133],[78.49488217950051,21.5169759102543],[78.48702461121873,21.505472287029328],[78.47593046237562,21.505727930055723],[78.4754151977118,21.50077797684865],[78.46088074926553,21.503289013338637],[78.45706778177014,21.495946133756586],[78.43956875095243,21.50229099878116],[78.43019001958601,21.49680909223391],[78.4331264074339,21.491502716506947],[78.42800349054006,21.476985769473526],[78.43835741680924,21.470740710317283],[78.4415176145203,21.41642234537197],[78.44915133970126,21.409057183134472],[78.44761022862737,21.40303519063004],[78.42127674130086,21.3995873794703],[78.41578530044316,21.39378175956733],[78.42142338138952,21.394204861451428],[78.41962059107338,21.390569037307145],[78.40695661022012,21.387539757350954],[78.40943129455472,21.380921022425795],[78.38918096207532,21.39121204242369],[78.38258283900842,21.38697058180885],[78.37403311161371,21.39529113443362],[78.36507787212334,21.393765651843278],[78.3628937586472,21.38314070411316],[78.34720853508429,21.380126910306778],[78.34508432755949,21.38569822186013],[78.3376138810629,21.374408560173507],[78.31885649378846,21.36808934742669],[78.30702760658629,21.356949037217813],[78.28745650556455,21.35041357658393],[78.27275795917039,21.351643638019425],[78.26906648791885,21.34573693185512],[78.2509727849595,21.338712125810343],[78.24935379623871,21.331054236777327],[78.2534503915137,21.32492157439084],[78.25888930428349,21.329108514190015],[78.29519728926613,21.292813076430424],[78.31270442468431,21.294350215970145],[78.30390639665686,21.275122900298737],[78.31079623323924,21.267993097759184],[78.32490003832146,21.271186413609147],[78.32433760042716,21.255256685392037],[78.33069577180356,21.25008205472668],[78.35734859673887,21.251736659082336],[78.37361299380983,21.24207106152134],[78.41184533542108,21.239201083874992],[78.4169049606133,21.22836863117287],[78.43015694990545,21.226155156158992],[78.44537245249109,21.236526619275043],[78.47155234407373,21.21587997599485],[78.4772907255148,21.22008398799286],[78.49181534549356,21.199532216082368],[78.51992343849419,21.17419203622867],[78.51891531314973,21.161839355598723],[78.52821279279705,21.150448512061566],[78.53052743597556,21.138920608080923],[78.54516203310126,21.132899254157014],[78.55512455980795,21.116392655670893],[78.58412159417271,21.116627406057578],[78.59919429786585,21.108551867883993],[78.59729750065188,21.088771249466742],[78.60996053737574,21.0886415759049],[78.60707540290642,21.07078374075245],[78.61401316191424,21.06445005801781],[78.62452393942196,21.067340418055544],[78.62956317195889,21.05857401514758],[78.6427442644122,21.058579651172966],[78.64925281556381,21.05275748881142],[78.65153469898054,21.03414461877362],[78.67589843331557,21.03643576947161],[78.69109222721409,21.018882074985047],[78.710590719208,21.014285571112065],[78.71565013419442,21.004963344627498],[78.72623018259031,21.004642775277404],[78.72884527809539,20.992550042673006],[78.7250806417589,20.990545834340747],[78.72377651074854,20.969244116824093],[78.73164998549906,20.95973357900098],[78.73310190823828,20.946451179352973],[78.74791901697859,20.944569732219648],[78.73933428583051,20.939694133024314],[78.7526218232551,20.922021735799834],[78.78259884233971,20.910671261692393],[78.77533936339094,20.90992867715274],[78.77288252678443,20.90389120658559],[78.78561526828278,20.88991839909757],[78.81698366455477,20.88023577104995],[78.82441812364279,20.893215767233553],[78.8394487475531,20.892201276509255],[78.8505824860491,20.88543796660817],[78.84699640873995,20.87844607444372],[78.85971674091098,20.873832351560537],[78.85825098142142,20.852684510810775],[78.86780088137537,20.83302130416722],[78.87773548754468,20.829695198351175],[78.8833422738815,20.843336567584295],[78.91269696978168,20.83591272968374],[78.91267355878706,20.819322036160226],[78.91703998371891,20.81916752426213],[78.9126300443947,20.808162128463813],[78.92493238058258,20.79783713700948],[78.94554157294996,20.793404061809884],[78.94198112188094,20.767723377710624],[78.95377926064926,20.767621293784924],[78.95865336487068,20.75952128696447],[78.97544634951946,20.754923848602363],[78.99651928637248,20.75680959106498],[78.99671784189806,20.74405203571006],[79.01203549550794,20.747713871795455],[79.01571920531543,20.73941759509587],[79.03475335544404,20.738286182790624],[79.0362756575925,20.741809673579205],[79.05059919418647,20.737668366198555],[79.05197169327816,20.729042776720867],[79.07230093556873,20.726333769139366],[79.07311467536715,20.719500685481226],[79.09039534640053,20.711093515049388],[79.10284126571015,20.715709186371562],[79.10909969893719,20.702237652607483],[79.10464736811473,20.687728181122967],[79.14261642968589,20.678691587286394],[79.14754856417633,20.65333826151965],[79.16948883072439,20.64563373812117],[79.16857187809309,20.626945032256774],[79.17854794600434,20.61948345441491],[79.18406057183138,20.621378640340353],[79.18876947227876,20.598961979139094],[79.19233006887488,20.602634724685732],[79.20807381947517,20.60008084378995],[79.21956058599638,20.59054314074289],[79.2206998833386,20.583112970016106],[79.25004260649268,20.59076111940867],[79.26348468289223,20.58681852010544],[79.29319395730977,20.59276100101683],[79.32016969784362,20.583605826244213],[79.3304494133889,20.594132170615126],[79.33295198412485,20.615870441089292],[79.34711901263674,20.635205944574217],[79.3471033801542,20.642174846359985],[79.3412374828585,20.644167678409364],[79.35382141034522,20.653001602175838],[79.35579938561649,20.66288377893602],[79.3492680082735,20.665958593559857],[79.34867845652896,20.67603458995393],[79.36926366118333,20.67562803038637],[79.37180464388082,20.681268957220233],[79.37957449437006,20.68286106048068],[79.38998809482526,20.676004725172803],[79.38822826194603,20.66431191285068],[79.39839086682267,20.65890479108511],[79.42094625206657,20.6597202210679],[79.42783361918023,20.66435668993476],[79.43612913412932,20.661032217170675],[79.46977836099254,20.67980553488802],[79.47340891838299,20.691078763828116],[79.4808611398591,20.692646010388],[79.48955613830998,20.709536383603375],[79.50508075837145,20.70225535628428],[79.50657644253971,20.709975550504982],[79.51683238686594,20.70961719410599],[79.53231213428232,20.747128884693673],[79.53461607672917,20.766257853266527],[79.53026505610781,20.77534949008527],[79.54434683360094,20.78588343822981],[79.54385770362369,20.792822355540398],[79.55739061047821,20.807434037545363],[79.53735925492578,20.851444511179828],[79.54826646884983,20.850430206836098],[79.55517625431972,20.856609475572924],[79.56365791636534,20.851365237248174],[79.56305447846312,20.84671160662265],[79.57868787282737,20.843955728985822],[79.59646260738556,20.86634460036549],[79.61061175133848,20.866625822859483],[79.6065234340388,20.87537414152728],[79.61046135629192,20.903760965329827],[79.63226901623271,20.913467840455905],[79.64466351777209,20.925581752221667],[79.65485285381662,20.964584693614402],[79.65139711936024,20.97639311720889],[79.63607042241041,20.99020562763248],[79.61599612559071,21.02578811175483],[79.59778459780208,21.072190227430696],[79.58837307972438,21.07719266772181],[79.57882182421265,21.066281304620833],[79.57199724035422,21.066098732058705],[79.5500099290347,21.088313762305443],[79.52884353415446,21.07748748695316],[79.51787836541982,21.090910714470894],[79.53218309398669,21.096561430338003],[79.5279675114624,21.099334541575512],[79.53157650569278,21.104078424107023],[79.52583760682208,21.113491738094986],[79.52741256372093,21.119248425788477],[79.5134863798249,21.12295974250005],[79.50976264288498,21.132755224002942],[79.49357403667452,21.138775533930477],[79.49366152809164,21.142792541581027],[79.50492329268526,21.14609266432458],[79.50862093266788,21.161203305007007],[79.4991035400491,21.16809999122448],[79.49805574061014,21.183196667674096],[79.50750409230943,21.182238032370808],[79.51369668621267,21.17590594399692],[79.52156617334164,21.180615980548488],[79.5274501141981,21.177821557399525],[79.53031702185037,21.175009566766487],[79.52475090044983,21.164102923487874],[79.53228743510357,21.158475403297736],[79.55728434157673,21.155871374408907],[79.55951614571302,21.16555221759098],[79.55069452702789,21.171232208420047],[79.56159163759996,21.190406298837164],[79.54951003634203,21.206663375381634],[79.56313016062751,21.226971277080747],[79.55986476390846,21.241257886012953],[79.56874434369234,21.24863252171543],[79.56628451030605,21.259328834276378],[79.57561536236616,21.276629852769663],[79.5665571975038,21.297244678731925],[79.55404344461047,21.3032516580787],[79.55489545623327,21.328655596059544],[79.54438336359196,21.331876152174704],[79.53370867498592,21.348403259209906],[79.52573963476057,21.3509504367757],[79.5230876993457,21.364195389298104],[79.51738288255687,21.366605289428318],[79.49977514750496,21.398206453568367],[79.4845105448025,21.399206583362055],[79.48753798948088,21.407670460547244],[79.47634023254618,21.42799513751586],[79.45768913124122,21.428158134539686],[79.4485648890015,21.4354965608287],[79.46070669175651,21.455043318021442],[79.46089061552271,21.470586748472837],[79.48012078074127,21.500940661798317],[79.4926079309258,21.50853115391446],[79.5137774438584,21.534171329190833],[79.5264224073771,21.53965956816356],[79.53761348174443,21.536662311774066],[79.53757338184847,21.548986306618225],[79.54393909458169,21.559520299455933],[79.54008042080464,21.5706361141287],[79.51204076415729,21.583972218910848],[79.51066701101746,21.605628647560582],[79.50367216676828,21.614772456529867],[79.5069886147449,21.621118103474103],[79.51618510668628,21.620438050528982],[79.51702569173867,21.625316785100413],[79.50416724179608,21.640772995240813],[79.50669431767467,21.64554924374197],[79.49629828107987,21.673786456693566],[79.46071492840933,21.687331411098594],[79.44946843068394,21.681836357541005],[79.43522566521042,21.682606625401434],[79.4222125424439,21.691822262215453],[79.39245054141075,21.67390017223406],[79.35233343282376,21.67784469892475],[79.35423785853114,21.684623598380828],[79.32224737173838,21.685231248338038],[79.29060185777767,21.692542231264124],[79.26808366637975,21.71540997365515],[79.2317789503664,21.722208108865694]]]},"properties":{"district_name":"Nagpur","state_name":"MAHARASHTRA","district_lgd":484,"state_lgd":27,"dtcode11":"505"}},{"type":"Feature","id":697,"geometry":{"type":"Polygon","coordinates":[[[75.70374017834813,20.658893420948537],[75.66602197401501,20.668040490976523],[75.65727806409356,20.662054761892374],[75.65428663018,20.65024871641086],[75.66187469758832,20.64199890709595],[75.65810574394855,20.64072506615227],[75.6605685947759,20.626448247878173],[75.65000226724767,20.62426032072673],[75.64613824849467,20.616893602204613],[75.6050847531235,20.62165305781373],[75.61199721018306,20.603556909603746],[75.59222488204615,20.599502520035838],[75.55694674726475,20.608643266880055],[75.55250279053735,20.598105781953976],[75.53550749450683,20.606623582479553],[75.53266744917651,20.59147466578194],[75.52044974057662,20.589409721838255],[75.52737246268494,20.555872764470724],[75.5151749931284,20.556327527809295],[75.5147173113726,20.550689043872108],[75.50474171238194,20.550198344927644],[75.5054587350653,20.540913163197178],[75.49422429542597,20.53800320130737],[75.49218389892053,20.52450673208911],[75.48009219341229,20.542635111835533],[75.46455461784782,20.542944644326557],[75.46288930121116,20.550268558308485],[75.45712788157628,20.551340250241157],[75.46076246431753,20.518283160869377],[75.4561481582662,20.51411879207882],[75.44645727491493,20.537313193975116],[75.42375817180195,20.529428007675833],[75.42903036713646,20.5124493817153],[75.41794003343838,20.51340560882403],[75.40732437851956,20.521751990706537],[75.39690820978092,20.520841488060288],[75.38897667960856,20.5774778609837],[75.36583618748408,20.57483370644928],[75.35823090565998,20.59596371985875],[75.35521762561703,20.588379811819706],[75.31921517293384,20.591623530210867],[75.31489534631073,20.588275049917637],[75.31617222153706,20.57510682929844],[75.29270989538563,20.573354902497655],[75.2908679205568,20.566076377227702],[75.26471142290082,20.566785588142906],[75.25787661172285,20.57638646431979],[75.24924080775763,20.560266560357604],[75.25053843406701,20.549894430041967],[75.2401634324229,20.55086239602569],[75.2440305180243,20.535916590178807],[75.2343267267807,20.535249836057293],[75.23721698613878,20.520766714715137],[75.22536701098527,20.516543612510564],[75.22264749890482,20.50048717095918],[75.22675210715218,20.49400242767253],[75.20499207858272,20.498860971096235],[75.20800272746023,20.493149607404643],[75.19721229362476,20.492079599871097],[75.19831564488089,20.475079919256718],[75.18648536439169,20.472457309184005],[75.15965440353555,20.476382556704486],[75.1567685225662,20.458927505478258],[75.16036310063288,20.437499514540935],[75.12442776647447,20.431758919076774],[75.1239920727819,20.423149494722086],[75.11773945794293,20.42312681196375],[75.11372783700558,20.41421784876493],[75.10548438661374,20.41239086500836],[75.1104329602739,20.393895390628394],[75.11605610583031,20.392409627346105],[75.12565951034091,20.35032375298384],[75.10098130726594,20.345752648374816],[75.09378659954409,20.33586864379638],[75.05893268607079,20.335493562893724],[75.05326882617074,20.30820903242456],[75.02625746114768,20.318395303734775],[75.01815899345277,20.32751568644337],[74.99894233889609,20.336856552733796],[74.99357634956446,20.335996882623885],[74.9864209772723,20.33029221393223],[74.98592543961213,20.30371139163193],[74.96752398731115,20.304538571709376],[74.9546500764642,20.29367681759957],[74.94151334461628,20.280086154476635],[74.9471534584501,20.273697427947372],[74.93477929566711,20.270160351189055],[74.9327906115793,20.251290940382948],[74.90554303185736,20.24626636688344],[74.90785297774522,20.219444475620023],[74.92820263065738,20.217437926718503],[74.92775073225536,20.18619488981394],[74.9218677840373,20.17376216530641],[74.92748187906726,20.154393235797478],[74.90665275845704,20.155061853802327],[74.90667119188669,20.167553404953257],[74.8984253932987,20.169225702515302],[74.89585834508489,20.180345521502097],[74.8552959425099,20.17966930019844],[74.85385999001983,20.230305615649446],[74.8300229118847,20.235253360873756],[74.82849241889748,20.246345078750203],[74.8184224563778,20.250117697180045],[74.80679519334616,20.246267660599653],[74.80260678935082,20.238409603182674],[74.78381069726404,20.234107710383675],[74.7835324450031,20.22720410028686],[74.799599191152,20.23151119175672],[74.78401196570177,20.20588525708022],[74.76213394970794,20.204703970076874],[74.75570066210578,20.196439803165113],[74.75993903488883,20.18582396543324],[74.73491412523329,20.189282934037184],[74.7345228155023,20.197588994587967],[74.72984051237383,20.19219905950592],[74.72066370791019,20.193782710943392],[74.72117488883273,20.18738003625017],[74.71128126470498,20.173171111501265],[74.71682559477337,20.161440957120185],[74.71483007630287,20.134497856862158],[74.70872326791603,20.135101543842865],[74.71070005291953,20.128975900128196],[74.70561174362201,20.123824637061592],[74.71001680509421,20.12114654028002],[74.70358928826944,20.114658999008554],[74.73008613962027,20.113807647614365],[74.73597980833297,20.080313019399846],[74.70989191052364,20.07981440108133],[74.7198471968091,20.053612637760633],[74.7061098854982,20.041132759910106],[74.7171035065728,20.018141939868936],[74.6950662031094,20.016991152352396],[74.688243061047,20.007530805307862],[74.68835696832333,19.99498398906476],[74.68195044512676,19.989287309425485],[74.68638626671093,19.969277805288822],[74.67160505105609,19.96179367812901],[74.67189615461551,19.932376006823347],[74.67649022791169,19.93077072650721],[74.67674231494335,19.924615117277316],[74.64977288776932,19.920056180699525],[74.64500317497047,19.86072106820884],[74.66010747061553,19.857696496924518],[74.65724378611851,19.83525689729606],[74.60334509185353,19.84561123745782],[74.60018368051853,19.808394117105415],[74.58903662899002,19.784535294453637],[74.59096341017155,19.777024882626115],[74.61109032670733,19.769708105275438],[74.62345135881586,19.787741172902525],[74.63691994539774,19.792900820441186],[74.652518715996,19.777269967136572],[74.66623257409148,19.777244171943657],[74.67788536814179,19.76711905496169],[74.69007753673984,19.767405413507294],[74.68966897935536,19.757527097926857],[74.69385740850355,19.755451909317564],[74.70577932164332,19.762762111847255],[74.70200993501558,19.77723294006529],[74.70759107085777,19.782070305023268],[74.71760555701879,19.78004402027895],[74.72263431160624,19.755135200641377],[74.73111831555984,19.757974027801506],[74.72786665587812,19.76727019652244],[74.73191323924634,19.769887335942222],[74.75088991246812,19.748838599235487],[74.75835913276434,19.75440853681134],[74.76625323732534,19.75330782632443],[74.76820599059839,19.736299611633722],[74.78499177345354,19.73470722701249],[74.7857383192687,19.716410604787203],[74.80153632362057,19.703364404140643],[74.81413671093826,19.70432111057998],[74.81478505472317,19.69685039036675],[74.80846026653934,19.68811469952155],[74.82267166913137,19.668983356089402],[74.83641899306444,19.66407783577892],[74.84896377286937,19.646735900923247],[74.88358420252224,19.655733765459907],[74.88744198517053,19.639451540677964],[74.91546914804891,19.64837859822428],[74.92775257739497,19.646521838635447],[74.93180751240038,19.637256957257804],[74.9436116447283,19.646271778719896],[74.96159671981022,19.647604587008797],[74.98345498903747,19.638994502619372],[74.9853998074916,19.632755888548015],[74.9991541203176,19.623973777559986],[75.03909635835977,19.625515412414984],[75.03969637817235,19.613040483830186],[75.06013340122904,19.60497555476207],[75.08758985901748,19.611804010709292],[75.09931170836035,19.60369416272401],[75.11344333606354,19.60449531542482],[75.12828024007943,19.594240485204125],[75.1381101529923,19.597291257989106],[75.152878484111,19.58933578542815],[75.16706128614096,19.59828771524947],[75.18642742485248,19.59718030233032],[75.20566344529007,19.57902916207995],[75.20375169471987,19.56252120215926],[75.2183621837583,19.557828665970685],[75.22763084634963,19.540876772076682],[75.25794654377108,19.521554009716358],[75.2675448593256,19.55424540024681],[75.27423775914656,19.554547498121725],[75.28074014156711,19.544909968058025],[75.27367928282263,19.514476739103984],[75.30307412173791,19.510997176701203],[75.30153465368268,19.502575002476632],[75.31192188858431,19.494730529583865],[75.32324691523525,19.49656763577499],[75.32291462032678,19.50504682540451],[75.3287720159666,19.50554740033896],[75.32757669609002,19.482452015015703],[75.33494948852868,19.48046692804649],[75.33863562378744,19.49849338926449],[75.35628788563304,19.50108662630675],[75.35825521856316,19.480127065921348],[75.34440305225327,19.483452118329275],[75.33857937667425,19.465657781962612],[75.32329892858849,19.46393574964863],[75.32718634755634,19.43877900683302],[75.34661212002968,19.4495628643812],[75.35552115736839,19.433172766044798],[75.33590213392118,19.407502552287756],[75.33923968691711,19.40604877572772],[75.36630559944086,19.398104257333003],[75.39167192370158,19.414997852304943],[75.40904685944928,19.41913764955296],[75.42557484108924,19.41567431661691],[75.42983718631395,19.420497104197775],[75.43512094386449,19.419217338258157],[75.4418871740604,19.428497223995702],[75.43980737924325,19.41828760517855],[75.44378966479668,19.413062604278032],[75.46731383815873,19.41410751537757],[75.480143586928,19.44024651944097],[75.48624006019755,19.44321308422842],[75.49893297668443,19.430450429996476],[75.50796343211354,19.4307440172524],[75.50580540122165,19.42388972389587],[75.51839591515603,19.41563438667769],[75.51572386646197,19.40475773644429],[75.53676771856102,19.397142967742397],[75.55044437203071,19.386456605672567],[75.58771019826148,19.37804819147155],[75.59847215370579,19.385820930777598],[75.60646401563096,19.384979620057145],[75.61221971120084,19.424293520600752],[75.60297631462522,19.428118634963216],[75.60443559276995,19.451991569639617],[75.61029344026238,19.455371765308236],[75.61315259814864,19.46728253193337],[75.6273923327064,19.460134216995385],[75.63120328617896,19.46437563122659],[75.64224655893594,19.500642484326626],[75.64280287211666,19.536945013511748],[75.64615100906327,19.53627886321022],[75.6554813679483,19.569835880080763],[75.65040313505331,19.577684346396264],[75.65290058718877,19.585834945257282],[75.64919180899497,19.595080935085534],[75.59823083657606,19.600437485518388],[75.58495164180556,19.63750946196689],[75.60385064219628,19.642487212419372],[75.60518853818323,19.657425394154405],[75.62504693211089,19.655712213499175],[75.63128769278137,19.669084338049135],[75.62574534170156,19.703617590398945],[75.6318450812455,19.734562605963212],[75.62478814813879,19.735738588764868],[75.62355763316768,19.77062669676897],[75.63715960609449,19.77172722432263],[75.63406539053939,19.777461749171835],[75.64573311728468,19.78258992530544],[75.64519528424597,19.792166809445447],[75.64144261616399,19.792510109561004],[75.63364943552854,19.8111162615248],[75.65587587119016,19.81280822465283],[75.65893984765617,19.82369388556022],[75.65536950433922,19.839976812377564],[75.64530163309752,19.843677327084603],[75.65460581777009,19.90745764063627],[75.68129072244251,19.9223515709436],[75.66877205756121,19.9444552878674],[75.65172996649089,19.95773392173276],[75.64265745283849,19.95793414120582],[75.64851740957518,19.97204530343797],[75.63969827113857,19.982985549962752],[75.64584919848402,19.995909645156786],[75.64411592339779,20.006284338376187],[75.6343861043672,20.010890345945125],[75.63112029532145,20.00338466726583],[75.60980872011483,20.000875921479032],[75.59196475509268,20.007044768485336],[75.58818228540119,20.024593343251436],[75.6035144000905,20.050817037091882],[75.59701175805682,20.06038093726327],[75.58950409166306,20.060066875388294],[75.5857779670011,20.09756416874047],[75.62401516131152,20.10063548238403],[75.6372569412505,20.139821979079585],[75.64455542415057,20.185814206095],[75.67308354512352,20.18273090165623],[75.67857181133502,20.19159514485988],[75.67992203130933,20.228815589120465],[75.67336774423165,20.23489079164076],[75.68057883542762,20.258671194168535],[75.68988412323141,20.265832206979578],[75.69405309756546,20.27971627478838],[75.68148163150838,20.306412099682344],[75.70738270758639,20.312922197187913],[75.71598224566527,20.330818346331704],[75.72954285476655,20.32787095903551],[75.74226286354406,20.335229541248676],[75.74246251681092,20.326681063799843],[75.754313755894,20.32556241220938],[75.76086691378936,20.327979483827814],[75.76397040714473,20.335900700143927],[75.7702946671192,20.33618021012112],[75.75737301620478,20.359714058768986],[75.75733823792856,20.36796973870492],[75.7453406947267,20.370310375701568],[75.74846564883423,20.4011034680925],[75.73102016120072,20.408938784506663],[75.74108017308205,20.422311225507325],[75.7547919021703,20.423395788988156],[75.76412405499094,20.45179755484716],[75.77645756271917,20.454769309192613],[75.79394715044658,20.450246061624004],[75.79691644448162,20.461155824232996],[75.8110845527685,20.462834024249336],[75.82148399936811,20.472643759852012],[75.83894977814727,20.457803043019343],[75.85653283019008,20.45884924526583],[75.86478486667941,20.446080421845526],[75.86187390115408,20.439683744715296],[75.87720939620381,20.436758675524654],[75.87963475224952,20.44369994700033],[75.89088798105134,20.445577982477126],[75.8695692211191,20.454972429652077],[75.87076059559502,20.46128609743041],[75.86147155921302,20.465149610955727],[75.85901853685321,20.48111920987355],[75.85358798739874,20.48001961749162],[75.84784781381865,20.486406725424562],[75.84953235889394,20.50179090351508],[75.85784740142067,20.504531793553],[75.86027477059092,20.523707778256334],[75.87098463991843,20.52850726280232],[75.88053007165215,20.52380415717577],[75.88341876255173,20.527964894869985],[75.85969347616046,20.56082921356725],[75.87487090005956,20.55261117255564],[75.881653295439,20.560408016586162],[75.9169783150917,20.554808794736367],[75.92525047564001,20.545722702536324],[75.93275127980333,20.547897299339443],[75.94098751492682,20.535147488222552],[75.95009971435186,20.531798593185414],[75.96028313319361,20.530439626637197],[75.97162745116523,20.53864029734414],[75.97137068570761,20.532438571946518],[75.97794590083645,20.529035136299168],[75.99007082873882,20.53054370809174],[75.99241751482354,20.535667716414316],[76.00094154590955,20.5295365695529],[76.0087101109096,20.538333257075998],[76.00916984621412,20.53281870568167],[76.01770030474597,20.529515339396607],[76.01562985330611,20.551219053016478],[76.03627714052975,20.55587767997455],[76.0365001976047,20.571776241117345],[76.04251518828808,20.579179466002596],[76.03657218679493,20.58759796624982],[76.03947793221016,20.60573532908074],[76.03054407981008,20.623112644626584],[76.03172496645504,20.63717727023912],[76.0225047571935,20.64526117452841],[76.01102873542145,20.643224394814414],[76.00647354839725,20.648361141153927],[76.00637399709748,20.631476686349995],[75.99773946245173,20.62794697394814],[75.9967916158595,20.62293565172118],[75.98820340014645,20.62180381977669],[75.98633559336328,20.616581900792976],[75.95450693357739,20.620503556100005],[75.95320913568976,20.600977914726418],[75.93101350864914,20.59629257654506],[75.93534574370129,20.586921960195546],[75.93223103218463,20.57448745331572],[75.91658296204359,20.57177968177994],[75.90742982100119,20.574977576351486],[75.89675070459911,20.568586221516906],[75.88751243830204,20.56905042392372],[75.88700461887532,20.591729229963907],[75.86861592444802,20.59739391559873],[75.8675249699428,20.61879694895435],[75.85428453298519,20.62110517411283],[75.85358382640234,20.612088213238128],[75.83715646326074,20.613741908304927],[75.84125247013922,20.5927302184238],[75.83203814035122,20.59061272673964],[75.83312614299244,20.575352206659847],[75.82784159402615,20.570860588135954],[75.84520010138394,20.56570209086189],[75.84305415552757,20.562893835191886],[75.82484036039114,20.55538532890415],[75.80460532083116,20.566834935628915],[75.79772908294554,20.561446379902435],[75.7867046047409,20.562421876100224],[75.79160679478967,20.57982479265025],[75.78786268585574,20.582582323936336],[75.77664221142582,20.5810453142471],[75.77441400414395,20.574550737326945],[75.75922522104806,20.574612710167134],[75.75830764139269,20.609636132906935],[75.75409649025771,20.612494648423517],[75.73082470755786,20.60701823696988],[75.72276324955436,20.61983489547696],[75.71308786304006,20.6131523301051],[75.69896447827789,20.61515557453231],[75.69536653422385,20.620644002202944],[75.70374017834813,20.658893420948537]]]},"properties":{"district_name":"Aurangabad","state_name":"MAHARASHTRA","district_lgd":469,"state_lgd":27,"dtcode11":"515"}},{"type":"Feature","id":707,"geometry":{"type":"Polygon","coordinates":[[[73.15281438739797,19.11317369773723],[73.13927791782504,19.12600745700359],[73.13022448169433,19.108480984492868],[73.12189600126925,19.11039667363789],[73.11777565723307,19.106165589956007],[73.11399542614325,19.110755484208028],[73.09923471992468,19.10553605792546],[73.09449877569566,19.11384711629613],[73.08041035785595,19.11078297960623],[73.07791381930711,19.113814154343693],[73.04823128234568,19.09842670184461],[73.04299494416405,19.0681761910856],[73.04886473565651,19.026764864994316],[73.04339251245767,19.007680190197817],[73.03293531316847,19.000540812519166],[72.99914723191516,18.986823013850586],[72.9474201483742,18.986798882928163],[72.90259063860518,18.979050050385403],[72.91425564435346,18.963901448921828],[72.9109817459786,18.941663978566403],[72.86687332826116,18.911175611838146],[72.8428929544652,18.863274957846297],[72.83223071381404,18.85816783475589],[72.868382638974,18.79963494309449],[72.86392998924958,18.787866018648533],[72.86769506755721,18.756758404246053],[72.8628899925772,18.742801692441102],[72.86501852998163,18.72293551531849],[72.85566875401173,18.699327403173132],[72.86592935071285,18.669951318808057],[72.86551360590776,18.651928367700364],[72.87127526988438,18.640364046881515],[72.88360573501875,18.63803615230369],[72.92371876705096,18.545712748691663],[72.93371729553927,18.540489636637425],[72.91384478548522,18.53068810794944],[72.90580956008465,18.54044425337201],[72.9114986680341,18.507526049337205],[72.9053952444992,18.502317193220982],[72.90172149521159,18.47558930908181],[72.89601406612194,18.472450843078537],[72.89498201055662,18.46332919902329],[72.90633458494403,18.439038800990964],[72.90639143213185,18.4033810125303],[72.91266948546303,18.39407963468111],[72.92208014834456,18.393960134003393],[72.92616304700644,18.386816019137278],[72.92641845151644,18.373345730545164],[72.91196370519545,18.36830333065065],[72.91445203134592,18.354708058838437],[72.9203448583372,18.347487833545653],[72.92416405654743,18.353541215527677],[72.93364146874612,18.35140935699729],[72.93519978884589,18.34416301736517],[72.94145281960485,18.344367347507184],[72.95318320024795,18.334984833842398],[72.96127406550058,18.319716866047752],[72.9556610574321,18.315917314278412],[72.96700869647533,18.31115681015493],[72.97013731570922,18.300049074264077],[72.98173423544718,18.29959047410889],[72.99285086013872,18.273698650440505],[72.99783154677361,18.285167846535398],[73.01582307625085,18.28546381618535],[73.023222259396,18.27829364334315],[73.02052059145035,18.27061439741572],[73.02867455167357,18.264258534278635],[73.05313866286018,18.270441985022984],[73.03693573211422,18.292789214696096],[73.0448252992847,18.313054791700523],[73.05880126961043,18.305745920373163],[73.07146620986438,18.308011937354937],[73.08808250218499,18.335849268340883],[73.09204999518062,18.32835950290964],[73.0959767900023,18.331005427842157],[73.09344871789206,18.336704463748738],[73.11300012245285,18.329513587887252],[73.1126840538134,18.3236553917346],[73.09160424215348,18.32597688563686],[73.08275286048635,18.311827745221585],[73.09540291924934,18.273392114899075],[73.09943491487566,18.271666315051352],[73.10270726635159,18.265415649785396],[73.09459854798102,18.271797669423318],[73.08240066699607,18.292509303542424],[73.05354605602805,18.30241306351739],[73.05040150427428,18.296964112060916],[73.05524702589997,18.293585587516638],[73.05130141586467,18.293001330381507],[73.0517170879062,18.28141306022184],[73.06788674235912,18.279153778631432],[73.072755064125,18.26345109480211],[73.07167241813785,18.259843683498097],[73.06606898072042,18.261791466969985],[73.0615185628521,18.252167079058566],[73.07810585755531,18.23732871429246],[73.08002116006415,18.222390798216857],[73.08729785432702,18.225174199647576],[73.09210633841356,18.21898167114513],[73.08064093832138,18.214931933384552],[73.08206111010688,18.21069449185461],[73.0775310130286,18.208994879412305],[73.07740170234008,18.188780169294997],[73.08322280514412,18.179188829400033],[73.08193628470659,18.171488676847957],[73.09432597846255,18.169343084136905],[73.10103681494479,18.157891219049326],[73.10516169098156,18.140359490319003],[73.09551969215144,18.140899215551492],[73.09239073515104,18.14609373977749],[73.08746341473221,18.14356899237147],[73.07828702439191,18.153198707109304],[73.07182797670065,18.150172905569395],[73.05400982386986,18.1829426447836],[73.05062897656886,18.18240523687543],[73.05218177921616,18.20097486657466],[73.06699298153347,18.206540193349184],[73.06776328868624,18.21248940026462],[73.04891886903383,18.222755927718108],[73.04806499969503,18.22244102563627],[73.0479599444175,18.22093256785292],[73.046745406882,18.219573676783476],[73.04759713643381,18.223277297880273],[73.02239197712159,18.240796528342372],[73.01797634068184,18.237953581191594],[73.01650132225669,18.244595638384613],[73.00086487541708,18.247910558026007],[72.97924900758609,18.239562626433763],[72.96938166816356,18.243335545777285],[72.97346706953182,18.246538768282967],[72.96822671408422,18.255803625384317],[72.97442096178592,18.262980181965663],[72.96400044969292,18.280372577876445],[72.95420248985475,18.27791842448327],[72.95069105086759,18.284020732375676],[72.94168431994514,18.285398797123136],[72.93547649780119,18.280785558736866],[72.94311915493103,18.24574872065559],[72.94207941338013,18.232941452180945],[72.93220635707912,18.218470815079353],[72.93856299233644,18.21566047621238],[72.94545122362939,18.223046090621555],[72.95655702182512,18.218412786643555],[72.98360296659675,18.194788100808495],[72.97842120466188,18.191793748189895],[72.98991158151222,18.157209950459517],[72.98104250752557,18.135891041444044],[72.97142902032424,18.131844042285632],[72.9724550661603,18.124392951101157],[72.97992391365567,18.107189325776645],[72.99022185781472,18.099145919537172],[72.99940778556835,18.07463051810319],[72.99078312520423,18.054079514679437],[72.99634959515107,18.04972249104671],[73.00195684861184,18.054407720914416],[73.0084314542255,18.05032051210242],[73.01946254223398,18.02957896769237],[73.00274415997463,18.020908784305856],[73.01683498889254,18.00707946584623],[73.02147691274898,17.994038569503683],[73.01874192000129,17.990491932610265],[73.03136992871728,17.98970858083706],[73.03447598406784,17.98026576344208],[73.08550614203496,17.989797672358787],[73.11438383072263,17.979613906785044],[73.13266350201381,18.013415930944785],[73.14854833662271,18.020485045555002],[73.15349449561137,18.03541993862358],[73.17528802505275,18.060197659892857],[73.19176806091103,18.05787761210833],[73.20477782128344,18.069345550327597],[73.21471748406951,18.0590861932542],[73.22652581961461,18.05654382822315],[73.25310692754921,18.061905350334865],[73.26285403196253,18.070427262512503],[73.27690212622579,18.06650460517825],[73.28726478052631,18.071309766097325],[73.29484173577457,18.058093681722827],[73.28990503604585,18.03608024768182],[73.3005246839761,18.024037333690853],[73.3057422716228,18.02175884454307],[73.31699744168397,18.027931169140253],[73.32784354411758,18.02503150154357],[73.33443458666342,18.0112124806108],[73.34568756303865,18.025849701563782],[73.3591309815212,18.006555087804138],[73.35732661106849,17.995020876172553],[73.34637558900297,17.986414172494094],[73.34148293546926,17.972186913287416],[73.3505593549965,17.958702068428575],[73.36105054384115,17.95509767015267],[73.3614929731017,17.93700100657904],[73.37389008424701,17.925298498953524],[73.37616184724374,17.91332699138612],[73.36778395408815,17.906454879229056],[73.37111452537768,17.887980833317435],[73.3916927923431,17.880386699401168],[73.40623620687423,17.883781463724702],[73.40836333931357,17.889527171584902],[73.42326150483859,17.89734105334317],[73.42619358795967,17.90936931958724],[73.43669734423511,17.90364438000579],[73.4384094289621,17.878813289559005],[73.44319807285724,17.870033450974663],[73.43843931231834,17.859637554289],[73.44516348429097,17.851353204248888],[73.45093701680914,17.85146870052956],[73.44982825679665,17.85583616343482],[73.46099941820907,17.867077329470888],[73.48921912598546,17.867096399173672],[73.49823049580802,17.85189419507925],[73.50614244719877,17.85129426198053],[73.52172856861954,17.864093164240547],[73.52247126066216,17.873000392435106],[73.53362411081581,17.88318686433162],[73.54130180403834,17.87115285908916],[73.5544462533129,17.864925958204964],[73.56994227371064,17.878793950954595],[73.5626521747871,17.89381320535902],[73.53660681579976,17.89122758151347],[73.53411423253314,17.897998547307882],[73.56357367379208,17.916734308271668],[73.57772429008376,17.9335513229715],[73.57907548922174,17.946070322679205],[73.58331136917987,17.947530499901703],[73.59058432375619,17.938754099525905],[73.59770867273004,17.93938782609348],[73.6385206551387,17.97145228943286],[73.63735053300583,17.98072942183279],[73.62724551552878,17.985818872779742],[73.62833611340285,17.98951203063568],[73.6390626599536,17.992353445405733],[73.6561513295697,18.01259334876087],[73.64893591657889,18.02264561244854],[73.65940931788258,18.031674308574644],[73.63846009970541,18.046360891270407],[73.62661467092558,18.046217961296687],[73.6119569844021,18.059197376702837],[73.6201398640893,18.076385107023974],[73.60227518750993,18.080992892794228],[73.60033090714667,18.084379430965534],[73.60929507858589,18.097646021502328],[73.59405444293522,18.108583666252645],[73.60828648881244,18.13125596740122],[73.60708166655674,18.140466779030003],[73.61009480646253,18.13402259140219],[73.60300825140934,18.11782067719688],[73.61428511937787,18.125015616165705],[73.6280723536624,18.12324684053782],[73.61949624813768,18.127422994359076],[73.63376543036875,18.146502409961922],[73.64369357495622,18.14162434986412],[73.65055818684543,18.153352376124523],[73.64752741750222,18.159009925606032],[73.66146393651559,18.156702786129497],[73.66034375442428,18.151921845050687],[73.6662572435654,18.159545100897866],[73.65310388030828,18.17322209015881],[73.6317727173369,18.17463234090592],[73.597649280615,18.190081255020896],[73.59380291196071,18.1774614420649],[73.58169195106434,18.178645631876382],[73.56694311698057,18.18783930358086],[73.5587713000461,18.213747015592574],[73.55663043236606,18.196325083525142],[73.54088711565204,18.207679862504186],[73.53734031178881,18.18912971653377],[73.5203514126614,18.18719588574157],[73.53491297046634,18.20475062534386],[73.53255361993277,18.211693380075992],[73.5207196743172,18.210834094429092],[73.53524934013289,18.221373227596416],[73.53628299469939,18.226822780383646],[73.52383884057933,18.231918854672482],[73.53000871159746,18.23177617182514],[73.53683294780794,18.243421729617324],[73.5266721835793,18.249864227111456],[73.52547865045177,18.246130541596592],[73.51600420898173,18.246026239927556],[73.51454687389291,18.25334956736888],[73.50488585143998,18.255828438670665],[73.51423358464095,18.271937361127897],[73.50399842912701,18.271932372658277],[73.50010816788962,18.281846778638172],[73.49375133949455,18.275296028139316],[73.48826775530233,18.279090373612544],[73.47759274959103,18.267393884126626],[73.47579718352637,18.300148382246892],[73.45525219824388,18.29694826776731],[73.44574440861554,18.307997670980452],[73.43761678070818,18.308347296599123],[73.42743718779126,18.299990018064246],[73.41752333989149,18.308932134787728],[73.42437767505388,18.317095423739836],[73.41960013164068,18.319746941259655],[73.42172282101265,18.329671547298744],[73.44178015494481,18.358284991211292],[73.42314323534325,18.37331494769099],[73.42463211297662,18.38738025735753],[73.41972243996155,18.4035347166392],[73.41175759486856,18.406238067564914],[73.4090838618333,18.398791137075154],[73.39884463245959,18.40077506495526],[73.39970753435855,18.420347206611474],[73.39335522808263,18.444408272128967],[73.40186033975043,18.444243538254792],[73.40014966358183,18.46286979743075],[73.40417914572195,18.465008558258404],[73.40023357700915,18.47601455094343],[73.40922030514517,18.474564543278614],[73.40322368770431,18.485742290539793],[73.40795181569206,18.49994211751258],[73.40206511790596,18.500375471994634],[73.39631544194681,18.490431245808754],[73.38840688259457,18.49172805731462],[73.38966836429016,18.483496438518024],[73.38294997746797,18.484063617399634],[73.38305672427316,18.474544999640713],[73.37655063450543,18.479267616036875],[73.37281398518161,18.46446506866514],[73.36496185889384,18.469665074068203],[73.3603482463419,18.484348928396926],[73.36987481884456,18.479124912491017],[73.37893277529776,18.481535629080824],[73.37448546965102,18.492884910125007],[73.38081569713388,18.49110810495973],[73.39689180282973,18.505041177031103],[73.3847695429237,18.503372579893405],[73.35553894748341,18.532982122789782],[73.34258246798713,18.531214236826933],[73.3455162156864,18.5481828712294],[73.35883850713269,18.557872042724338],[73.33401633735532,18.55012241448447],[73.32284797958492,18.55774345964437],[73.32332138545144,18.57127089570207],[73.33173581039466,18.58260013225117],[73.32865042168555,18.593149994095032],[73.33464501342544,18.595800851984468],[73.33415075227128,18.608668318273452],[73.34194279923285,18.603753290430294],[73.36128226426867,18.636748631748183],[73.38873929877556,18.654578367173684],[73.38326674769165,18.6836570824541],[73.38768955268736,18.68932624056997],[73.37447855082668,18.70936101585692],[73.37047182211438,18.703213293868803],[73.36091525935596,18.701186902944997],[73.36178327805881,18.710542011216607],[73.35285447419065,18.708915516348043],[73.34377010277649,18.696055841648285],[73.34032436926417,18.699154726332697],[73.33561280980352,18.695288208050922],[73.33146663381304,18.701363854268568],[73.34804602693502,18.711316205348613],[73.34381163189208,18.71634561697581],[73.35511577181428,18.72147087148564],[73.35841231761582,18.755536785905225],[73.3496146614909,18.756268843054748],[73.36225543886037,18.770259613334357],[73.36820051815677,18.794929367782498],[73.37307577850994,18.787812316924896],[73.37846820885366,18.79295636168746],[73.38167253270977,18.806975255635273],[73.37861486511198,18.817996561314914],[73.38465961159085,18.818778585003166],[73.38875464200062,18.853219442868784],[73.40138388859508,18.84266258473909],[73.41159920032439,18.85758342051946],[73.4247296763047,18.860742013655855],[73.43681815506443,18.88162351839889],[73.43463304535662,18.899209533715403],[73.44057993835156,18.899318681261537],[73.43069728894167,18.915652096232876],[73.43652657809288,18.915483353232805],[73.44163151520632,18.929140835968102],[73.44724232150404,18.923834924142238],[73.458161037457,18.929602455478708],[73.45538903322122,18.944930540366542],[73.45700488412675,18.949861288700706],[73.46064519542456,18.948654044230626],[73.45769299632936,18.953360117617034],[73.46123325506741,18.965732321911],[73.47927119061394,18.966548442978894],[73.48041053377027,18.980018153119875],[73.50965402901805,18.965593298329598],[73.51468283480948,18.971735481557307],[73.5110709129696,18.9730883937316],[73.51758111971628,18.979712392544183],[73.52176366849262,18.977088029009817],[73.52580552672245,18.987217958439203],[73.53412773241521,18.990763945458735],[73.5339292388734,18.99767060932855],[73.54091010893008,18.997339809802007],[73.55381066021506,19.01299008745223],[73.5471968759195,19.011209029213926],[73.5382711155435,19.01631199554446],[73.54306809939776,19.02343041001239],[73.53299799494425,19.030422070150863],[73.54015956740848,19.047588622373297],[73.51470934678845,19.045692797604172],[73.5174870939538,19.057462170989037],[73.52596663417876,19.05422019969557],[73.52099192762866,19.074548530691608],[73.52772998845391,19.084463476087787],[73.5146885139587,19.08287436585685],[73.51147422509112,19.095069907674354],[73.51853847587415,19.09883603160424],[73.52537661800518,19.129402408410186],[73.4898642564966,19.129805693363945],[73.48510399487286,19.123713151303647],[73.47514712216258,19.13453872385296],[73.46637614689992,19.136109152262186],[73.45736368382765,19.131207999994846],[73.44267349266394,19.132782380193497],[73.42963306740097,19.125620329397417],[73.40372156996736,19.133609907972716],[73.37296523722094,19.126626044001075],[73.35391260874694,19.13053029832102],[73.32588045213393,19.119268865694494],[73.3156636581844,19.10684986893483],[73.30728327220392,19.106267294238474],[73.32081692106686,19.087420289103626],[73.3187785664321,19.079740279846853],[73.30475114779343,19.07785625326672],[73.29715554890974,19.071706863769595],[73.2979127244897,19.082936525105904],[73.27951039722964,19.08612598937666],[73.26436945840581,19.07192187128201],[73.26479835275,19.066068611055783],[73.2510361868518,19.06107398148466],[73.23591702588541,19.070493387063937],[73.22859359407497,19.086072353768184],[73.21404437552877,19.097657943752687],[73.19533584582605,19.126539290666997],[73.17553458744538,19.10876227507551],[73.15281438739797,19.11317369773723]]]},"properties":{"district_name":"Raigarh","state_name":"MAHARASHTRA","district_lgd":491,"state_lgd":27,"dtcode11":"520"}},{"type":"Feature","id":719,"geometry":{"type":"Polygon","coordinates":[[[72.83324020639436,19.049291882967708],[72.86694391607955,19.052920691250794],[72.87929810841551,19.04755797130384],[72.8815487627997,19.036401753268276],[72.87745736338029,19.024749010227023],[72.88579706466157,19.01199025167842],[72.87991370142184,18.990694767755084],[72.88655252445933,18.980537625408726],[72.90240043561509,18.978823576136723],[72.95608893308676,18.98736263737717],[72.97678243144529,19.03859081847339],[72.9666318316541,19.068250489262944],[72.96607261601667,19.09386900956183],[72.9800759175849,19.154824512013423],[72.96682845580179,19.177045241729928],[72.93491901321732,19.191534790990552],[72.9349286153094,19.205138504107687],[72.91995032814586,19.21686935369297],[72.91562363659735,19.23079671320456],[72.90587628245238,19.238440183890436],[72.90492870445641,19.247515581235778],[72.88842090706257,19.250837078055888],[72.86020445208584,19.268695521258245],[72.8391771757004,19.26596762322836],[72.83719666448505,19.252798598509088],[72.82369482766124,19.245055461028283],[72.80016421787015,19.261835771406645],[72.78425607826782,19.263759018147915],[72.77600742034225,19.22262833396311],[72.78187166743275,19.215709360714026],[72.7800054165317,19.206739086758365],[72.78626795056802,19.203749740403975],[72.78244127927294,19.19289789745113],[72.79660205910375,19.194528765737108],[72.79513841065514,19.17229319672644],[72.78162425253892,19.16606740235575],[72.78165700780912,19.158325795631956],[72.7892465197084,19.15037617323898],[72.78655326358708,19.129724707831677],[72.79492148009044,19.131483892356602],[72.79425122370077,19.14075989240907],[72.80083257522132,19.142383307867515],[72.81958550595361,19.120792604954612],[72.82708430148395,19.091972538361723],[72.82125639394164,19.077004112200843],[72.82389939291603,19.054966797656185],[72.81732041833773,19.043333688269232],[72.82242102467319,19.040498303595747],[72.83324020639436,19.049291882967708]]]},"properties":{"district_name":"Mumbai Suburban","state_name":"MAHARASHTRA","district_lgd":483,"state_lgd":27,"dtcode11":"518"}}]}